level,area,macro_id,source_file,node_id,size,current_label,current_short_label,suggested_label,suggested_short_label,suggestion_rule,issue_flags,dominant_area_share,interdisciplinarity,programs_top,sample_titles
macro,Area 1,Area1_M02,macro,Area1_M02,23941,"Ingeniería, Energía e Infraestructura Industrial","Ingeniería, Energía e Infraestruc...","Ingeniería, Energía e Infraestructura Industrial","Ingeniería, Energía e Infraestruc...",current_clean,short_long,0.6759,0.3241,Ingeniería Civil,
macro,Area 1,Area1_M00,macro,Area1_M00,21756,"Arquitectura, Territorio y Ciudad","Arquitectura, Territorio y Ciudad","Arquitectura, Territorio y Ciudad","Arquitectura, Territorio y Ciudad",current_clean,,0.5456,0.4544,Arquitectura,
macro,Area 1,Area1_M11,macro,Area1_M11,19172,"Biología, Ambiente y Ciencias Naturales","Biología, Ambiente y Ciencias NAT...","Biología, Ambiente y Ciencias Naturales","Biología, Ambiente y Ciencias Nat...",current_clean,short_long,0.4908,0.5092,Biología,
macro,Area 1,Area1_M01,macro,Area1_M01,9005,"Ingeniería Civil, Geociencias y Territorio","Ingeniería Civil, Geociencias y T...","Ingeniería Civil, Geociencias y Territorio","Ingeniería Civil, Geociencias y T...",current_clean,short_long,0.8331,0.1669,Ingeniería Civil,
macro,Area 1,Area1_M03,macro,Area1_M03,5989,"Física, Energía y Ciencias Básicas","Física, Energía y Ciencias Básicas","Física, Energía y Ciencias Básicas","Física, Energía y Ciencias Básicas",current_clean,,0.7722,0.2278,Física,
macro,Area 1,Area1_M07,macro,Area1_M07,5549,"Computación, Información y Sistemas","Computación, Información y Sistem...","Computación, Información y Sistemas","Computación, Información y Sistem...",current_clean,short_long,0.523,0.477,Ingeniería en Computación,
macro,Area 1,Area1_M08,macro,Area1_M08,5227,"Ingeniería, Gestión y Proyectos Aplicados","Ingeniería, Gestión y Proyectos A...","Ingeniería, Gestión y Proyectos Aplicados","Ingeniería, Gestión y Proyectos A...",current_clean,short_long,0.5324,0.4676,Derecho,
macro,Area 1,Area1_M09,macro,Area1_M09,3325,"Matemáticas, Física y Modelación","Matemáticas, Física y Modelación","Matemáticas, Física y Modelación","Matemáticas, Física y Modelación",current_clean,,0.7715,0.2285,Matemáticas,
macro,Area 1,Area1_M10,macro,Area1_M10,1891,"Arquitectura, Comunicación y Diseño Aplicado","Arquitectura, Comunicación y Dise...","Arquitectura, Comunicación y Diseño Aplicado","Arquitectura, Comunicación y Dise...",current_clean,short_long,0.4783,0.5217,Arquitectura,
macro,Area 1,Area1_M04,macro,Area1_M04,1653,"Tierra, Geografía y Relaciones Territoriales","Tierra, Geografía y Relaciones TE...","Tierra, Geografía y Relaciones Territoriales","Tierra, Geografía y Relaciones Te...",current_clean,short_long,0.5124,0.4875,Ciencias de la Tierra,
macro,Area 1,Area1_M05,macro,Area1_M05,1076,"Actuaría, Riesgo y Administración Cuantitativa","Actuaría, Riesgo y Administración...","Actuaría, Riesgo y Administración Cuantitativa","Actuaría, Riesgo y Administración...",current_clean,short_long,0.5646,0.4354,Actuaría,
macro,Area 1,Area1_M06,macro,Area1_M06,218,Arquitectura y Diseño,Arquitectura y Diseño,Arquitectura y Diseño,Arquitectura y Diseño,current_clean,,0.9784,0.0216,Arquitectura,
macro,Area 2,Area2_M02,macro,Area2_M02,88410,"Medicina Clínica, Cirugía y Especialidades","Medicina Clínica, Cirugía y Espec...","Medicina Clínica, Cirugía y Especialidades","Medicina Clínica, Cirugía y Espec...",current_clean,short_long,0.8959,0.1041,Cardiologia,
macro,Area 2,Area2_M00,macro,Area2_M00,29410,"Química, Ingeniería Química y Procesos","Química, Ingeniería Química y PRO...","Química, Ingeniería Química y Procesos","Química, Ingeniería Química y Pro...",current_clean,short_long,0.5959,0.4041,Ingeniería Química,
macro,Area 2,Area2_M13,macro,Area2_M13,17152,"Veterinaria, Producción Animal y Biología Aplicada","Veterinaria, Producción Animal y...","Veterinaria, Producción Animal y Biología Aplicada","Veterinaria, Producción Animal y...",current_clean,short_long,0.827,0.173,Medicina Veterinaria y Zootecnia,
macro,Area 2,Area2_M05,macro,Area2_M05,13447,"Biomedicina, QFB e Infectología","Biomedicina, QFB e Infectología","Biomedicina, QFB e Infectología","Biomedicina, QFB e Infectología",current_clean,,0.8749,0.1252,Medicina Veterinaria y Zootecnia,
macro,Area 2,Area2_M04,macro,Area2_M04,8909,"Psicología Clínica, Salud Familiar y Psiquiatría","Psicología Clínica, Salud Familia...","Psicología Clínica, Salud Familiar y Psiquiatría","Psicología Clínica, Salud Familia...",current_clean,short_long,0.7098,0.2902,Medicina Familiar,
macro,Area 2,Area2_M06,macro,Area2_M06,8051,"Oncología, Urología y Patología Clínica","Oncología, Urología y Patología C...","Oncología, Urología y Patología Clínica","Oncología, Urología y Patología C...",current_clean,short_long,0.9283,0.0717,Cirujano Dentista,
macro,Area 2,Area2_M08,macro,Area2_M08,7944,"Ginecología, Obstetricia y Neonatología","Ginecología, Obstetricia y Neonat...","Ginecología, Obstetricia y Neonatología","Ginecología, Obstetricia y Neonat...",current_clean,short_long,0.9206,0.0794,Ginecologia y Obstetricia,
macro,Area 2,Area2_M01,macro,Area2_M01,6461,"Biomedicina, Neurociencias y Ciencias Biológicas","Biomedicina, Neurociencias y Cien...","Biomedicina, Neurociencias y Ciencias Biológicas","Biomedicina, Neurociencias y Cien...",current_clean,short_long,0.7694,0.2306,Biología,
macro,Area 2,Area2_M07,macro,Area2_M07,5222,"Medicina Familiar, Interna y Urgencias","Medicina Familiar, Interna y Urge...","Medicina Familiar, Interna y Urgencias","Medicina Familiar, Interna y Urge...",current_clean,short_long,0.9334,0.0666,Medicina Familiar,
macro,Area 2,Area2_M11,macro,Area2_M11,4367,"Bioquímica, Alimentos y Biotecnología","Bioquímica, Alimentos y Biotecnol...","Bioquímica, Alimentos y Biotecnología","Bioquímica, Alimentos y Biotecnol...",current_clean,short_long,0.6129,0.3871,Biología,
macro,Area 2,Area2_M14,macro,Area2_M14,2724,"Psicología, Salud y Práctica Clínica","Psicología, Salud y Práctica Clín...","Psicología, Salud y Práctica Clínica","Psicología, Salud y Práctica Clín...",current_clean,short_long,0.5658,0.4342,Psicología,
macro,Area 2,Area2_M10,macro,Area2_M10,1429,"Cirugía, Endocrinología e Imagenología","Cirugía, Endocrinología e Imageno...","Cirugía, Endocrinología e Imagenología","Cirugía, Endocrinología e Imageno...",current_clean,short_long,0.9803,0.0197,Cirugía General,
macro,Area 2,Area2_M12,macro,Area2_M12,1340,Reumatología e Inmunología Clínica,Reumatología e Inmunología Clínica,Reumatología e Inmunología Clínica,Reumatología e Inmunología Clínica,current_clean,,0.9715,0.0285,Reumatologia,
macro,Area 2,Area2_M03,macro,Area2_M03,1331,"Medicina General, Neumología e Infectología","Medicina General, Neumología e IN...","Medicina General, Neumología e Infectología","Medicina General, Neumología e In...",current_clean,short_long,0.8948,0.1052,Medico Cirujano,
macro,Area 2,Area2_M09,macro,Area2_M09,969,"Salud Materna, Dental y Medicina Familiar","Salud Materna, Dental y Medicina...","Salud Materna, Dental y Medicina Familiar","Salud Materna, Dental y Medicina...",current_clean,short_long,0.7855,0.2145,Ginecologia y Obstetricia,
macro,Area 3,Area3_M01,macro,Area3_M01,45469,"Derecho, Administración Pública y Ciencias Sociales","Derecho, Administración Pública y...","Derecho, Administración Pública y Ciencias Sociales","Derecho, Administración Pública y...",current_clean,short_long,0.8859,0.1142,Derecho,
macro,Area 3,Area3_M04,macro,Area3_M04,37273,"Economía, Política y Relaciones Internacionales","Economía, Política y Relaciones I...","Economía, Política y Relaciones Internacionales","Economía, Política y Relaciones I...",current_clean,short_long,0.768,0.232,Economía,
macro,Area 3,Area3_M03,macro,Area3_M03,25716,"Administración, Ingeniería Aplicada y Organizaciones","Administración, Ingeniería Aplica...","Administración, Ingeniería Aplicada y Organizaciones","Administración, Ingeniería Aplica...",current_clean,short_long,0.5539,0.4461,Administración,
macro,Area 3,Area3_M02,macro,Area3_M02,23952,"Psicología, Pedagogía y Trabajo Social","Psicología, Pedagogía y Trabajo S...","Psicología, Pedagogía y Trabajo Social","Psicología, Pedagogía y Trabajo S...",current_clean,short_long,0.508,0.492,Psicología,
macro,Area 3,Area3_M06,macro,Area3_M06,13975,"Contaduría, Finanzas y Gestión Fiscal","Contaduría, Finanzas y Gestión FI...","Contaduría, Finanzas y Gestión Fiscal","Contaduría, Finanzas y Gestión Fi...",current_clean,short_long,0.8939,0.1061,Contaduría,
macro,Area 3,Area3_M00,macro,Area3_M00,12770,"Derecho, Psicología Social y Comunicación","Derecho, Psicología Social y Comu...","Derecho, Psicología Social y Comunicación","Derecho, Psicología Social y Comu...",current_clean,short_long,0.6567,0.3433,Psicología,
macro,Area 3,Area3_M07,macro,Area3_M07,3920,"Derecho, Regulación y Ciencias Químico-sociales","Derecho, Regulación y Ciencias QU...","Derecho, Regulación y Ciencias Químico-sociales","Derecho, Regulación y Ciencias Qu...",current_clean,short_long,0.5148,0.4852,Derecho,
macro,Area 3,Area3_M08,macro,Area3_M08,827,Relaciones Internacionales y Estudios Globales,Relaciones Internacionales y Estu...,Relaciones Internacionales y Estudios Globales,Relaciones Internacionales y Estu...,current_clean,short_long,0.7328,0.2672,Relaciones Internacionales,
macro,Area 3,Area3_M09,macro,Area3_M09,232,Derecho y Práctica Jurídica,Derecho y Práctica Jurídica,Derecho y Práctica Jurídica,Derecho y Práctica Jurídica,current_clean,,0.9172,0.0828,Derecho,
macro,Area 3,Area3_M05,macro,Area3_M05,151,"Economía, Administración e Industria","Economía, Administración e Indust...","Economía, Administración e Industria","Economía, Administración e Indust...",current_clean,short_long,0.735,0.265,Economía,
macro,Area 4,Area4_M00,macro,Area4_M00,11291,"Filosofía, Letras, Historia y Humanidades","Filosofía, Letras, Historia y HUM...","Filosofía, Letras, Historia y Humanidades","Filosofía, Letras, Historia y Hum...",current_clean,short_long,0.6543,0.3457,Filosofia,
macro,Area 4,Area4_M01,macro,Area4_M01,5649,"Artes Visuales, Diseño y Comunicación Gráfica","Artes Visuales, Diseño y Comunica...","Artes Visuales, Diseño y Comunicación Gráfica","Artes Visuales, Diseño y Comunica...",current_clean,short_long,0.5832,0.4168,Artes Visuales,
macro,Area 4,Area4_M02,macro,Area4_M02,4675,"Comunicación, Periodismo y Cultura Mediática","Comunicación, Periodismo y Cultur...","Comunicación, Periodismo y Cultura Mediática","Comunicación, Periodismo y Cultur...",current_clean,short_long;low_area_purity,0.3898,0.6102,Ciencias de la Comunicación,
macro,Area 4,Area4_M03,macro,Area4_M03,4480,"Educación, Lengua y Comunicación","Educación, Lengua y Comunicación","Educación, Lengua y Comunicación","Educación, Lengua y Comunicación",current_clean,,0.4164,0.5836,Psicología,
macro,Area 4,Area4_M04,macro,Area4_M04,2993,"Letras, Historia, Bibliotecología y Memoria","Letras, Historia, Bibliotecología...","Letras, Historia, Bibliotecología y Memoria","Letras, Historia, Bibliotecología...",current_clean,short_long,0.6273,0.3727,Lengua y Literaturas Hispanicas,
macro,Area 4,Area4_M05,macro,Area4_M05,371,"Artes, Diseño y Humanidades Aplicadas","Artes, Diseño y Humanidades Aplic...","Artes, Diseño y Humanidades Aplicadas","Artes, Diseño y Humanidades Aplic...",current_clean,short_long,0.4683,0.5317,Arquitectura,
meso,Area 1,Area1_M00,Area1_M00.json,C10,8109,Municipio Mexicano - Arquitectura,Municipio Mexicano - Arquitectura,Municipio Mexicano - Arquitectura,Municipio Mexicano - Arquitectura,current_clean,,0.5207,0.0,Arquitectura,"El Problema de la Habitacion en México | Contribucion AL Conocimiento de la Avifauna de Bejucos, Municipio de Tejupilco,... | Edificio de Estacionamiento en la Ciudad de México"
meso,Area 1,Area1_M00,Area1_M00.json,C16,6964,Urbano Arquitectónico - Arquitectura,Urbano Arquitectónico - Arquitect...,Urbano Arquitectónico - Arquitectura,Urbano Arquitectónico - Arquitect...,current_clean,short_long,0.588,0.0,Arquitectura,Programas de Vivienda para Santiago Acahualtepec | Conjunto Habitacional | Centro de Investigaciones en Arquitectura y Urbanismo
meso,Area 1,Area1_M00,Area1_M00.json,C73,2634,Centro Cultural - Arquitectura,Centro Cultural - Arquitectura,Centro Cultural - Arquitectura,Centro Cultural - Arquitectura,current_clean,,0.4286,0.0,Arquitectura,"Centro Cultural Pizzica en Melpignano, Italia | Centro Cultural Iztapalapa | Museo Universitario Contemporaneo de Arte"
meso,Area 1,Area1_M00,Area1_M00.json,C79,2464,Organización Territorial - Arquitectura,Organización Territorial - Arquit...,Organización Territorial - Arquitectura,Organización Territorial - Arquit...,current_clean,short_long,0.4375,0.0,Arquitectura,Ampliacion Centro Vacacional Oaxtepec | Ampliacion Centro Vacacional Oaxtepec MOR | Condicion Jurídica del Turista en México
meso,Area 1,Area1_M00,Area1_M00.json,C107,1088,Ciudad Guanajuato - Arquitectura,Ciudad Guanajuato - Arquitectura,Ciudad Guanajuato - Arquitectura,Ciudad Guanajuato - Arquitectura,current_clean,,0.4945,0.0,Arquitectura,"Centro Comercial en Tijuana, Baja California | Palacio Municipal en Uruapan, Michoacan | Palacio Federal en Manzanillo, COL"
meso,Area 1,Area1_M00,Area1_M00.json,C126,497,Quintana Roo - Arquitectura,Quintana Roo - Arquitectura,Quintana Roo - Arquitectura,Quintana Roo - Arquitectura,current_clean,,1.0,0.0,Arquitectura,Hotel de Playa | Motel en Carretera | Hotel de Cinco Estrellas
meso,Area 1,Area1_M01,Area1_M01.json,C38,4226,Geológico Área - Ingeniería Civil,Geológico Área - Ingeniería Civil,Geológico Área - Ingeniería Civil,Geológico Área - Ingeniería Civil,current_clean,,0.7745,0.0,Ingeniería Civil,Instrumentacion en Tuneles | Sistemas de Informacion Geografica | Pavimentos Asfalticos
meso,Area 1,Area1_M01,Area1_M01.json,C50,3785,Estructura Concreto - Ingeniería Civil,Estructura Concreto - Ingeniería...,Estructura Concreto - Ingeniería Civil,Estructura Concreto - Ingeniería...,current_clean,short_long,0.8634,0.0,Ingeniería Civil,Calculo de UNA Estructura de Concreto Armado | Calculo de la Estructura de UN Edificio | Desarrollo de Herramientas de Análisis Estructural para SU USO Desde la Internet
meso,Area 1,Area1_M01,Area1_M01.json,C112,994,Puente Definitivo Camino - Ingeniería Civil,Puente Definitivo Camino - Ingeni...,Puente Definitivo Camino - Ingeniería Civil,Puente Definitivo Camino - Ingeni...,current_clean,short_long,0.9034,0.0,Ingeniería Civil,Proyecto de Puente Carretero Sobre el RIO Champoton | Puentes Maryland | Puentes Removibles
meso,Area 1,Area1_M02,Area1_M02.json,C9,8245,Abastecimiento Agua - Ingeniería Civil,Abastecimiento Agua - Ingeniería...,Abastecimiento Agua - Ingeniería Civil,Abastecimiento Agua - Ingeniería...,current_clean,short_long,0.713,0.0,Ingeniería Civil,"Abastecimiento de Agua Potable en Sola de Vega, Oaxaca | La Laguna Centro Social y Cultural | Seleccion de Instrumentos para la Medicion de Flujo"
meso,Area 1,Area1_M02,Area1_M02.json,C17,6877,Gas Licuado Petróleo - Ingeniería Química,Gas Licuado Petróleo - Ingeniería...,Gas Licuado Petróleo - Ingeniería Química,Gas Licuado Petróleo - Ingeniería...,current_clean,short_long,0.6411,0.0,Ingeniería Química,Estimacion Automatizada de la Recuperacion de Aceite por Medio de Inyeccion de... | Hornos para Ladrillos : Estudio Previo A la Elaboracion de Disenos para SU Cons... | Calculo del Volumen Original de Hidrocarburos por el Metodo de Isohidrocarburos
meso,Area 1,Area1_M02,Area1_M02.json,C32,4672,Ingeniería Mecánica Eléctrica,Ingeniería Mecánica Eléctrica,Ingeniería Mecánica Eléctrica,Ingeniería Mecánica Eléctrica,current_clean,,0.7652,0.0,Ingeniería Mecánica Eléctrica,Estudio del Corto Circuito | Estudio de UNA Posible Distribucion y Readaptacion Modular del Laboratorio de C... | Finanzas Corporativas : Optimización de Inventarios para Incrementar la Rentabi...
meso,Area 1,Area1_M02,Area1_M02.json,C40,4147,Fabrica Productos Quimicos - Ingeniería Química,Fabrica Productos Quimicos - Inge...,Fabrica Productos Quimicos - Ingeniería Química,Fabrica Productos Quimicos - Inge...,current_clean,short_long,0.5223,0.0,Ingeniería Química,"Auditoria de Inmuebles, Maquinaria y Equipo | Reestructuracion de la COL. SAN Lorenzo la Cebada, Xochimilco | Organización Administrativa y Contable de UNA Fabrica de Papel"
meso,Area 1,Area1_M03,Area1_M03.json,C70,2752,Centro Divulgacion - Física,Centro Divulgacion - Física,Centro Divulgacion - Física,Centro Divulgacion - Física,current_clean,,0.8223,0.0,Física,Coronas Telescopicas | Modelos Numéricos de Chorros Astrofísicos Variables | Centro de Divulgacion de Estudios Astronomicos : Centro Cultural Universitario
meso,Area 1,Area1_M03,Area1_M03.json,C95,1647,Trampa Magneto Óptica - Física,Trampa Magneto Óptica - Física,Trampa Magneto Óptica - Física,Trampa Magneto Óptica - Física,current_clean,,0.7614,0.0,Física,"Aplicacion del Rayo Laser en Odontología | Laser en Operatoria Dental | Síntesis, Caracterización Estructural y Propiedades Magnéticas de Manganitas LA2"
meso,Area 1,Area1_M03,Area1_M03.json,C96,1590,Reactores Nucleares - Física,Reactores Nucleares - Física,Reactores Nucleares - Física,Reactores Nucleares - Física,current_clean,,0.6314,0.0,Física,Higiene de las Radiaciones | Métodos Matematicos Aplicados AL Análisis y Simulacion de Reactores Quimicos | Utilizacion de la Energía Nuclear en México para la Produccion de Energía Eléct...
meso,Area 1,Area1_M04,Area1_M04.json,C94,1653,Ciencias de la Tierra,Ciencias de la Tierra,Ciencias de la Tierra,Ciencias de la Tierra,current_clean,,0.4864,0.0,Ciencias de la Tierra,"Proyecto Electrico de la Subestacion de la Planta de Etileno de la Cangrejera,... | Instrumentacion en Meteorologia | Proyecto Electrico de la Subestacion de la Planta de Etileno de la Cangrejera V..."
meso,Area 1,Area1_M05,Area1_M05.json,C108,1076,Actuaría,Actuaría,Actuaría,Actuaría,current_clean,,0.5177,0.0,Actuaría,Guía Basica de Administración de Riesgos para las Micro y Pequeñas Empresas de... | El Riesgo en el Contrato de Seguro | El Contrato de Seguro Contra la Responsabilidad Civil
meso,Area 1,Area1_M06,Area1_M06.json,C144,218,Estacion Bomberos - Arquitectura,Estacion Bomberos - Arquitectura,Estacion Bomberos - Arquitectura,Estacion Bomberos - Arquitectura,current_clean,,0.9817,0.0,Arquitectura,Central de Bomberos en Culiacan Sinaloa | Estación de Bomberos Milpa Alta | Central de Bomberos
meso,Area 1,Area1_M07,Area1_M07.json,C23,5549,Ingeniería en Computación,Ingeniería en Computación,Ingeniería en Computación,Ingeniería en Computación,current_clean,,0.4732,0.0,Ingeniería en Computación,Diseno de UNA RED para la Comunicación de VOZ y Datos Entre las Ciudades de Méx... | Los Contratos Aleatorios | Naturaleza Jurídica de la Loteria Nacional para la Asistencia Pública
meso,Area 1,Area1_M08,Area1_M08.json,C60,3273,Empresa Autotransportes - Derecho,Empresa Autotransportes - Derecho,Empresa Autotransportes - Derecho,Empresa Autotransportes - Derecho,current_clean,,0.4494,0.0,Derecho,Sistemas de Transporte | Ingeniería de Transito | Programa Sobre las Medidas en la Prevencion de Accidentes para Empresas Medianas
meso,Area 1,Area1_M08,Area1_M08.json,C90,1954,Aeropuerto Internacional - Ingeniería Civil,Aeropuerto Internacional - Ingeni...,Aeropuerto Internacional - Ingeniería Civil,Aeropuerto Internacional - Ingeni...,current_clean,short_long,0.6059,0.0,Ingeniería Civil,Aeropuerto Internacional Ciudad de México | El Apoderamiento Ilicito de Aeronaves Como Estrategia Política | Desviación Vertical Disociada
meso,Area 1,Area1_M09,Area1_M09.json,C58,3325,Matemáticas,Matemáticas,Matemáticas,Matemáticas,current_clean,,0.7347,0.0,Matemáticas,El Teorema Principal de Zariski | Propuesta Metodologica para la Educación Química en el Nivel Medio Superior Mod... | Plaza de Toros Cubierta en la Ciudad de Toluca
meso,Area 1,Area1_M10,Area1_M10.json,C91,1891,Cultural Deportivo - Arquitectura,Cultural Deportivo - Arquitectura,Cultural Deportivo - Arquitectura,Cultural Deportivo - Arquitectura,current_clean,,0.4368,0.0,Arquitectura,Centro Cultural y Deportivo | Club Deportivo | Club Deportivo y Cultural en el D.F
meso,Area 1,Area1_M11,Area1_M11.json,C0,19172,Distribucion Abundancia - Biología,Distribucion Abundancia - Biología,Distribucion Abundancia - Biología,Distribucion Abundancia - Biología,current_clean,,0.4796,0.0,Biología,Naturaleza e Historia del Seguro Maritimo Internacional | Diques para la Construccion y Reparacion de Buques | El Habitat del Manana
meso,Area 2,Area2_M00,Area2_M00.json,C3,11642,Sintesis Caracterizacion - Ingeniería Química,Sintesis Caracterizacion - Ingeni...,Sintesis Caracterizacion - Ingeniería Química,Sintesis Caracterizacion - Ingeni...,current_clean,short_long,0.6924,0.0,Ingeniería Química,Simulación de UN Reactor de Oxicloración de Etileno | Estudio Tecnico Economico para la Instalacion de UNA Planta Productora de Propi... | Análisis Economico y Planeacion de UNA Planta Productora de Nitrogeno
meso,Area 2,Area2_M00,Area2_M00.json,C46,3927,Tecnico Economico - Ingeniería Química,Tecnico Economico - Ingeniería QU...,Tecnico Economico - Ingeniería Química,Tecnico Economico - Ingeniería Qu...,current_clean,short_long,0.4708,0.0,Ingeniería Química,Clarificacion y Encalado de los Jugos de Cana | Determinación de Metales en Jugos Naturales y Enlatados por Absorcion Atomica | Proyecto y Evaluación Economica de UNA Fabrica de Dulces
meso,Area 2,Area2_M00,Area2_M00.json,C51,3747,Ingeniería Química Metalurgica,Ingeniería Química Metalurgica,Ingeniería Química Metalurgica,Ingeniería Química Metalurgica,current_clean,,0.4182,0.0,Ingeniería Química Metalurgica,Generalidades en Amalgama de Plata | Protesis Fija en Porcelana | Proposición del Metal Pulverizado y Compactado Como Sustituto de la Laminación...
meso,Area 2,Area2_M00,Area2_M00.json,C57,3341,Pasos Elaboracion Prostodoncia - Cirujano Dentista,Pasos Elaboracion Prostodoncia -...,Pasos Elaboracion Prostodoncia - Cirujano Dentista,Pasos Elaboracion Prostodoncia -...,current_clean,short_long;low_area_purity,0.3834,0.0,Cirujano Dentista,Labio Hendido | Pasos para la Elaboracion de UNA Prostodoncia Total | Enfisema Lobar Congenito
meso,Area 2,Area2_M00,Area2_M00.json,C80,2448,Industria Textil - Química Farmacéutico Biológ...,Industria Textil - Química Farmac...,Industria Textil - Química Farmacéutico Biológ...,Industria Textil - Química Farmac...,current_clean,short_long;low_area_purity,0.3987,0.0,Química Farmacéutico Biológica,"Estudio de Factibilidad para la Instalacion de UNA Planta de Hielo en la PAZ, B... | Las Reglas de Origen Como Factor de Integracion Regional de la Cadena Textil | Diseño y Construccion de UN Colorimetro"
meso,Area 2,Area2_M00,Area2_M00.json,C84,2196,Resinas Compuestas - Cirujano Dentista,Resinas Compuestas - Cirujano DEN...,Resinas Compuestas - Cirujano Dentista,Resinas Compuestas - Cirujano Den...,current_clean,short_long,0.7659,0.0,Cirujano Dentista,Materiales de Obturacion en Odontología | Principios Fundamentales en la Práctica de la Protesis Fija de Coronas y Piezas... | Selladores de Fosetas y Fisuras
meso,Area 2,Area2_M00,Area2_M00.json,C161,110,Terceros Molares - Cirujano Dentista,Terceros Molares - Cirujano Denti...,Terceros Molares - Cirujano Dentista,Terceros Molares - Cirujano Denti...,current_clean,short_long,0.8273,0.0,Cirujano Dentista,Extraccion Quirurgica de Terceros Molares Inferiores Retenidos | Extraccion de los Terceros Molares Inferiores Retenidos | Extraccion Quirurgica de los Terceros Molares Inferiores Incluidos
meso,Area 2,Area2_M01,Area2_M01.json,C30,4748,Cerebro Raton - Biología,Cerebro Raton - Biología,Cerebro Raton - Biología,Cerebro Raton - Biología,current_clean,,0.7376,0.0,Biología,Susceptibilidad del Ratón CD1 ET | Sistema Experto Tutorial de Redes Neuronales Artificiales | Papel de la Glutamato Sintasa en Saccharomyces Cerevisiae
meso,Area 2,Area2_M01,Area2_M01.json,C110,1050,Espectro Autista - Psicología,Espectro Autista - Psicología,Espectro Autista - Psicología,Espectro Autista - Psicología,current_clean,,0.681,0.0,Psicología,"Amiloidosis Cutanea Primitiva : Revision de Cinco Años | Depresión, Sobrecarga y Ansiedad en Cuidadores de Pacientes con Demencia en ""Al... | Autismo"
meso,Area 2,Area2_M01,Area2_M01.json,C121,663,Neurología Pediatrica,Neurología Pediatrica,Neurología Pediatrica,Neurología Pediatrica,current_clean,,0.902,0.0,Neurología Pediatrica,La Vaguectomia Tiroidea en el Tratamiento de la Epilepsia | Ligeras Consideraciones Sobre la Patogenia de la Epilepsia | Epilepsia y Embarazo
meso,Area 2,Area2_M02,Area2_M02.json,C11,7607,Cardiologia,Cardiologia,Cardiologia,Cardiologia,current_clean,,0.9579,0.0,Cardiologia,Cardiopatia y Embarazo | Alteraciones Electrocardiograficas en Pacientes con Enfermedades Neurologicas | Paro Cardiaco
meso,Area 2,Area2_M02,Area2_M02.json,C19,6541,Hospital Regional - Cirugía General,Hospital Regional - Cirugía Gener...,Hospital Regional - Cirugía General,Hospital Regional - Cirugía Gener...,current_clean,short_long,0.9771,0.0,Cirugía General,Embarazo Abdominal | Complicaciones en Cirugía Gastrica | La Exploracion Funcional del Estomago
meso,Area 2,Area2_M02,Area2_M02.json,C24,5538,Enfermeria y Obstetricia,Enfermeria y Obstetricia,Enfermeria y Obstetricia,Enfermeria y Obstetricia,current_clean,,0.647,0.0,Enfermeria y Obstetricia,Centro de Salud | Residencia en Medicina Conductual | Análisis de Procesos e Implantacion del Modelo ABC para el Control de Inventari...
meso,Area 2,Area2_M02,Area2_M02.json,C25,5396,Anestesiología,Anestesiología,Anestesiología,Anestesiología,current_clean,,0.9705,0.0,Anestesiología,Anestesia Local | Anestesia en la Práctica Odontologica | Diferencia del Consumo de Opioide Entre DOS Esquemas de Analgesia Multimodal pa...
meso,Area 2,Area2_M02,Area2_M02.json,C28,5175,Hospital Infantil Federico - Pediatría,Hospital Infantil Federico - Pedi...,Hospital Infantil Federico - Pediatría,Hospital Infantil Federico - Pedi...,current_clean,short_long,0.8073,0.0,Pediatría,Encajando Conos en Hiperespacios | Comparacion de Metolazone y Furosemide en el Tratamiento del Edema Secundario A... | Seguimiento y Valoracion en el Tratamiento de la Enterocolitis Necrosante
meso,Area 2,Area2_M02,Area2_M02.json,C29,4858,Caries Dental - Cirujano Dentista,Caries Dental - Cirujano Dentista,Caries Dental - Cirujano Dentista,Caries Dental - Cirujano Dentista,current_clean,,0.8726,0.0,Cirujano Dentista,Riesgos y Complicaciones Inmediatas AL Procedimiento de Extracción Dental | Cementos Dentales | Terapéutica Pulpar en Dientes Temporales y Permanentes Jovenes
meso,Area 2,Area2_M02,Area2_M02.json,C33,4633,Enfermedades Respiratorias - Pediatría,Enfermedades Respiratorias - Pedi...,Enfermedades Respiratorias - Pediatría,Enfermedades Respiratorias - Pedi...,current_clean,short_long,0.9443,0.0,Pediatría,Diagnóstico de Conexión Anomala de Venas Pulmonares por Ecocardiografía Versus... | Evaluación Funcional Respiratoria en Niños Mayores de 5 Años con Antecedente de... | Manejo Anestesico del Paciente Hipertenso
meso,Area 2,Area2_M02,Area2_M02.json,C36,4390,Ortopedia,Ortopedia,Ortopedia,Ortopedia,current_clean,,0.9508,0.0,Ortopedia,Tratamiento de las Fracturas del Cuello Anatomico del Femur por el Enclavijamie... | Osteomielitis de los Maxilares | Osteogenesis Imperfecta
meso,Area 2,Area2_M02,Area2_M02.json,C37,4358,Instituto Nacional Neurología - Cirujano Dentista,Instituto Nacional Neurología - C...,Instituto Nacional Neurología - Cirujano Dentista,Instituto Nacional Neurología - C...,current_clean,short_long,0.9045,0.0,Cirujano Dentista,"Evaluación Funcional de los Pacientes Postoperados de Malformacion Anorectal Al... | ""Atención Multidisciplinaria en Pacientes con Diagnóstico de Infarto Cerebral A... | Cambios en el Análisis de Marcha en Pacientes con Parálisis Cerebral Posterior..."
meso,Area 2,Area2_M02,Area2_M02.json,C59,3319,Tratamiento Parodontal - Cirujano Dentista,Tratamiento Parodontal - Cirujano...,Tratamiento Parodontal - Cirujano Dentista,Tratamiento Parodontal - Cirujano...,current_clean,short_long,0.784,0.0,Cirujano Dentista,Manejo del Recien Nacido con Labio y Paladar Hendido | La Odontopediatria en la Práctica General | Principios de Odontopediatria
meso,Area 2,Area2_M02,Area2_M02.json,C65,3048,Nefrologia,Nefrologia,Nefrologia,Nefrologia,current_clean,,0.9698,0.0,Nefrologia,Incidencia y Evolución de la Lesión Renal Aguda en Pacientes Hospitalizados en... | Evaluación del Estado Bioquimico de Pacientes Pediatricos con Insuficiencia Ren... | Utilidad de la Fórmula de Cockroft-gault para Detectar Insuficiencia Renal en P...
meso,Area 2,Area2_M02,Area2_M02.json,C67,2967,Desprendimiento Retina - Oftalmologia,Desprendimiento Retina - Oftalmol...,Desprendimiento Retina - Oftalmologia,Desprendimiento Retina - Oftalmol...,current_clean,short_long,0.8743,0.0,Oftalmologia,Desprendimiento de Retina Regmatogeno : Análisis de Resultados Anatomicos y Fun... | Oclusion de Vena Central de la Retina | Oftalmia Simpatica
meso,Area 2,Area2_M02,Area2_M02.json,C74,2559,Dermatologia,Dermatologia,Dermatologia,Dermatologia,current_clean,,0.9547,0.0,Dermatologia,Asma Bronquial | Psoriasis | Sinusitis
meso,Area 2,Area2_M02,Area2_M02.json,C76,2529,Odontología Pediatrica - Cirujano Dentista,Odontología Pediatrica - Cirujano...,Odontología Pediatrica - Cirujano Dentista,Odontología Pediatrica - Cirujano...,current_clean,short_long,0.8913,0.0,Cirujano Dentista,"Hospital Materno Infantil en Puebla, PUE | Parodoncia en Ninos | Estudio Epidemiologico del Paciente Hospitalizado en el Servicio de Urgencias P..."
meso,Area 2,Area2_M02,Area2_M02.json,C77,2470,Trastornos Hemorragicos - Cirujano Dentista,Trastornos Hemorragicos - Cirujan...,Trastornos Hemorragicos - Cirujano Dentista,Trastornos Hemorragicos - Cirujan...,current_clean,short_long,0.947,0.0,Cirujano Dentista,Enfermedad de Niemann-pick | Infecciones Fúngicas Invasivas en Niños con Cáncer en el Instituto Nacional de... | Hemorragia Bucal
meso,Area 2,Area2_M02,Area2_M02.json,C82,2334,Cirrosis Hepatica - Cirugía General,Cirrosis Hepatica - Cirugía Gener...,Cirrosis Hepatica - Cirugía General,Cirrosis Hepatica - Cirugía Gener...,current_clean,short_long,0.9644,0.0,Cirugía General,Histopatologia Pulpar | Hepatitis Intercelular | Hepatitis Cronica
meso,Area 2,Area2_M02,Area2_M02.json,C85,2151,Cavidad Oral - Cirujano Dentista,Cavidad Oral - Cirujano Dentista,Cavidad Oral - Cirujano Dentista,Cavidad Oral - Cirujano Dentista,current_clean,,0.7903,0.0,Cirujano Dentista,Lesiones Blancas de la Mucosa Bucal | Rehabilitacion Oral | Habitos Orales
meso,Area 2,Area2_M02,Area2_M02.json,C86,2134,Lesiones Cervicales - Ginecologia y Obstetricia,Lesiones Cervicales - Ginecologia...,Lesiones Cervicales - Ginecologia y Obstetricia,Lesiones Cervicales - Ginecologia...,current_clean,short_long,0.9569,0.0,Ginecologia y Obstetricia,Prolactinoma y Embarazo | Vulvovaginitis en Pediatría | Lesiones Quisticas
meso,Area 2,Area2_M02,Area2_M02.json,C88,1999,Protesis Fija - Cirujano Dentista,Protesis Fija - Cirujano Dentista,Protesis Fija - Cirujano Dentista,Protesis Fija - Cirujano Dentista,current_clean,,0.8554,0.0,Cirujano Dentista,Injerto Gingival Libre | Protesis Removible | Principios Fundamentales en Protesis Fija
meso,Area 2,Area2_M02,Area2_M02.json,C89,1996,Exploracion Sanitaria Municipio - Medico Cirujano,Exploracion Sanitaria Municipio -...,Exploracion Sanitaria Municipio - Medico Cirujano,Exploracion Sanitaria Municipio -...,current_clean,short_long,0.9659,0.0,Medico Cirujano,"Exploracion Sanitaria del Municipio de Villanueva, Zacatecas | Estudio Sanitario del Municipio de Coeneo, Michoacan | Informe General de la Exploracion Sanitaria de Estacion Santa Engracia Dependie..."
meso,Area 2,Area2_M02,Area2_M02.json,C92,1831,Seno Maxilar - Cirujano Dentista,Seno Maxilar - Cirujano Dentista,Seno Maxilar - Cirujano Dentista,Seno Maxilar - Cirujano Dentista,current_clean,,0.8897,0.0,Cirujano Dentista,Crecimiento y Desarrollo Craneo Facial | Fracturas de los Maxilares | Fracturas del Tercio Inferior de la Cara
meso,Area 2,Area2_M02,Area2_M02.json,C98,1371,Otorrinolaringologia,Otorrinolaringologia,Otorrinolaringologia,Otorrinolaringologia,current_clean,,0.8191,0.0,Otorrinolaringologia,Adenomiosis | Funcion de la Trompa de Eustaquio en Pacientes Postplastia de Paladar Hendido | Evaluación Clínica Comparativa Posterior A Tratamiento Topico en el Oido Cronic...
meso,Area 2,Area2_M02,Area2_M02.json,C102,1251,Enfermedad Periodontal - Cirujano Dentista,Enfermedad Periodontal - Cirujano...,Enfermedad Periodontal - Cirujano Dentista,Enfermedad Periodontal - Cirujano...,current_clean,short_long,0.8777,0.0,Cirujano Dentista,Injertos Periodontales | Alteraciones de la Articulacion Temporomandibular | Articulacion Temporomandibular Dolorosa
meso,Area 2,Area2_M02,Area2_M02.json,C106,1117,Anemia Prematuro - Química Farmacéutico Biológ...,Anemia Prematuro - Química Farmac...,Anemia Prematuro - Química Farmacéutico Biológ...,Anemia Prematuro - Química Farmac...,current_clean,short_long,0.9463,0.0,Química Farmacéutico Biológica,Toxoplasmosis Ocular | Utilidad de la Aplicacion de Vitamina K en el Recien Nacido | Determinar las Frecuencias de Anticuerpos Autoinmunes y de Aloanticuerpos en Pa...
meso,Area 2,Area2_M02,Area2_M02.json,C115,847,Ortodoncia Preventiva - Cirujano Dentista,Ortodoncia Preventiva - Cirujano...,Ortodoncia Preventiva - Cirujano Dentista,Ortodoncia Preventiva - Cirujano...,current_clean,short_long,0.8536,0.0,Cirujano Dentista,Principios Basicos de Ortodoncia | Generalidades en Ortodoncia Preventiva | Conceptos Generales de Ortodoncia Preventiva
meso,Area 2,Area2_M02,Area2_M02.json,C122,605,Consideraciones Endodoncia - Cirujano Dentista,Consideraciones Endodoncia - Ciru...,Consideraciones Endodoncia - Cirujano Dentista,Consideraciones Endodoncia - Ciru...,current_clean,short_long,0.795,0.0,Cirujano Dentista,Conceptos Generales de Endodoncia | Conceptos Generales en Endodoncia | Estabilizadores Endodonticos Intraoseos
meso,Area 2,Area2_M02,Area2_M02.json,C132,337,Cirugía Plastica y Reconstructiva,Cirugía Plastica y Reconstructiva,Cirugía Plastica y Reconstructiva,Cirugía Plastica y Reconstructiva,current_clean,,0.8665,0.0,Cirugía Plastica y Reconstructiva,Quemaduras en Pediatría | La Radiologia Como Metodo de Identificacion de Cadaveres en Odontología Forense | Programa de Difusion en la Prevencion de Accidentes por Quemadura para el Insti...
meso,Area 2,Area2_M02,Area2_M02.json,C134,306,Toxina Botulinica - Oftalmologia,Toxina Botulinica - Oftalmologia,Toxina Botulinica - Oftalmologia,Toxina Botulinica - Oftalmologia,current_clean,,0.9412,0.0,Oftalmologia,Características Clínicas en Pacientes Pediátricos con Migraña y Repercusión del... | Tratamiento del Ataque Agudo de Migrana en Ninos : Estudio Comparativo con Acet... | Migraña en Niños
meso,Area 2,Area2_M02,Area2_M02.json,C135,300,Ulcera Peptica - Cirugía General,Ulcera Peptica - Cirugía General,Ulcera Peptica - Cirugía General,Ulcera Peptica - Cirugía General,current_clean,,0.9767,0.0,Cirugía General,UN Tratamiento Medico de las Ulceras Gastroduodenales | Enfermedades Ulcerativas de la Boca | Ulceras en Estomatologia
meso,Area 2,Area2_M02,Area2_M02.json,C137,297,Pediatría Médica,Pediatría Médica,Pediatría Médica,Pediatría Médica,current_clean,,0.9798,0.0,Pediatría Médica,Recurrencia de Meningiomas de Acuerdo A Resección de Simpson | Meningitis Meningococcica | Meningitis Bacteriana
meso,Area 2,Area2_M02,Area2_M02.json,C139,284,Consultorio Dental - Cirujano Dentista,Consultorio Dental - Cirujano DEN...,Consultorio Dental - Cirujano Dentista,Consultorio Dental - Cirujano Den...,current_clean,short_long,0.8873,0.0,Cirujano Dentista,El Cirujano Dentista Ante el Diabetico | Estudio y Manejo del Paciente Cardiaco en el Consultorio Dental | Hiperestesia Dentinaria
meso,Area 2,Area2_M02,Area2_M02.json,C145,214,Enfermedad Parodontal - Cirujano Dentista,Enfermedad Parodontal - Cirujano...,Enfermedad Parodontal - Cirujano Dentista,Enfermedad Parodontal - Cirujano...,current_clean,short_long,0.8879,0.0,Cirujano Dentista,Absceso Parodontal | Colecistitis Alitiasica | Patologia Periapical
meso,Area 2,Area2_M02,Area2_M02.json,C154,151,Enfermedades Parodontales - Cirujano Dentista,Enfermedades Parodontales - Ciruj...,Enfermedades Parodontales - Cirujano Dentista,Enfermedades Parodontales - Ciruj...,current_clean,short_long,0.8212,0.0,Cirujano Dentista,Tratamiento de las Enfermedades Parodontales | Prevencion de las Enfermedades Parodontales | Enfermedades Parodontales y SU Tratamiento
meso,Area 2,Area2_M02,Area2_M02.json,C156,142,Gingivitis Tratamiento - Cirujano Dentista,Gingivitis Tratamiento - Cirujano...,Gingivitis Tratamiento - Cirujano Dentista,Gingivitis Tratamiento - Cirujano...,current_clean,short_long,0.8451,0.0,Cirujano Dentista,Gingivitis y SU Tratamiento | Gingivitis y Parodontitis | Enfermedad Gingival
meso,Area 2,Area2_M02,Area2_M02.json,C157,135,Glandulas Salivales - Cirujano Dentista,Glandulas Salivales - Cirujano de...,Glandulas Salivales - Cirujano Dentista,Glandulas Salivales - Cirujano De...,current_clean,short_long,0.8667,0.0,Cirujano Dentista,Enfermedades de las Glandulas Salivales | Afecciones de las Glandulas Salivales | Generalidades Sobre Tumores de las Glandulas Salivales
meso,Area 2,Area2_M02,Area2_M02.json,C160,120,Shock Anafilactico - Cirujano Dentista,Shock Anafilactico - Cirujano DEN...,Shock Anafilactico - Cirujano Dentista,Shock Anafilactico - Cirujano Den...,current_clean,short_long,0.9083,0.0,Cirujano Dentista,Hipoacusia Subita | Shock Anafilactico | Choque Septico
meso,Area 2,Area2_M02,Area2_M02.json,C162,104,Consideraciones Exodoncia - Cirujano Dentista,Consideraciones Exodoncia - Ciruj...,Consideraciones Exodoncia - Cirujano Dentista,Consideraciones Exodoncia - Ciruj...,current_clean,short_long,0.8462,0.0,Cirujano Dentista,Tratado de Exodoncia | Breves Consideraciones Sobre Exodoncia | Breve Estudio Sobre Exodoncia
meso,Area 2,Area2_M03,Area2_M03.json,C111,1007,Tuberculosis Pulmonar - Medico Cirujano,Tuberculosis Pulmonar - Medico CI...,Tuberculosis Pulmonar - Medico Cirujano,Tuberculosis Pulmonar - Medico Ci...,current_clean,short_long,0.8957,0.0,Medico Cirujano,Tuberculosis Genital Como Causa de Esterilidad en la Mujer | El Neumotorax Terapeutico en la Tuberculosis Pulmonar | Frecuencia de Diabetes Mellitus en Pacientes con Tuberculosis Pulmonar QUE Acud...
meso,Area 2,Area2_M03,Area2_M03.json,C151,167,Virus Dengue - Química Farmacéutico Biológ...,Virus Dengue - Química Farmacéuti...,Virus Dengue - Química Farmacéutico Biológ...,Virus Dengue - Química Farmacéuti...,current_clean,short_long,0.7964,0.0,Química Farmacéutico Biológica,Conocimiento Sobre la Prevención del Dengue Clásico | Participacion del Virus del Dengue en el Proceso Fibrinolitico | Epidemiologia del Dengue en el Hospital Infantil del Estado de Sonora
meso,Area 2,Area2_M03,Area2_M03.json,C153,157,Previo Paludismo - Medico Cirujano,Previo Paludismo - Medico Cirujano,Previo Paludismo - Medico Cirujano,Previo Paludismo - Medico Cirujano,current_clean,,0.949,0.0,Medico Cirujano,"Estudio Previo Sobre Paludismo y Exploracion Sanitaria en el Municipio de Rosar... | Informe General Sobre la Exploracion Sanitaria de Isla, VER. y Breve Estudio So... | Estudio Previo del Paludismo en Ciudad Guerrero, Tamps"
meso,Area 2,Area2_M04,Area2_M04.json,C42,4045,Adultos Mayores - Medicina Familiar,Adultos Mayores - Medicina Famili...,Adultos Mayores - Medicina Familiar,Adultos Mayores - Medicina Famili...,current_clean,short_long,0.5256,0.0,Medicina Familiar,Centro Geriatrico | Cirugía Preprotesica en el Paciente Geriatrico | El Sistema de Ahorro para el Retiro
meso,Area 2,Area2_M04,Area2_M04.json,C44,3974,Obesidad Ninos - Medicina Familiar,Obesidad Ninos - Medicina Familiar,Obesidad Ninos - Medicina Familiar,Obesidad Ninos - Medicina Familiar,current_clean,,0.8226,0.0,Medicina Familiar,Nutricion y Caries | Diagnóstico para la Promoción y Convicción de la Importancia de la Lactancia Ma... | Estudio Comparativo de Formulas Lacteas Especiales para Recien Nacidos Prematur...
meso,Area 2,Area2_M04,Area2_M04.json,C63,3090,Unidad Medicina Familiar - Psicología,Unidad Medicina Familiar - Psicol...,Unidad Medicina Familiar - Psicología,Unidad Medicina Familiar - Psicol...,current_clean,short_long,0.7683,0.0,Psicología,Examen Odontopsicologico de el Miedo y la Ansiedad en el Nino | Embarazo y Depresion | Frecuencia de Ansiedad y
meso,Area 2,Area2_M04,Area2_M04.json,C113,916,Trastornos Sueno - Medicina Familiar,Trastornos Sueno - Medicina Famil...,Trastornos Sueno - Medicina Familiar,Trastornos Sueno - Medicina Famil...,current_clean,short_long,0.7795,0.0,Medicina Familiar,Evaluación de UN Programa Psicoeducativo de Tratamiento Cognitivo Conductual pa... | Descripción del Estado Cognitivo y Calidad de Vida en el Paciente Geriátrico co... | Validación del Cuestionario Stop Bang para Identificar Apnea Obstructiva del Su...
meso,Area 2,Area2_M04,Area2_M04.json,C127,450,Sindrome Burnout - Psicología,Sindrome Burnout - Psicología,Sindrome Burnout - Psicología,Sindrome Burnout - Psicología,current_clean,,0.7689,0.0,Psicología,Síndrome de Burnout | Conocimiento de los Cirujanos Dentistas Pasantes de Odontología y Estudiantes S... | Sindrome de Burnout en los Medicos Legistas de la Secretaria de Salud del Distr...
meso,Area 2,Area2_M04,Area2_M04.json,C131,346,Sindrome Down - Cirujano Dentista,Sindrome Down - Cirujano Dentista,Sindrome Down - Cirujano Dentista,Sindrome Down - Cirujano Dentista,current_clean,,0.5116,0.0,Cirujano Dentista,Estudio Estomatologico del Sindrome de Down | Manejo del Nino con Sindrome de Down en el Consultorio Dental | Sindrome de Down
meso,Area 2,Area2_M04,Area2_M04.json,C158,133,Anorexia Bulimia - Psicología,Anorexia Bulimia - Psicología,Anorexia Bulimia - Psicología,Anorexia Bulimia - Psicología,current_clean,,0.5338,0.0,Psicología,Alteraciones Bucales en Pacientes con Anorexia y Bulimia | La Belleza QUE Mata : Reportaje Sobre Anorexia y Bulimia | Anorexia Nerviosa : UN Problema Nosologico
meso,Area 2,Area2_M05,Area2_M05.json,C14,7167,Respuesta Inmune - Medicina Veterinaria y Zoot...,Respuesta Inmune - Medicina Veter...,Respuesta Inmune - Medicina Veterinaria y Zoot...,Respuesta Inmune - Medicina Veter...,current_clean,short_long,0.8624,0.0,Medicina Veterinaria y Zootecnia,Aplicación del Protocolo para la Prevención de Transmisión Perinatal de VIH en... | Cambios Citologicos en Cavidad Oral de Pacientes Expuestos A Factores Irritativ... | Penicilina
meso,Area 2,Area2_M05,Area2_M05.json,C22,5587,Contribucion Puerperio Examen - Química Farmacéutico...,Contribucion Puerperio Examen - Q...,Contribucion Puerperio Examen - Química Farmacéutico....,Contribucion Puerperio Examen - Q...,current_clean,short_long,0.877,0.0,Química Farmacéutico Biológica,USO de Antibióticos en UN Hospital Pediátrico de Alta Especialidad | Complicaciones de Varicela en Niños Sanos | Halitosis
meso,Area 2,Area2_M05,Area2_M05.json,C142,238,Helicobacter Pylori - Química Farmacéutico Biológ...,Helicobacter Pylori - Química FAR...,Helicobacter Pylori - Química Farmacéutico Biológ...,Helicobacter Pylori - Química Far...,current_clean,short_long,0.9244,0.0,Química Farmacéutico Biológica,Hallazgos Endoscópicos en Pacientes con Infección por Helicobacter Pylori en el... | Modificaciones de los Criterios Histopatologicos en el Diagnostico de Infeccion... | Ulcera Peptica Perforada Asociada A Helicobacter Pylori
meso,Area 2,Area2_M05,Area2_M05.json,C152,158,Parasitosis Intestinales - Medico Cirujano,Parasitosis Intestinales - Medico...,Parasitosis Intestinales - Medico Cirujano,Parasitosis Intestinales - Medico...,current_clean,short_long,0.943,0.0,Medico Cirujano,"Estudio Sobre la Parasitosis Intestinal y Exploracion Sanitaria de Cocula, Guer... | El Problema de las Parasitosis Intestinales en la Poblacion de Xico, Veracruz | El Problema de la Parasitosis Intestinal en Camaron, VER"
meso,Area 2,Area2_M06,Area2_M06.json,C12,7226,Cancer Mama - Cirujano Dentista,Cancer Mama - Cirujano Dentista,Cancer Mama - Cirujano Dentista,Cancer Mama - Cirujano Dentista,current_clean,,0.9226,0.0,Cirujano Dentista,Evaluación del Efecto Microbicida de Leucocitos Humanos en Pacientes con Cancer... | Cancer Laringeo | Biopsia por Aspiracion con Aguja Fina
meso,Area 2,Area2_M06,Area2_M06.json,C103,1247,Hematologia,Hematologia,Hematologia,Hematologia,current_clean,,0.927,0.0,Hematologia,"Catastro Sanitario del Municipio de Tecozautla, Hidalgo | Epidemiologia de la Lesion Medular Traumatica en el Distrito Federal | Epidemiologia de la Enfermedad Parodontal"
meso,Area 2,Area2_M06,Area2_M06.json,C120,692,Urologia,Urologia,Urologia,Urologia,current_clean,,0.9783,0.0,Urologia,El Ultrasonido Transrectal y Biopsia en el Cancer de la Prostata | Algunas Consideraciones Sobre la Tecnica de la Prostatectomia Parcial con Trans... | Biopsia Transrectal de Prostata Guiada por Ultrasonido
meso,Area 2,Area2_M06,Area2_M06.json,C159,133,Cancer Cavidad Oral - Cirujano Dentista,Cancer Cavidad Oral - Cirujano de...,Cancer Cavidad Oral - Cirujano Dentista,Cancer Cavidad Oral - Cirujano De...,current_clean,short_long,0.9248,0.0,Cirujano Dentista,Tumores Benignos y Malignos de la Cavidad Oral | Carcinomas Orales | Cancer en Cavidad Oral
meso,Area 2,Area2_M07,Area2_M07.json,C34,4506,Diabetes Mellitus - Medicina Familiar,Diabetes Mellitus - Medicina Fami...,Diabetes Mellitus - Medicina Familiar,Diabetes Mellitus - Medicina Fami...,current_clean,short_long,0.9245,0.0,Medicina Familiar,La Insulina en la Cicatrizacion de Algunas Ulceras Venereas | Tratamiento de la Diabetes | Factores de Riesgo en Pacientes con Diabetes Mellitus Tipo 2
meso,Area 2,Area2_M07,Area2_M07.json,C119,716,Pancreatitis Aguda - Cirugía General,Pancreatitis Aguda - Cirugía Gene...,Pancreatitis Aguda - Cirugía General,Pancreatitis Aguda - Cirugía Gene...,current_clean,short_long,0.9874,0.0,Cirugía General,Pancreatitis Aguda | Tratamiento Medico Quirurgico de la Pancreatitis Aguda Grave | Asociación Entre las Variables Utilizadas en Escalas de Severidad con la Presen...
meso,Area 2,Area2_M08,Area2_M08.json,C13,7212,Parto Pretermino - Ginecologia y Obstetricia,Parto Pretermino - Ginecologia y...,Parto Pretermino - Ginecologia y Obstetricia,Parto Pretermino - Ginecologia y...,current_clean,short_long,0.9117,0.0,Ginecologia y Obstetricia,Neuroinfeccion en Neonatos Criticamente Enfermos con Sospecha Fundada de Sepsis | Neurodistonias Gravidicas | Embarazo Gemelar
meso,Area 2,Area2_M08,Area2_M08.json,C124,528,Diabetes Gestacional - Ginecologia y Obstetricia,Diabetes Gestacional - Ginecologi...,Diabetes Gestacional - Ginecologia y Obstetricia,Diabetes Gestacional - Ginecologi...,current_clean,short_long,0.9811,0.0,Ginecologia y Obstetricia,Diabetes Gestacional | Diabetes y Embarazo | Estudio de Valor Diagnostico Entre la Prueba de Tamiz de Glucosa y la Curva de...
meso,Area 2,Area2_M08,Area2_M08.json,C149,204,Ruptura Prematura Membranas - Ginecologia y Obstetric...,Ruptura Prematura Membranas - GIN...,Ruptura Prematura Membranas - Ginecologia y Obstetric...,Ruptura Prematura Membranas - Gin...,current_clean,short_long,0.9755,0.0,Ginecologia y Obstetricia,Ruptura Prematura de Membranas | Actualizacion del Estudio de la Flora Bacteriana Implicada en la Ruptura Premat... | Ruptura Prematura de Membranas
meso,Area 2,Area2_M09,Area2_M09.json,C125,503,Virus Papiloma Humano - Ginecologia y Obstetricia,Virus Papiloma Humano - Ginecolog...,Virus Papiloma Humano - Ginecologia y Obstetricia,Virus Papiloma Humano - Ginecolog...,current_clean,short_long,0.9085,0.0,Ginecologia y Obstetricia,Prevalencia del Virus del Papiloma Humano en Mujeres Infectadas con el Virus de... | Actitudes de la Pareja Ante el Reporte de Infección por Virus del Papiloma Huma... | Enmienda AL Estudio Validación de Biomarcadores Asociados AL Desarrollo y Pronó...
meso,Area 2,Area2_M09,Area2_M09.json,C138,286,Sida Odontología - Derecho,Sida Odontología - Derecho,Sida Odontología - Derecho,Sida Odontología - Derecho,current_clean,,0.4301,0.0,Derecho,El Sida y la Odontología | Cartel Folleto y Encuesta Contra el Sida | El Sida Como Riesgo de Trabajo
meso,Area 2,Area2_M09,Area2_M09.json,C150,180,Manifestaciones Bucales - Medico Cirujano,Manifestaciones Bucales - Medico...,Manifestaciones Bucales - Medico Cirujano,Manifestaciones Bucales - Medico...,current_clean,short_long,0.9611,0.0,Medico Cirujano,Sifilis Bucal | Sifilis | Breves Consideraciones Sobre la Sifilis Hereditaria
meso,Area 2,Area2_M10,Area2_M10.json,C97,1429,Cancer Tiroides - Cirugía General,Cancer Tiroides - Cirugía General,Cancer Tiroides - Cirugía General,Cancer Tiroides - Cirugía General,current_clean,,0.9811,0.0,Cirugía General,Resultados del Tratamiento con 131 I en Pacientes Hipertiroideos | Tratamiento Quirurgico de las Hemorroides | Respuesta Clínica y de Laboratorio AL Manejo con Calcitriol en Pacientes con Ra...
meso,Area 2,Area2_M11,Area2_M11.json,C61,3156,Germinacion Maiz - Biología,Germinacion Maiz - Biología,Germinacion Maiz - Biología,Germinacion Maiz - Biología,current_clean,,0.5057,0.0,Biología,"El Albaceazgo y SU Naturaleza Jurídica | Centro Regulador de Produccion y Venta de Maiz Lerma, EDO. de México | Perspectivas de la Instrumentacion de UN Modelo para Actividades Productivas en..."
meso,Area 2,Area2_M11,Area2_M11.json,C129,423,Trypanosoma Cruzi - Biología,Trypanosoma Cruzi - Biología,Trypanosoma Cruzi - Biología,Trypanosoma Cruzi - Biología,current_clean,,0.7305,0.0,Biología,Caracterizacion Molecular de Aislados Mexicanos de Trypanosoma Cruzi | Perfil Proteico de la Hemolinfa de Triatoma Pallidipennis Infectado con Trypano... | Participacion de las Cisteinas en la Estabilidad y Estructura de la Triosafosfa...
meso,Area 2,Area2_M11,Area2_M11.json,C133,328,Phaseolus Vulgaris - Biología,Phaseolus Vulgaris - Biología,Phaseolus Vulgaris - Biología,Phaseolus Vulgaris - Biología,current_clean,,0.7348,0.0,Biología,Caracterizacion Molecular de las Adenil Ciclasas de Rhizobium Etli | Construccion de Mutaciones en las Regiones NIF de Rhizobium Phaseoli | Estudio del Papel de las Proteínas Avin34710 y Avin34720 en el Metabolismo de P...
meso,Area 2,Area2_M11,Area2_M11.json,C140,253,Ciencias Bioquimicas,Ciencias Bioquimicas,Ciencias Bioquimicas,Ciencias Bioquimicas,current_clean,,0.7154,0.0,Ciencias Bioquimicas,Análisis Bioinformático de las Calmodulinas de Plantas en Arabidopsis Thaliana | UN Modelo de RED de Regulación Genica para la Determinación de Organos Florales... | Caracterización de UNA Mutante de Arabidopsis Thaliana Afectada en el Desarroll...
meso,Area 2,Area2_M11,Area2_M11.json,C147,207,Drosophila Melanogaster - Biología,Drosophila Melanogaster - Biología,Drosophila Melanogaster - Biología,Drosophila Melanogaster - Biología,current_clean,,0.5266,0.0,Biología,Evaluación del Efecto del Resveratrol Sobre la Genotoxicidad de la Nicotina en... | Evaluación del Posible Efecto Modulador del Resveratrol en Cotratamiento con Ni... | Estudio de UN Elemento Regulatorio Interno del Locus de Notch en Drosophila Mel...
meso,Area 2,Area2_M12,Area2_M12.json,C99,1340,Reumatologia,Reumatologia,Reumatologia,Reumatologia,current_clean,,0.9701,0.0,Reumatologia,Calidad de Vida en Pacientes Pediátricos con Lupus Eritematoso Sistémico | Características Clínicas y de Laboratorio de Pacientes Pediátricos Mexicanos co... | Lupus Eritematoso
meso,Area 2,Area2_M13,Area2_M13.json,C2,11849,Parametros Reproductivos - Medicina Veterinaria y ZOO...,Parametros Reproductivos - Medici...,Parametros Reproductivos - Medicina Veterinaria y ZOO...,Parametros Reproductivos - Medici...,current_clean,short_long,0.8411,0.0,Medicina Veterinaria y Zootecnia,Índice Lactato | Correlacion Histopatologica Entre Biopsia de Endometrio por Canula y Legrado | Organización Administrativa de UNA Empresa Avicola Productora de Pollo de Engor...
meso,Area 2,Area2_M13,Area2_M13.json,C26,5303,Exploracion Sanitaria - Medicina Veterinaria y Zoot...,Exploracion Sanitaria - Medicina...,Exploracion Sanitaria - Medicina Veterinaria y Zoot...,Exploracion Sanitaria - Medicina...,current_clean,short_long,0.7809,0.0,Medicina Veterinaria y Zootecnia,Determinación de las Diferencias QUE Existen Entre los Principales Musculos del... | Aplicación de Periostio para Fracturas : Estudio Experimental en Ratas | Caninos Superiores Retenidos
meso,Area 2,Area2_M14,Area2_M14.json,C72,2724,Consumo Alcohol - Psicología,Consumo Alcohol - Psicología,Consumo Alcohol - Psicología,Consumo Alcohol - Psicología,current_clean,,0.547,0.0,Psicología,Análisis de UNA Política del Desarrollo Regional Tabasqueno : Centros Integrado... | Reporte de UN Caso Atendido Bajo el Programa de Tratamiento Auto-cambio Dirigid... | La Familia del Farmacodependiente
meso,Area 3,Area3_M00,Area3_M00.json,C18,6543,Perspectiva Genero - Psicología,Perspectiva Genero - Psicología,Perspectiva Genero - Psicología,Perspectiva Genero - Psicología,current_clean,,0.5585,0.0,Psicología,Caracteristicas de los Pacientes Vasectomizados | El Aborto Como Consecuencia de UN Riesgo de Trabajo | Estudio Dogmatico del Delito de Estupro
meso,Area 3,Area3_M00,Area3_M00.json,C75,2553,Violencia Intrafamiliar - Psicología,Violencia Intrafamiliar - Psicolo...,Violencia Intrafamiliar - Psicología,Violencia Intrafamiliar - Psicolo...,current_clean,short_long,0.6757,0.0,Psicología,Medidas para Prevenir la Violencia Intrafamiliar en el Distrito Federal | Estudio Dogmatico del Delito de Allanamiento de Morada | Robo de USO
meso,Area 3,Area3_M00,Area3_M00.json,C100,1311,Disolucion Matrimonio - Derecho,Disolucion Matrimonio - Derecho,Disolucion Matrimonio - Derecho,Disolucion Matrimonio - Derecho,current_clean,,0.9748,0.0,Derecho,El Divorcio | El Matrimonio en el Derecho Internacional Privado | Naturaleza Jurídica del Matrimonio
meso,Area 3,Area3_M00,Area3_M00.json,C101,1295,Ideacion Suicida - Psicología,Ideacion Suicida - Psicología,Ideacion Suicida - Psicología,Ideacion Suicida - Psicología,current_clean,,0.4834,0.0,Psicología,La Eutanasia | La Eutanasia | Vínculo y Funciones Maternas en las Dificultades para la Elaboración del Duelo
meso,Area 3,Area3_M00,Area3_M00.json,C109,1068,Delito Homicidio - Derecho,Delito Homicidio - Derecho,Delito Homicidio - Derecho,Delito Homicidio - Derecho,current_clean,,0.9354,0.0,Derecho,Estudio Dogmatico del Delito de Injurias | El Robo de Infante | Estudio Dogmatico del Delito de Homicidio
meso,Area 3,Area3_M01,Area3_M01.json,C15,7096,Procedimiento Penal - Derecho,Procedimiento Penal - Derecho,Procedimiento Penal - Derecho,Procedimiento Penal - Derecho,current_clean,,0.9746,0.0,Derecho,La Responsabilidad Civil Objetiva | El Delito Continuado | El Amparo Indirecto en Materia Civil
meso,Area 3,Area3_M01,Area3_M01.json,C20,6082,LEY Federal Trabajo - Derecho,LEY Federal Trabajo - Derecho,LEY Federal Trabajo - Derecho,LEY Federal Trabajo - Derecho,current_clean,,0.9658,0.0,Derecho,Regimen Laboral de los Organismos Descentralizados | Análisis del Articulo 161 de la LEY Federal del Trabajo | Dictamen para Efectos del Seguro Social
meso,Area 3,Area3_M01,Area3_M01.json,C27,5217,Amparo Materia Política - Derecho,Amparo Materia Política - Derecho,Amparo Materia Política - Derecho,Amparo Materia Política - Derecho,current_clean,,0.6787,0.0,Derecho,Centro de Difusion Cultural en el Bosque de Chapultepec | Sistema Integral de la Jornada Electoral | Escision de Sociedades
meso,Area 3,Area3_M01,Area3_M01.json,C39,4204,Distrito Federal - Derecho,Distrito Federal - Derecho,Distrito Federal - Derecho,Distrito Federal - Derecho,current_clean,,0.9588,0.0,Derecho,Funciones y Atribuciones del Ministerio Publico Como Representante de la Socied... | La Suplencia de la Queja en el Juicio de Amparo | La Suspension del Acto Reclamado en el Juicio de Amparo
meso,Area 3,Area3_M01,Area3_M01.json,C41,4100,Comercio Exterior - Derecho,Comercio Exterior - Derecho,Comercio Exterior - Derecho,Comercio Exterior - Derecho,current_clean,,0.7683,0.0,Derecho,Consorcios de Exportación | M.t.m. Análisis SU USO y Aplicacion A la Industria | Sistema de Permisos de Importacion y Exportacion
meso,Area 3,Area3_M01,Area3_M01.json,C56,3479,Contador Publico - Contaduría,Contador Publico - Contaduría,Contador Publico - Contaduría,Contador Publico - Contaduría,current_clean,,0.8974,0.0,Contaduría,El Contador Publico y la Auditoria Administrativa | Contabilidad Financiera y Administrativa | El Estado Patron
meso,Area 3,Area3_M01,Area3_M01.json,C62,3103,Medios Masivos Comunicación - Derecho,Medios Masivos Comunicación - DER...,Medios Masivos Comunicación - Derecho,Medios Masivos Comunicación - Der...,current_clean,short_long,0.6842,0.0,Derecho,Cirugía Preprotesica | Cirugía Preprotesica | Cirugía Preprotesica
meso,Area 3,Area3_M01,Area3_M01.json,C64,3080,Derecho Internacional Publico - Derecho,Derecho Internacional Publico - D...,Derecho Internacional Publico - Derecho,Derecho Internacional Publico - D...,current_clean,short_long,0.9104,0.0,Derecho,La Justicia de PAZ | Las Resoluciones de los Organismos Internacionales Como Fuente del Derecho Inte... | La Extradicion en el Sistema Interamericano
meso,Area 3,Area3_M01,Area3_M01.json,C68,2855,Naturaleza Jurídica - Derecho,Naturaleza Jurídica - Derecho,Naturaleza Jurídica - Derecho,Naturaleza Jurídica - Derecho,current_clean,,0.9527,0.0,Derecho,La Transaccion | La Personalidad Jurídica de las Sociedades Mercantiles | Naturaleza Jurídica de la Asociacion en Participacion
meso,Area 3,Area3_M01,Area3_M01.json,C83,2233,Naturaleza Jurídica Tutela - Derecho,Naturaleza Jurídica Tutela - Dere...,Naturaleza Jurídica Tutela - Derecho,Naturaleza Jurídica Tutela - Dere...,current_clean,short_long,0.8974,0.0,Derecho,La Jurisprudencia Como Fuente del Derecho | Modalidades de las Obligaciones | El USO Abusivo del Derecho
meso,Area 3,Area3_M01,Area3_M01.json,C104,1192,Codigo Procedimientos Civiles - Derecho,Codigo Procedimientos Civiles - D...,Codigo Procedimientos Civiles - Derecho,Codigo Procedimientos Civiles - D...,current_clean,short_long,0.995,0.0,Derecho,Propuesta de Reforma AL Articulo 278 del Codigo Civil para el Distrito Federal | La Apelacion en Materia Civil | Análisis Critico del Recurso de Apelacion en Materia Penal en el Distrito Feder...
meso,Area 3,Area3_M01,Area3_M01.json,C105,1129,Derechos Autor - Derecho,Derechos Autor - Derecho,Derechos Autor - Derecho,Derechos Autor - Derecho,current_clean,,0.9088,0.0,Derecho,El Nombre de las Personas Fisicas | El Dominio Publico en el Derecho Intelectual | El Monopolio
meso,Area 3,Area3_M01,Area3_M01.json,C118,745,Testamento Publico - Derecho,Testamento Publico - Derecho,Testamento Publico - Derecho,Testamento Publico - Derecho,current_clean,,0.9758,0.0,Derecho,El Testamento Publico Simplificado | Testamento Publico Simplificado | Propuesta para la Creacion de UN Registro Nacional de Testamentos
meso,Area 3,Area3_M01,Area3_M01.json,C123,536,Sociedades Anonimas - Derecho,Sociedades Anonimas - Derecho,Sociedades Anonimas - Derecho,Sociedades Anonimas - Derecho,current_clean,,0.9963,0.0,Derecho,Disolucion y Liquidacion de UNA Sociedad Anonima | El Derecho de Voto en la Sociedad Anonima | Proteccion de las Minorias en las Sociedades Anonimas
meso,Area 3,Area3_M01,Area3_M01.json,C146,211,Trabajadores Confianza - Derecho,Trabajadores Confianza - Derecho,Trabajadores Confianza - Derecho,Trabajadores Confianza - Derecho,current_clean,,0.9953,0.0,Derecho,La Personalidad Jurídica de los Sindicatos | Los Trabajadores de Confianza | El Regimen Juridico de los Trabajadores de Confianza
meso,Area 3,Area3_M01,Area3_M01.json,C148,207,Procuraduria Federal Consumidor - Derecho,Procuraduria Federal Consumidor -...,Procuraduria Federal Consumidor - Derecho,Procuraduria Federal Consumidor -...,current_clean,short_long,0.9952,0.0,Derecho,La Funcion Arbitral de la Procuraduria Federal del Consumidor | Breve Análisis A la LEY Federal de Proteccion AL Consumidor | Análisis Juridico de la Procuraduria Federal del Consumidor
meso,Area 3,Area3_M02,Area3_M02.json,C6,10518,Ninos Rendimiento Escolar - Psicología,Ninos Rendimiento Escolar - Psico...,Ninos Rendimiento Escolar - Psicología,Ninos Rendimiento Escolar - Psico...,current_clean,short_long,0.5435,0.0,Psicología,Trastorno por Déficit de Atención | La Custodia de los Menores | Estimulacion Temprana
meso,Area 3,Area3_M02,Area3_M02.json,C8,9027,Pedagogia,Pedagogia,Pedagogia,Pedagogia,current_clean,,0.4804,0.0,Pedagogia,Planetario Universitario | La Educación Como Base de la Estructura Social | Aspectos de Cultura y Desempeño Académico en Estudiantes Universitarios del Áre...
meso,Area 3,Area3_M02,Area3_M02.json,C54,3543,Papel Psicologo - Psicología,Papel Psicologo - Psicología,Papel Psicologo - Psicología,Papel Psicologo - Psicología,current_clean,,0.4584,0.0,Psicología,Informe Final del Servicio Social de la Carrera de Psicología | Centro de Readaptacion Social | El Estrés y SU Relación con el Clima Organizacional
meso,Area 3,Area3_M02,Area3_M02.json,C114,864,Centro Rehabilitacion - Psicología,Centro Rehabilitacion - Psicología,Centro Rehabilitacion - Psicología,Centro Rehabilitacion - Psicología,current_clean,low_area_purity,0.3634,0.0,Psicología,Centro de Rehabilitacion Infantil | Odontología para el Nino Incapacitado | Centro de Desarrollo para Niños Discapacitados
meso,Area 3,Area3_M03,Area3_M03.json,C1,14110,Administración,Administración,Administración,Administración,current_clean,generic,0.5234,0.0,Administración,El Procedimiento Administrativo | Administración de la Comercializacion | Organización Contable de UNA Empresa Constructora
meso,Area 3,Area3_M03,Area3_M03.json,C45,3951,Política Alimentaria - Derecho,Política Alimentaria - Derecho,Política Alimentaria - Derecho,Política Alimentaria - Derecho,current_clean,,0.6191,0.0,Derecho,Sistema Publicitario de Empresa Dedicada A la Venta de Café | Anteproyecto de la Instalación Eléctrica para UNA Empresa QUE Diseña y Fabrica... | Las Caracteristicas de Calidad en el Análisis de Riesgo de Fallas de Productos...
meso,Area 3,Area3_M03,Area3_M03.json,C48,3869,Etica Ambiental - Derecho,Etica Ambiental - Derecho,Etica Ambiental - Derecho,Etica Ambiental - Derecho,current_clean,low_area_purity,0.367,0.0,Derecho,Biopulpectomia | El Dano Moral | La Etica Profesional del Contador Publico
meso,Area 3,Area3_M03,Area3_M03.json,C49,3786,Materia Agraria - Derecho,Materia Agraria - Derecho,Materia Agraria - Derecho,Materia Agraria - Derecho,current_clean,,0.7309,0.0,Derecho,Escuela Tecnica Agropecuaria | La Sucesion en Materia Agraria | El Comite Particular Ejecutivo Agrario
meso,Area 3,Area3_M04,Area3_M04.json,C4,11415,Política Economica - Economía,Política Economica - Economía,Política Economica - Economía,Política Economica - Economía,current_clean,,0.891,0.0,Economía,La Empresa Pública Factor de Crecimiento Economico y Social en México | Incentivos Fiscales Como Instrumento de la Administración Pública en el Desarro... | Perfil del Ejecutivo de Finanzas en México
meso,Area 3,Area3_M04,Area3_M04.json,C52,3572,Socio Juridico Educación - Derecho,Socio Juridico Educación - Derecho,Socio Juridico Educación - Derecho,Socio Juridico Educación - Derecho,current_clean,,0.5423,0.0,Derecho,Desarrollo de la Psicología Industrial en el Ambito Empresarial Mexicano | Casa Hogar para Niños de la Calle | El Problema del Nino Maltratado en México
meso,Area 3,Area3_M04,Area3_M04.json,C53,3556,Estudios Latinoamericanos,Estudios Latinoamericanos,Estudios Latinoamericanos,Estudios Latinoamericanos,current_clean,,0.5824,0.0,Estudios Latinoamericanos,El Canal de Panama | Utopías y Configuración del Proyecto de Nación : Estudio Comparativo Sobre Luga... | La Integracion Economica Latinoamericana
meso,Area 3,Area3_M04,Area3_M04.json,C55,3538,Asilado Politico - Derecho,Asilado Politico - Derecho,Asilado Politico - Derecho,Asilado Politico - Derecho,current_clean,,0.9652,0.0,Derecho,La Doble Nacionalidad en México | El Regimen Juridico del Subsuelo Mexicano | La Condicion Jurídica del Extranjero en México
meso,Area 3,Area3_M04,Area3_M04.json,C69,2752,Representaciones Sociales - Derecho,Representaciones Sociales - Derec...,Representaciones Sociales - Derecho,Representaciones Sociales - Derec...,current_clean,short_long,0.6043,0.0,Derecho,"Regeneracion de Monumentos Historicos del Siglo Xvii y Xviii en Huichapan, HGO | Secretaria de Relaciones Exteriores | Museo de Historia Natural"
meso,Area 3,Area3_M04,Area3_M04.json,C71,2739,Medios Comunicación - Derecho,Medios Comunicación - Derecho,Medios Comunicación - Derecho,Medios Comunicación - Derecho,current_clean,,0.6345,0.0,Derecho,"La Industria de Radio y Television en México, 1972 y la Organización de SU Cama... | Televisión Digital Terrestre en México | Investigacion de RED Inteligente con Desarrollo e Implementacion de UN Tutorial..."
meso,Area 3,Area3_M04,Area3_M04.json,C78,2466,Jurídica Social - Derecho,Jurídica Social - Derecho,Jurídica Social - Derecho,Jurídica Social - Derecho,current_clean,,0.7417,0.0,Derecho,La Despenalizacion del Aborto en México | Construcción de la Identidad Sexual y de Género en Hombres y Mujeres Adultas en... | El Delito de Incesto
meso,Area 3,Area3_M04,Area3_M04.json,C81,2374,Laboral Mexicano - Derecho,Laboral Mexicano - Derecho,Laboral Mexicano - Derecho,Laboral Mexicano - Derecho,current_clean,,0.8875,0.0,Derecho,Integracion del Sistema Mexicano de Seguridad Social | La Fuerza de Trabajo en Función A la Población en México | El Seguro Social en México
meso,Area 3,Area3_M04,Area3_M04.json,C87,2038,Ferrocarriles Nacionales - Ingeniería Civil,Ferrocarriles Nacionales - Ingeni...,Ferrocarriles Nacionales - Ingeniería Civil,Ferrocarriles Nacionales - Ingeni...,current_clean,short_long,0.4725,0.0,Ingeniería Civil,La Industria Automotriz en México | El Seguro Agricola en México | La Plataforma Continental Maritima de México y el Aprovechamiento Economico de...
meso,Area 3,Area3_M04,Area3_M04.json,C93,1758,Penal Mexicano - Derecho,Penal Mexicano - Derecho,Penal Mexicano - Derecho,Penal Mexicano - Derecho,current_clean,,0.934,0.0,Derecho,El Defensor de Oficio en el Procedimiento Penal Mexicano | Análisis del Sistema Penitenciario Mexicano | Los Tratados Internacionales Sobre Derechos Humanos y la Legislacion Mexicana
meso,Area 3,Area3_M04,Area3_M04.json,C117,820,Relaciones Comerciales Japon - Relaciones Internacion...,Relaciones Comerciales Japon - RE...,Relaciones Comerciales Japon - Relaciones Internacion...,Relaciones Comerciales Japon - Re...,current_clean,short_long,0.8024,0.0,Relaciones Internacionales,Las Inversiones Extranjeras en America Latina | Siete Migraciones Japonesas A México : 1890-1978 | Japon : la Tercera Potencia Mundial
meso,Area 3,Area3_M04,Area3_M04.json,C141,245,Sociedad Cooperativa - Derecho,Sociedad Cooperativa - Derecho,Sociedad Cooperativa - Derecho,Sociedad Cooperativa - Derecho,current_clean,,0.9755,0.0,Derecho,El Movimiento Cooperativo en México | El Cooperativismo en México | Las Sociedades Anonimas en México
meso,Area 3,Area3_M05,Area3_M05.json,C155,151,Industria Calzado - Economía,Industria Calzado - Economía,Industria Calzado - Economía,Industria Calzado - Economía,current_clean,,0.7219,0.0,Economía,Sistema Punto de Venta para la Comercializacion en la Industria del Calzado | Estudio de la Factibilidad para la Introduccion de UNA Nueva Marca de Calzado d... | La Industria del Calzado en México
meso,Area 3,Area3_M06,Area3_M06.json,C7,9251,Cuentas Cobrar - Contaduría,Cuentas Cobrar - Contaduría,Cuentas Cobrar - Contaduría,Cuentas Cobrar - Contaduría,current_clean,,0.8472,0.0,Contaduría,El Arrendamiento Como Fuente de Financiamiento | La Hipoteca Maritima | Auditoria de Activo Fijo
meso,Area 3,Area3_M06,Area3_M06.json,C43,3984,Materia Fiscal - Derecho,Materia Fiscal - Derecho,Materia Fiscal - Derecho,Materia Fiscal - Derecho,current_clean,,0.9779,0.0,Derecho,El Contador Publico y el Dictamen para Efectos Fiscales | El Recurso de Oposicion AL Procedimiento Administrativo de Ejecucion | Dividendos
meso,Area 3,Area3_M06,Area3_M06.json,C128,443,Estados Financieros - Contaduría,Estados Financieros - Contaduría,Estados Financieros - Contaduría,Estados Financieros - Contaduría,current_clean,,1.0,0.0,Contaduría,La Auditoria de Estados Financieros | Desarrollo de UNA Auditoria de Estados Financieros | Consolidacion de Estados Financieros
meso,Area 3,Area3_M06,Area3_M06.json,C136,297,Informacion Financiera - Contaduría,Informacion Financiera - Contadur...,Informacion Financiera - Contaduría,Informacion Financiera - Contadur...,current_clean,short_long,0.8923,0.0,Contaduría,Efectos de la Inflacion en la Informacion Financiera | Efectos de la Inflacion en la Informacion Financiera | La Informacion Financiera en Epocas de Inflacion
meso,Area 3,Area3_M07,Area3_M07.json,C47,3920,Industria Farmaceutica - Derecho,Industria Farmaceutica - Derecho,Industria Farmaceutica - Derecho,Industria Farmaceutica - Derecho,current_clean,,0.5064,0.0,Derecho,Reacciones Adversas A Medicamentos | La Administración por Objetivos en México | Programa de Maestria y Doctorado en Psicología Residencia en Psicología de las...
meso,Area 3,Area3_M08,Area3_M08.json,C116,827,Union Europea - Relaciones Internacionales,Union Europea - Relaciones Intern...,Union Europea - Relaciones Internacionales,Union Europea - Relaciones Intern...,current_clean,short_long,0.7074,0.0,Relaciones Internacionales,El Sistema Monetario Europeo | Las Platicas Sobre la Limitación de las Armas Estratégicas (Plae) y la Segurida... | Análisis de la Naturaleza Jurídica de la Union Europea
meso,Area 3,Area3_M09,Area3_M09.json,C143,232,Adopcion Internacional - Derecho,Adopcion Internacional - Derecho,Adopcion Internacional - Derecho,Adopcion Internacional - Derecho,current_clean,,0.9741,0.0,Derecho,Adopcion Internacional | La Adopcion | La Adopcion por Comportamiento
meso,Area 4,Area4_M00,Area4_M00.json,C5,11291,Filosofia,Filosofia,Filosofia,Filosofia,current_clean,,0.6439,0.0,Filosofia,Centro Parroquial | Centro Parroquial en el Estado de México | Centro Cultural Santa FE
meso,Area 4,Area4_M01,Area4_M01.json,C21,5649,Artes Visuales,Artes Visuales,Artes Visuales,Artes Visuales,current_clean,,0.5716,0.0,Artes Visuales,Instituto Nacional de Antropología e Historia | Floating TOY Museum | Análisis del Mural en la Obra de Diego Rivera Sueno de UNA Tarde Dominical en l...
meso,Area 4,Area4_M01,Area4_M01.json,C190,45,AMA Esto Dejalo - Psicología,AMA Esto Dejalo - Psicología,AMA Esto Dejalo - Psicología,AMA Esto Dejalo - Psicología,current_clean,,0.4889,0.0,Psicología,"Tatuaje UNA Expresion de la Violencia Contemporanea | Apuntes Sobre el Tatuaje | ""AMA Esto O Déjalo"" : Reflexiones Sociológicas Acerca del Oficio de Tatuador en..."
meso,Area 4,Area4_M02,Area4_M02.json,C31,4675,Ciencias de la Comunicación,Ciencias de la Comunicación,Ciencias de la Comunicación,Ciencias de la Comunicación,current_clean,low_area_purity,0.3814,0.0,Ciencias de la Comunicación,Conservatorio Nacional de Música | Intérprete en la Grabación de Música Mexicana | La Problematica del Ruido
meso,Area 4,Area4_M03,Area4_M03.json,C35,4480,Oral Escrita - Psicología,Oral Escrita - Psicología,Oral Escrita - Psicología,Oral Escrita - Psicología,current_clean,low_area_purity,0.3929,0.0,Psicología,"Patologia de la Lengua | Lesiones, Alteraciones y Enfermedades de la Lengua | Biblioteca Facultad de Ciencias"
meso,Area 4,Area4_M04,Area4_M04.json,C66,2993,Lengua y Literaturas Hispanicas,Lengua y Literaturas Hispanicas,Lengua y Literaturas Hispanicas,Lengua y Literaturas Hispanicas,current_clean,,0.6098,0.0,Lengua y Literaturas Hispanicas,Odontología Prehispanica en México | Informe Académico por Servicio Social en el Programa de Apoyo A la Comisión de... | Relación Publico Lector-prensa en la Ciudad de México y SU Vinculacion Ideologi...
meso,Area 4,Area4_M05,Area4_M05.json,C130,371,Escuela Danza - Arquitectura,Escuela Danza - Arquitectura,Escuela Danza - Arquitectura,Escuela Danza - Arquitectura,current_clean,,0.4367,0.0,Arquitectura,"Academia de Danza en el Puerto de Ensenada, B.C. | Escuela de Danza | Centro Universitario de Danza"
micro,Area 1,Area1_M00,Area1_M00.json,C10,8109,Municipio Mexicano - Arquitectura,Municipio Mexicano - Arquitectura,Municipio Mexicano - Arquitectura,Municipio Mexicano - Arquitectura,current_clean,,0.5207,0.0,Arquitectura,"El Problema de la Habitacion en México | Contribucion AL Conocimiento de la Avifauna de Bejucos, Municipio de Tejupilco,... | Edificio de Estacionamiento en la Ciudad de México"
micro,Area 1,Area1_M00,Area1_M00.json,C16,6964,Urbano Arquitectónico - Arquitectura,Urbano Arquitectónico - Arquitect...,Urbano Arquitectónico - Arquitectura,Urbano Arquitectónico - Arquitect...,current_clean,short_long,0.588,0.0,Arquitectura,Programas de Vivienda para Santiago Acahualtepec | Conjunto Habitacional | Centro de Investigaciones en Arquitectura y Urbanismo
micro,Area 1,Area1_M00,Area1_M00.json,C73,2634,Centro Cultural - Arquitectura,Centro Cultural - Arquitectura,Centro Cultural - Arquitectura,Centro Cultural - Arquitectura,current_clean,,0.4286,0.0,Arquitectura,"Centro Cultural Pizzica en Melpignano, Italia | Centro Cultural Iztapalapa | Museo Universitario Contemporaneo de Arte"
micro,Area 1,Area1_M00,Area1_M00.json,C79,2464,Organización Territorial - Arquitectura,Organización Territorial - Arquit...,Organización Territorial - Arquitectura,Organización Territorial - Arquit...,current_clean,short_long,0.4375,0.0,Arquitectura,Ampliacion Centro Vacacional Oaxtepec | Ampliacion Centro Vacacional Oaxtepec MOR | Condicion Jurídica del Turista en México
micro,Area 1,Area1_M00,Area1_M00.json,C107,1088,Ciudad Guanajuato - Arquitectura,Ciudad Guanajuato - Arquitectura,Ciudad Guanajuato - Arquitectura,Ciudad Guanajuato - Arquitectura,current_clean,,0.4945,0.0,Arquitectura,"Centro Comercial en Tijuana, Baja California | Palacio Municipal en Uruapan, Michoacan | Palacio Federal en Manzanillo, COL"
micro,Area 1,Area1_M00,Area1_M00.json,C126,497,Quintana Roo - Arquitectura,Quintana Roo - Arquitectura,Quintana Roo - Arquitectura,Quintana Roo - Arquitectura,current_clean,,1.0,0.0,Arquitectura,Hotel de Playa | Motel en Carretera | Hotel de Cinco Estrellas
micro,Area 1,Area1_M00,Area1_M00.json,C228,28,Artesanías Populares Uruapan - Arquitectura,Artesanías Populares Uruapan - AR...,Artesanías Populares Uruapan - Arquitectura,Artesanías Populares Uruapan - Ar...,current_clean,short_long,1.0,0.0,Arquitectura,"Museo Regional de Artesanías Populares en Uruapan, Mich | Museo Regional de Artesanías en Uruapan, Mich | Museo de Artesanías Populares en Uruapan, Michoacan"
micro,Area 1,Area1_M00,Area1_M00.json,C254,23,Teatro Ciudad - Arquitectura,Teatro Ciudad - Arquitectura,Teatro Ciudad - Arquitectura,Teatro Ciudad - Arquitectura,current_clean,,1.0,0.0,Arquitectura,Teatro en la Ciudad de México
micro,Area 1,Area1_M00,Area1_M00.json,C261,23,Casa Hogar - Arquitectura,Casa Hogar - Arquitectura,Casa Hogar - Arquitectura,Casa Hogar - Arquitectura,current_clean,,0.9565,0.0,Arquitectura,Casa Hogar para la Tercera Edad | Casa Hogar para el Adulto Mayor | Casa Hogar de la Tercera Edad
micro,Area 1,Area1_M00,Area1_M00.json,C263,22,Ciudad Universitaria - Arquitectura,Ciudad Universitaria - Arquitectu...,Ciudad Universitaria - Arquitectura,Ciudad Universitaria - Arquitectu...,current_clean,short_long,1.0,0.0,Arquitectura,"Escuela Nacional de Música en Ciudad Universitaria | Escuela Nacional de Música Ciudad Universitaria | Escuela Nacional de Música, Ciudad Universitaria"
micro,Area 1,Area1_M00,Area1_M00.json,C316,18,Centro Parroquial Cuernavaca - Arquitectura,Centro Parroquial Cuernavaca - AR...,Centro Parroquial Cuernavaca - Arquitectura,Centro Parroquial Cuernavaca - Ar...,current_clean,short_long,1.0,0.0,Arquitectura,"Centro Parroquial en Cuernavaca Morelos | Centro Parroquial en Cuernavaca, Morelos | Centro Parroquial en Cuernavaca, MOR"
micro,Area 1,Area1_M00,Area1_M00.json,C332,17,Residencia Estudiantes - Arquitectura,Residencia Estudiantes - Arquitec...,Residencia Estudiantes - Arquitectura,Residencia Estudiantes - Arquitec...,current_clean,short_long,1.0,0.0,Arquitectura,Residencia de Estudiantes | Residencia para Estudiantes Foraneos | Residencia para Estudiantes Foraneas
micro,Area 1,Area1_M00,Area1_M00.json,C336,17,Centro Infantil - Arquitectura,Centro Infantil - Arquitectura,Centro Infantil - Arquitectura,Centro Infantil - Arquitectura,current_clean,,1.0,0.0,Arquitectura,Centro de Desarrollo Infantil | Centro de Desarrollo Infantil Iztacalco | CEI : Centro de Desarrollo Infantil
micro,Area 1,Area1_M00,Area1_M00.json,C354,16,Escuela Nacional Música - Arquitectura,Escuela Nacional Música - Arquite...,Escuela Nacional Música - Arquitectura,Escuela Nacional Música - Arquite...,current_clean,short_long,1.0,0.0,Arquitectura,Escuela Nacional de Música | Escuela Nacional de Música | Escuela Nacional de Música Unam
micro,Area 1,Area1_M00,Area1_M00.json,C369,16,Hotel Ejecutivos - Arquitectura,Hotel Ejecutivos - Arquitectura,Hotel Ejecutivos - Arquitectura,Hotel Ejecutivos - Arquitectura,current_clean,,1.0,0.0,Arquitectura,Hotel para Ejecutivos en la Ciudad de México | Hotel para Ejecutivos en la Ciudad e México | Hotel para Ejecutivos en México
micro,Area 1,Area1_M00,Area1_M00.json,C373,16,Unidad Cultural Cinematografica - Arquitectura,Unidad Cultural Cinematografica -...,Unidad Cultural Cinematografica - Arquitectura,Unidad Cultural Cinematografica -...,current_clean,short_long,1.0,0.0,Arquitectura,Unidad Cultural Cinematografica | Unidad Culturales Cinematograficas
micro,Area 1,Area1_M00,Area1_M00.json,C422,12,Hotel Ejecutivos Ciudad - Arquitectura,Hotel Ejecutivos Ciudad - Arquite...,Hotel Ejecutivos Ciudad - Arquitectura,Hotel Ejecutivos Ciudad - Arquite...,current_clean,short_long,1.0,0.0,Arquitectura,"Hotel para Ejecutivos en México, D.F | Hotel para Ejecutivos en México D.F | Hotel para Ejecutivos en México, D. F"
micro,Area 1,Area1_M00,Area1_M00.json,C434,11,Museo Regional Artesanías - Arquitectura,Museo Regional Artesanías - Arqui...,Museo Regional Artesanías - Arquitectura,Museo Regional Artesanías - Arqui...,current_clean,short_long,1.0,0.0,Arquitectura,"Museo Regional de Artesanías Populares en Patzcuaro, Mich | Museo Regional de Artesanías Populares Patzuaro, Mich"
micro,Area 1,Area1_M00,Area1_M00.json,C468,9,Estadio Azteca - Ciencias de la Comunicación,Estadio Azteca - Ciencias de la C...,Estadio Azteca - Ciencias de la Comunicación,Estadio Azteca - Ciencias de la C...,current_clean,short_long,0.5556,0.0,Ciencias de la Comunicación,Acción de la Coordinación de Relaciones Públicas del Estadio Azteca | Plan de Relaciones Públicas para el Estadio Azteca | Renovación Arquitectónica e Intervención Urbana en la Zona del Estadio Azteca :...
micro,Area 1,Area1_M00,Area1_M00.json,C542,7,Muelle Museo - Arquitectura,Muelle Museo - Arquitectura,Muelle Museo - Arquitectura,Muelle Museo - Arquitectura,current_clean,,0.8571,0.0,Arquitectura,"Muelle-museo : Miami South Beach | Muelle-museo Florida, E.u.a | Muelle Museo 5TH AV Miami Beach"
micro,Area 1,Area1_M00,Area1_M00.json,C555,7,Hotel ZEN Lighthouse - Arquitectura,Hotel ZEN Lighthouse - Arquitectu...,Hotel ZEN Lighthouse - Arquitectura,Hotel ZEN Lighthouse - Arquitectu...,current_clean,short_long,1.0,0.0,Arquitectura,"Hotel ZEN Lighthouse, Valle de Bravo, México | Proyecto : Hotel ZEN Lighthouse, Valle de Bravo, Estado de México, México | Hotel ZEN Lighthouse : Hotel Sensorial Valle de Bravo, Estado de México"
micro,Area 1,Area1_M00,Area1_M00.json,C581,7,Meson Tianguis Mercado - Arquitectura,Meson Tianguis Mercado - Arquitec...,Meson Tianguis Mercado - Arquitectura,Meson Tianguis Mercado - Arquitec...,current_clean,short_long,1.0,0.0,Arquitectura,Meson y Tianguis en el Mercado de Jamaica
micro,Area 1,Area1_M00,Area1_M00.json,C582,7,Escuela Nacional - Arquitectura,Escuela Nacional - Arquitectura,Escuela Nacional - Arquitectura,Escuela Nacional - Arquitectura,current_clean,,1.0,0.0,Arquitectura,Escuela Nacional de Música en C.U | Escuela de Música en el Centro Cultural Universitario U.n.a.m | Escuela Nacional de Música en C.U. U.n.a.m
micro,Area 1,Area1_M00,Area1_M00.json,C741,5,Determinantes Estructurales Incid... - Arquitectura,Determinantes Estructurales Incid...,Determinantes Estructurales Incid... - Arquitectura,Determinantes Estructurales Incid...,current_clean,short_long,0.8,0.0,Arquitectura,Determinantes Estructurales QUE Inciden en el Desarrollo de Trastornos Mentales... | UNA Aproximacion Multimetodologica AL Estudio de las Representaciones Sociales... | Clínica en Soledad Graciano Sanchez SAN Luis Potosi : Estudio y Alternativas de...
micro,Area 1,Area1_M00,Area1_M00.json,C769,5,Cerro Judio - Arquitectura,Cerro Judio - Arquitectura,Cerro Judio - Arquitectura,Cerro Judio - Arquitectura,current_clean,,0.6,0.0,Arquitectura,"Planteamiento de Desarrollo Urbano y de Centro de Barrio Cerro del Judio, D.F | Unidad Habitacional Cerro del Judio | Apropiación y Disputa Simbólica del Espacio Urbano : el Barrio de Loreto y la C..."
micro,Area 1,Area1_M00,Area1_M00.json,C775,5,Ciencias Politicas y Administración Pública,Ciencias Politicas y Administraci...,Ciencias Politicas y Administración Pública,Ciencias Politicas y Administraci...,current_clean,short_long,0.4,0.0,Ciencias Politicas y Administración Pública,"Caracterización de la Movilidad NO Motorizada e Incidencias de Tránsito en Zona... | Programa Autobuses Aula, Instaurado Como Alternativa Parcial Ante la Insuficien... | Administración Pública y Política Social en México, Estudio de Caso : Programa..."
micro,Area 1,Area1_M00,Area1_M00.json,C831,5,Indios Verdes - Arquitectura,Indios Verdes - Arquitectura,Indios Verdes - Arquitectura,Indios Verdes - Arquitectura,current_clean,,0.8,0.0,Arquitectura,"Centro de Transferencia Modal Indios Verdes | Revitalización del Mercado Indios Verdes | Estación de Transferencia Multimodal Indios Verdes : Recuperación, Reactivación..."
micro,Area 1,Area1_M00,Area1_M00.json,C887,5,Borde Chapultepec - Arquitectura,Borde Chapultepec - Arquitectura,Borde Chapultepec - Arquitectura,Borde Chapultepec - Arquitectura,current_clean,,1.0,0.0,Arquitectura,Chapultepec+chapultepec : Conexión Urbana | Chapultepec Lomas : Portal Urbano | Bordes de Ciudad : Borde de Chapultepec - Jardín Gandhi
micro,Area 1,Area1_M01,Area1_M01.json,C38,4226,Geológico Área - Ingeniería Civil,Geológico Área - Ingeniería Civil,Geológico Área - Ingeniería Civil,Geológico Área - Ingeniería Civil,current_clean,,0.7745,0.0,Ingeniería Civil,Instrumentacion en Tuneles | Sistemas de Informacion Geografica | Pavimentos Asfalticos
micro,Area 1,Area1_M01,Area1_M01.json,C50,3785,Estructura Concreto - Ingeniería Civil,Estructura Concreto - Ingeniería...,Estructura Concreto - Ingeniería Civil,Estructura Concreto - Ingeniería...,current_clean,short_long,0.8634,0.0,Ingeniería Civil,Calculo de UNA Estructura de Concreto Armado | Calculo de la Estructura de UN Edificio | Desarrollo de Herramientas de Análisis Estructural para SU USO Desde la Internet
micro,Area 1,Area1_M01,Area1_M01.json,C112,994,Puente Definitivo Camino - Ingeniería Civil,Puente Definitivo Camino - Ingeni...,Puente Definitivo Camino - Ingeniería Civil,Puente Definitivo Camino - Ingeni...,current_clean,short_long,0.9034,0.0,Ingeniería Civil,Proyecto de Puente Carretero Sobre el RIO Champoton | Puentes Maryland | Puentes Removibles
micro,Area 1,Area1_M01,Area1_M01.json,C163,98,Tipo Gravedad - Ingeniería Civil,Tipo Gravedad - Ingeniería Civil,Tipo Gravedad - Ingeniería Civil,Tipo Gravedad - Ingeniería Civil,current_clean,,0.898,0.0,Ingeniería Civil,Diseno de UNA Cortina de Materiales Graduados | Anteproyecto de UNA Cortina de Concreto Tipo Gravedad | Proyecto de UNA Planta para Fabricar Prensas de Cortina
micro,Area 1,Area1_M01,Area1_M01.json,C428,11,Definitivo Puente - Ingeniería Civil,Definitivo Puente - Ingeniería CI...,Definitivo Puente - Ingeniería Civil,Definitivo Puente - Ingeniería Ci...,current_clean,short_long,1.0,0.0,Ingeniería Civil,[Diseno de UNA Estructura para Puente de Carga H-20 y de Doble Linea de Transit... | Proyecto Definitivo de UN Puente para Camino Carretero de Doble Linea de Circul... | [Estudios de Campo y Proyecto Definitivo de UN Puente para Camino de DOS Lineas...
micro,Area 1,Area1_M01,Area1_M01.json,C459,10,Metodo Kani - Ingeniería Civil,Metodo Kani - Ingeniería Civil,Metodo Kani - Ingeniería Civil,Metodo Kani - Ingeniería Civil,current_clean,,1.0,0.0,Ingeniería Civil,Análisis y Diseño de UNA Estructura por el Metodo Kani | Análisis y Diseño de UN Edificio por el Metodo de Kani | El Metodo Hoshin Kanri
micro,Area 1,Area1_M01,Area1_M01.json,C565,7,Resistividad Eléctrica - Ingeniería Geofisica,Resistividad Eléctrica - Ingenier...,Resistividad Eléctrica - Ingeniería Geofisica,Resistividad Eléctrica - Ingenier...,current_clean,short_long,0.8571,0.0,Ingeniería Geofisica,Tomografía de Resistividad Eléctrica 3D en Centro Histórico de la Ciudad de Mor... | Tomografías de Resistividad Eléctrica 3D en la Pirámide del Castillo en Chichén... | Prospección Eléctrica en Zonas Costeras de México por Medio de Tomografía de Re...
micro,Area 1,Area1_M01,Area1_M01.json,C683,6,Modelos Digitales Elevacion - Ingeniería Geofisica,Modelos Digitales Elevacion - ING...,Modelos Digitales Elevacion - Ingeniería Geofisica,Modelos Digitales Elevacion - Ing...,current_clean,short_long,0.8333,0.0,Ingeniería Geofisica,"Correccion Topografica de los Datos Gravimetricos Utilizando UNA Computadora Di... | Correccion Topografica de Datos Gravimetricos Utilizando Modelos de Elevacion D... | El Sistema Lidar Aplicado A la Geomática, Generando Modelos Digitales de Elevac..."
micro,Area 1,Area1_M01,Area1_M01.json,C844,5,Bahia PAZ - Ciencias del MAR y Limnolog...,Bahia PAZ - Ciencias del MAR y LI...,Bahia PAZ - Ciencias del MAR y Limnolog...,Bahia PAZ - Ciencias del MAR y Li...,current_clean,short_long,1.0,0.0,Ciencias del MAR y Limnologia,"Análisis de las Características del Giro Ciclónico de la Bahía de la PAZ | Modelación de la Circulación en la Bahía de la PAZ, B. C. S | Aplicación de UN Modelo Npz-hidrodinámico A la Bahía de la PAZ"
micro,Area 1,Area1_M02,Area1_M02.json,C9,8245,Abastecimiento Agua - Ingeniería Civil,Abastecimiento Agua - Ingeniería...,Abastecimiento Agua - Ingeniería Civil,Abastecimiento Agua - Ingeniería...,current_clean,short_long,0.713,0.0,Ingeniería Civil,"Abastecimiento de Agua Potable en Sola de Vega, Oaxaca | La Laguna Centro Social y Cultural | Seleccion de Instrumentos para la Medicion de Flujo"
micro,Area 1,Area1_M02,Area1_M02.json,C17,6877,Gas Licuado Petróleo - Ingeniería Química,Gas Licuado Petróleo - Ingeniería...,Gas Licuado Petróleo - Ingeniería Química,Gas Licuado Petróleo - Ingeniería...,current_clean,short_long,0.6411,0.0,Ingeniería Química,Estimacion Automatizada de la Recuperacion de Aceite por Medio de Inyeccion de... | Hornos para Ladrillos : Estudio Previo A la Elaboracion de Disenos para SU Cons... | Calculo del Volumen Original de Hidrocarburos por el Metodo de Isohidrocarburos
micro,Area 1,Area1_M02,Area1_M02.json,C32,4672,Instalaciones Electricas - Ingeniería Mecánica Eléctr...,Instalaciones Electricas - Ingeni...,Instalaciones Electricas - Ingeniería Mecánica Eléctr...,Instalaciones Electricas - Ingeni...,current_clean,short_long,0.7652,0.0,Ingeniería Mecánica Eléctrica,Estudio del Corto Circuito | Estudio de UNA Posible Distribucion y Readaptacion Modular del Laboratorio de C... | Finanzas Corporativas : Optimización de Inventarios para Incrementar la Rentabi...
micro,Area 1,Area1_M02,Area1_M02.json,C40,4147,Fabrica Productos Quimicos - Ingeniería Química,Fabrica Productos Quimicos - Inge...,Fabrica Productos Quimicos - Ingeniería Química,Fabrica Productos Quimicos - Inge...,current_clean,short_long,0.5223,0.0,Ingeniería Química,"Auditoria de Inmuebles, Maquinaria y Equipo | Reestructuracion de la COL. SAN Lorenzo la Cebada, Xochimilco | Organización Administrativa y Contable de UNA Fabrica de Papel"
micro,Area 1,Area1_M02,Area1_M02.json,C174,59,Rastro Frigorifico - Arquitectura,Rastro Frigorifico - Arquitectura,Rastro Frigorifico - Arquitectura,Rastro Frigorifico - Arquitectura,current_clean,,0.9322,0.0,Arquitectura,"Rastro y Frigorifico en Uruapan, Michoacan | Rastro y Frigorifico | Rastro y Frigorifico en la Ciudad de Uruapan, Mich"
micro,Area 1,Area1_M02,Area1_M02.json,C266,22,Asbesto Cemento - Ingeniería Mecánica Eléctri...,Asbesto Cemento - Ingeniería Mecá...,Asbesto Cemento - Ingeniería Mecánica Eléctri...,Asbesto Cemento - Ingeniería Mecá...,current_clean,short_long,0.5909,0.0,Ingeniería Mecánica Eléctrica,Generalidades Sobre la Organización de la Industria Asbesto Cemento | El Asbesto Cemento y SU Aplicacion en Tuberias de Presion | Investigación de UN Sustituyente del Asbesto en la Formulación de Compuestos Mo...
micro,Area 1,Area1_M02,Area1_M02.json,C312,18,Jaula Ardilla - Ingeniería Mecánica Eléctri...,Jaula Ardilla - Ingeniería Mecáni...,Jaula Ardilla - Ingeniería Mecánica Eléctri...,Jaula Ardilla - Ingeniería Mecáni...,current_clean,short_long,0.9444,0.0,Ingeniería Mecánica Eléctrica,Arranque de Motores de Induccion Polifasicos de Jaula de Ardilla | Análisis del Metodo de Prueba para Obtener la Eficiencia Energetica de UN Motor... | Control de la Velocidad de UN Motor Jaula de Ardilla por Medio de UN Altivar
micro,Area 1,Area1_M02,Area1_M02.json,C444,10,Gasoducto Cactus - Ingeniería Química,Gasoducto Cactus - Ingeniería QUÍ...,Gasoducto Cactus - Ingeniería Química,Gasoducto Cactus - Ingeniería Quí...,current_clean,short_long,0.6,0.0,Ingeniería Química,"Diseno y Construccion del Gasoducto Cactus-ciudad Pemex | Anteproyecto para la Recuperacion de Condensables del Gas Amargo en la Unidad P... | Sustitucion de la Linea Conductora de 48"" D.N. A Base de Perforación Horizontal..."
micro,Area 1,Area1_M02,Area1_M02.json,C453,10,Procesos Difusion - Matemáticas,Procesos Difusion - Matemáticas,Procesos Difusion - Matemáticas,Procesos Difusion - Matemáticas,current_clean,,0.7,0.0,Matemáticas,Cambios Observados en la Difusión | Estimación de la Densidad de UN Proceso de Difusión Mediante el Cálculo de Mall... | Sobre la Construcción y Estimación de Procesos de Difusión Estacionarios
micro,Area 1,Area1_M02,Area1_M02.json,C524,7,Sistemas Cogeneracion - Ingeniería Mecánica Eléctri...,Sistemas Cogeneracion - Ingenierí...,Sistemas Cogeneracion - Ingeniería Mecánica Eléctri...,Sistemas Cogeneracion - Ingenierí...,current_clean,short_long,0.8571,0.0,Ingeniería Mecánica Eléctrica,Desarrollo de UN Programa de Computo para Apoyo en los Estudios de Prefactibili... | La Cogeneracion en la Unam : UNA Propuesta de Innovacion Tecnologica | Metodologia para Determinar la Factibilidad Tecnico-economica de Instalar Siste...
micro,Area 1,Area1_M02,Area1_M02.json,C545,7,Proyectos IPC - Ingeniería Química,Proyectos IPC - Ingeniería Química,Proyectos IPC - Ingeniería Química,Proyectos IPC - Ingeniería Química,current_clean,,0.5714,0.0,Ingeniería Química,"Organización, Planeacion y Programacion del Proceso Constructivo IPC Aplicado A... | Metodología y Estrategias para Elaborar Propuestas Exitosas en Proyectos IPC | Principios Basicos para el Inicio Exitoso de UN Proyecto IPC, de UNA Planta de..."
micro,Area 1,Area1_M02,Area1_M02.json,C552,7,Ingeniería Energía,Ingeniería Energía,Ingeniería Energía,Ingeniería Energía,current_clean,,0.8571,0.0,Ingeniería Energía,Diseño de UN Secador Geotérmico de Café | Diseño y Construcción de UN Secador Solar para Semilla de Café | Hacia UNA Cafetera Solar
micro,Area 1,Area1_M02,Area1_M02.json,C637,6,Plan Milpa Alta - Arquitectura,Plan Milpa Alta - Arquitectura,Plan Milpa Alta - Arquitectura,Plan Milpa Alta - Arquitectura,current_clean,,1.0,0.0,Arquitectura,Plan Milpa Alta
micro,Area 1,Area1_M02,Area1_M02.json,C712,5,Experimental Factor Resistividad - Ingeniería Petrole...,Experimental Factor Resistividad...,Experimental Factor Resistividad - Ingeniería Petrole...,Experimental Factor Resistividad...,current_clean,short_long,1.0,0.0,Ingeniería Petrolera,"Estudio Experimental del Factor de Resistividad y la Porosidad en Medios NO Con... | Análisis e Interpretacion de Correlaciones Porosidad Permeabilidad de Medios Po... | Análisis de la Presion para Yacimientos de Doble Porosidad, Mediante el Algorit..."
micro,Area 1,Area1_M02,Area1_M02.json,C796,5,Tratamiento Aguas Residuales - Ingeniería Química,Tratamiento Aguas Residuales - IN...,Tratamiento Aguas Residuales - Ingeniería Química,Tratamiento Aguas Residuales - In...,current_clean,short_long,0.6,0.0,Ingeniería Química,Diseño e Implementacion de UN Sistema de Tratamiento de Aguas Residuales para U... | Estudio de la Construccion de UNA Planta para Tratamientos de los Productos de... | Análisis de las Técnicas de Tratamiento de Aguas Residuales Aplicables A la Ind...
micro,Area 1,Area1_M02,Area1_M02.json,C797,5,Generador Tormentas - Ingeniería Civil,Generador Tormentas - Ingeniería...,Generador Tormentas - Ingeniería Civil,Generador Tormentas - Ingeniería...,current_clean,short_long,0.8,0.0,Ingeniería Civil,Elaboración del Manual de UN Programa Generador de Tormentas | Propuesta de Metodologia para Diseño de Ciclones | Aparatos Meteorologicos A Partir de Modelos Artesanales
micro,Area 1,Area1_M02,Area1_M02.json,C808,5,Cuatro Barras - Ingeniería Mecánica Eléctri...,Cuatro Barras - Ingeniería Mecáni...,Cuatro Barras - Ingeniería Mecánica Eléctri...,Cuatro Barras - Ingeniería Mecáni...,current_clean,short_long,1.0,0.0,Ingeniería Mecánica Eléctrica,Métodos Numericos para el Análisis y Sintesis de Mecanismos de Barras Articulad... | Simulacion y Análisis de UN Mecanismo de Cuatro Barras | Elementos para el Diseño de Barras Colectoras en Subestaciones
micro,Area 1,Area1_M02,Area1_M02.json,C842,5,Redes Neuronales - Ingeniería Mecánica,Redes Neuronales - Ingeniería MEC...,Redes Neuronales - Ingeniería Mecánica,Redes Neuronales - Ingeniería Mec...,current_clean,short_long,1.0,0.0,Ingeniería Mecánica,Desarrollo de UN Modelo Bifásico para el Transporte de Petróleo Pesado con Base... | Aplicación de Redes Neuronales en la Ingeniería Petrolera | Implementación de Redes Neuronales para Generar Oleaje Utilizando Datos de Vien...
micro,Area 1,Area1_M02,Area1_M02.json,C883,5,Valvulas Mariposa - Ingeniería Mecánica Eléctri...,Valvulas Mariposa - Ingeniería ME...,Valvulas Mariposa - Ingeniería Mecánica Eléctri...,Valvulas Mariposa - Ingeniería Me...,current_clean,short_long,0.8,0.0,Ingeniería Mecánica Eléctrica,Monografia Sobre las Valvulas de Mariposa | Planeacion de Fabricacion de las Valvulas de Mariposa de las Turbinas Hidraulic... | Fabricacion y Montaje de UNA Valvula de Mariposa para la Planta Hidroelectrica...
micro,Area 1,Area1_M03,Area1_M03.json,C70,2752,Centro Divulgacion - Física,Centro Divulgacion - Física,Centro Divulgacion - Física,Centro Divulgacion - Física,current_clean,,0.8223,0.0,Física,Coronas Telescopicas | Modelos Numéricos de Chorros Astrofísicos Variables | Centro de Divulgacion de Estudios Astronomicos : Centro Cultural Universitario
micro,Area 1,Area1_M03,Area1_M03.json,C95,1647,Trampa Magneto Óptica - Física,Trampa Magneto Óptica - Física,Trampa Magneto Óptica - Física,Trampa Magneto Óptica - Física,current_clean,,0.7614,0.0,Física,"Aplicacion del Rayo Laser en Odontología | Laser en Operatoria Dental | Síntesis, Caracterización Estructural y Propiedades Magnéticas de Manganitas LA2"
micro,Area 1,Area1_M03,Area1_M03.json,C96,1590,Reactores Nucleares - Física,Reactores Nucleares - Física,Reactores Nucleares - Física,Reactores Nucleares - Física,current_clean,,0.6314,0.0,Física,Higiene de las Radiaciones | Métodos Matematicos Aplicados AL Análisis y Simulacion de Reactores Quimicos | Utilizacion de la Energía Nuclear en México para la Produccion de Energía Eléct...
micro,Area 1,Area1_M03,Area1_M03.json,C330,17,Interferometria Holografica - Física,Interferometria Holografica - FÍS...,Interferometria Holografica - Física,Interferometria Holografica - Fís...,current_clean,short_long,0.8824,0.0,Física,Interferometria Holografica y SU Aplicacion AL Análisis de Deformaciones | De la Fotografía A la Holografía | Guia de Diseño Holografico
micro,Area 1,Area1_M03,Area1_M03.json,C518,8,Ciencias e Ingeniería de Materiales,Ciencias e Ingeniería de Material...,Ciencias e Ingeniería de Materiales,Ciencias e Ingeniería de Material...,current_clean,short_long,1.0,0.0,Ciencias e Ingeniería de Materiales,Espectroscopia Óptica y Efectos Opticos NO Lineales en Knbo3 : CR | Espectroscopia Óptica del Linbo3: CR; GE | Espectroscopia y Altas Presiones en Linbo3 : CR
micro,Area 1,Area1_M03,Area1_M03.json,C529,7,Sistemas WDM - Ingeniería en Telecomunicac...,Sistemas WDM - Ingeniería en Tele...,Sistemas WDM - Ingeniería en Telecomunicac...,Sistemas WDM - Ingeniería en Tele...,current_clean,short_long,1.0,0.0,Ingeniería en Telecomunicaciones,Análisis del Desempeño de Sistemas WDM Utilizando Formatos Avanzados de Modulac... | Estudio de Sistemas Ópticos WDM para SU Implantación en Redes de Alta Velocidad | Análisis de Sistemas WDM Como Interfaz Óptica para Etherneta 100y 400 GB
micro,Area 1,Area1_M03,Area1_M03.json,C573,7,Medicion Radon - Ingeniería Química,Medicion Radon - Ingeniería Quími...,Medicion Radon - Ingeniería Química,Medicion Radon - Ingeniería Quími...,current_clean,short_long,0.5714,0.0,Ingeniería Química,Correlacion Entre las Mediciones A Corto y Largo Plazo de Radon en Interiores | Medición de Radón en Xochimilco y Correlación Entre las Mediciones de Corto y L... | Medidas de Radon
micro,Area 1,Area1_M03,Area1_M03.json,C577,7,Ceramico Superconductor - Física,Ceramico Superconductor - Física,Ceramico Superconductor - Física,Ceramico Superconductor - Física,current_clean,,0.7143,0.0,Física,Estudio Experimental Sobre el Nuevo Ceramico Superconductor Y-ba-cu-o | Superconductividad en Compuestos Ceramicos con Estructura ND2 Cuo4 | Estructura y Crecimiento de Grano en Oxidos Ceramicos Superconductores
micro,Area 1,Area1_M03,Area1_M03.json,C583,7,Lineas Transmision - Ingeniería Eléctrica Electr...,Lineas Transmision - Ingeniería e...,Lineas Transmision - Ingeniería Eléctrica Electr...,Lineas Transmision - Ingeniería E...,current_clean,short_long,1.0,0.0,Ingeniería Eléctrica Electronica,Localización de Fallas en Líneas de Transmisión Basada en Modos de Correlación... | Localización de Fallas en Líneas de Transmisión Empleando Métodos Basados en Me... | Estudiar la Aplicación de UN Método Electrónico para Localizar Fallas en Líneas...
micro,Area 1,Area1_M03,Area1_M03.json,C601,6,Nucleos Naturalmente Fracturados - Ingeniería Petrole...,Nucleos Naturalmente Fracturados...,Nucleos Naturalmente Fracturados - Ingeniería Petrole...,Nucleos Naturalmente Fracturados...,current_clean,short_long,1.0,0.0,Ingeniería Petrolera,Calculo de Permeabilidades Relativas en Nucleos Naturalmente Fracturados | Determinación de Porosidad y Resistividad en Nucleos de Diametro Completo de Ya... | Compresibilidad del Volumen Poroso en Nucleos Naturalmente Fracturados
micro,Area 1,Area1_M03,Area1_M03.json,C618,6,Resonancia Paramagnetica Electron... - Física,Resonancia Paramagnetica Electron...,Resonancia Paramagnetica Electron... - Física,Resonancia Paramagnetica Electron...,current_clean,short_long,1.0,0.0,Física,Resonancia Paramagnetica Electronica de MN2 +: LI CL | Resonancia Paramagnetica Electronica de MN++ en Cloruro de Sodio | Resonancia Paramagnetica Electronica del ION MN 2+ en la RED Cristalina del Rbcl
micro,Area 1,Area1_M03,Area1_M03.json,C644,6,Receptor Nuclear - Biología,Receptor Nuclear - Biología,Receptor Nuclear - Biología,Receptor Nuclear - Biología,current_clean,,0.6667,0.0,Biología,Estudio de los Mecanismos Moleculares del Receptor Nuclear Nur77 en la Modulaci... | Estudio de las Bases Moleculares para Regular la Autofagia por el Receptor Nucl... | Estudio de la Muerte Celular Autofágica Mediada por el Receptor Nuclear Nur77
micro,Area 1,Area1_M03,Area1_M03.json,C652,6,Moleculas Diatomicas - Física,Moleculas Diatomicas - Física,Moleculas Diatomicas - Física,Moleculas Diatomicas - Física,current_clean,,0.6667,0.0,Física,Estudio Teorico Sobre la Interaccion de Moleculas Diatomicas con Sistemas Model... | Obtencion de Curvas de Potencial para Moleculas Diatomicas A Partir de Datos Es... | Descripcion Espectroscopica de Moleculas Diatomicas Mediante Métodos Algebraicos
micro,Area 1,Area1_M03,Area1_M03.json,C662,6,Gas SF6 - Ingeniería Mecánica Eléctri...,Gas SF6 - Ingeniería Mecánica ELÉ...,Gas SF6 - Ingeniería Mecánica Eléctri...,Gas SF6 - Ingeniería Mecánica Elé...,current_clean,short_long,1.0,0.0,Ingeniería Mecánica Eléctrica,Interruptores de Potencia en Gas (SF6) | Interruptores de Alto Voltaje A Gas (SF6) | Interruptores de Potencia en Gas SF6
micro,Area 1,Area1_M03,Area1_M03.json,C726,5,Fotometria CCD Cumulo - Física,Fotometria CCD Cumulo - Física,Fotometria CCD Cumulo - Física,Fotometria CCD Cumulo - Física,current_clean,,1.0,0.0,Física,Fotometría CCD del Cúmulo Globular NGC 6093 | Estudio Fotométrico de los Cúmulos Abiertos Ngc2335 y Ngc2302 | Modelos Combinados de Fotoionización para Ngc6153
micro,Area 1,Area1_M03,Area1_M03.json,C747,5,Frecuencias - Hidraulica,Frecuencias - Hidraulica,Frecuencias - Hidraulica,Frecuencias - Hidraulica,current_clean,,1.0,0.0,Hidraulica,Análisis de Frecuencias Regional de Sequias | Análisis de Frecuencias de Sequias para el Estado de Sinaloa | Análisis Regional de Sequias
micro,Area 1,Area1_M03,Area1_M03.json,C784,5,Rayleigh Benard - Física,Rayleigh Benard - Física,Rayleigh Benard - Física,Rayleigh Benard - Física,current_clean,,1.0,0.0,Física,El Problema de Rayleigh-bénard en UN Contenedor Cilíndrico | Perturbaciones Fuertes y Débiles AL Oscilador de Rayleigh | UN Dispositivo para Estudiar la Inestabilidad de Rayleigh-bénard
micro,Area 1,Area1_M03,Area1_M03.json,C809,5,Thermococcus Gammatolerans - Biología,Thermococcus Gammatolerans - Biol...,Thermococcus Gammatolerans - Biología,Thermococcus Gammatolerans - Biol...,current_clean,short_long,0.6,0.0,Biología,Adaptaciones del Antígeno Nuclear de Células en Proliferación (Pcna) de Thermoc... | Determinación de la Estructura Cristalográfica del Antígeno Nuclear de Células... | Caracterizacion de la Estabilidad Conformacional de la Subunidad [Beta] de la A...
micro,Area 1,Area1_M03,Area1_M03.json,C884,5,Resonancia Magnetica - Física,Resonancia Magnetica - Física,Resonancia Magnetica - Física,Resonancia Magnetica - Física,current_clean,,1.0,0.0,Física,Antena Superficial para Imagenologia y Espectroscopia por Resonancia Magnetica | Desarrollo e Implementación de UN Metamaterial para Imagenología por Resonancia... | Estudio de la Homogeneidad de la Imagen por Resonancia Magnética con UN Diseño...
micro,Area 1,Area1_M03,Area1_M03.json,C904,5,Extrusion Angular - Ciencia e Ingeniería de MAT...,Extrusion Angular - Ciencia e ING...,Extrusion Angular - Ciencia e Ingeniería de MAT...,Extrusion Angular - Ciencia e Ing...,current_clean,short_long,0.8,0.0,Ciencia e Ingeniería de Materiales,Estudio Microestructural y Mecánico de UNA Aleación Al-20sn (% en Masa) Sometid... | Estudio Microestructural de UNA Aleación Aa5083 Sometida A UN Proceso de Extrus... | Estudio Microestructural y Mecánico de UNA Aleación de Aluminio 6061-t6 Sometid...
micro,Area 1,Area1_M03,Area1_M03.json,C906,5,Mecanismos Accion Protectora - Biología,Mecanismos Accion Protectora - BI...,Mecanismos Accion Protectora - Biología,Mecanismos Accion Protectora - Bi...,current_clean,short_long,0.8,0.0,Biología,Mecanismos de la Acción Protectora de la Taurina Sobre la Estructura del Fotorr... | La Taurina Como Estabilizador de Membranas en los Fotorreceptores | Efecto Estabilizador de la Taurina en los Fotorreceptores
micro,Area 1,Area1_M04,Area1_M04.json,C94,1653,Cambio Climatico - Ciencias de la Tierra,Cambio Climatico - Ciencias de la...,Cambio Climatico - Ciencias de la Tierra,Cambio Climatico - Ciencias de la...,current_clean,short_long,0.4864,0.0,Ciencias de la Tierra,"Proyecto Electrico de la Subestacion de la Planta de Etileno de la Cangrejera,... | Instrumentacion en Meteorologia | Proyecto Electrico de la Subestacion de la Planta de Etileno de la Cangrejera V..."
micro,Area 1,Area1_M04,Area1_M04.json,C457,10,Bolsa Mexicana Valores - Ingeniería de Sistemas,Bolsa Mexicana Valores - Ingenier...,Bolsa Mexicana Valores - Ingeniería de Sistemas,Bolsa Mexicana Valores - Ingenier...,current_clean,short_long,0.7,0.0,Ingeniería de Sistemas,Machine Learning en el Pronóstico del Índice de Precios y Cotizaciones de la Bo... | Técnicas de Aprendizaje de Máquina para la Predicción de Movimientos del Mercad... | Pronóstico de Ventas Utilizando Redes Neuronales Artificiales : UNA Aplicación...
micro,Area 1,Area1_M04,Area1_M04.json,C506,8,Tema Cambio Climatico - Biología,Tema Cambio Climatico - Biología,Tema Cambio Climatico - Biología,Tema Cambio Climatico - Biología,current_clean,,0.625,0.0,Biología,Estrategia Didáctica para la Enseñanza del Tema Cambio Climático con Estudiante... | La Educación para la Salud Como Apoyo Psicologico Durante el Climaterio | Educación en el Climaterio para UNA Vejez Exitosa
micro,Area 1,Area1_M05,Area1_M05.json,C108,1076,Contrato Seguro - Actuaría,Contrato Seguro - Actuaría,Contrato Seguro - Actuaría,Contrato Seguro - Actuaría,current_clean,,0.5177,0.0,Actuaría,Guía Basica de Administración de Riesgos para las Micro y Pequeñas Empresas de... | El Riesgo en el Contrato de Seguro | El Contrato de Seguro Contra la Responsabilidad Civil
micro,Area 1,Area1_M05,Area1_M05.json,C445,10,Distrito Federal - Ingeniería Civil,Distrito Federal - Ingeniería CIV...,Distrito Federal - Ingeniería Civil,Distrito Federal - Ingeniería Civ...,current_clean,short_long,0.8,0.0,Ingeniería Civil,Valuacion Catastral de Predios en el Distrito Federal | La Valuacion Catastral en el Distrito Federal | Valuacion de Predios Catastrales en el Distrito Federal
micro,Area 1,Area1_M05,Area1_M05.json,C500,8,Reserva Siniestros - Actuaría,Reserva Siniestros - Actuaría,Reserva Siniestros - Actuaría,Reserva Siniestros - Actuaría,current_clean,,1.0,0.0,Actuaría,Calculo Alternativo para la Determinación de la Reserva de Siniestros Ocurridos... | Modelos Estocásticos Aplicados para la Estimación de la Reserva de Siniestros O... | Algunos Métodos para el Calculo de Reservas de Siniestros Ocurridos y NO Report...
micro,Area 1,Area1_M05,Area1_M05.json,C569,7,Infraestructura Inmobiliaria - Ingeniería Civil,Infraestructura Inmobiliaria - IN...,Infraestructura Inmobiliaria - Ingeniería Civil,Infraestructura Inmobiliaria - In...,current_clean,short_long,1.0,0.0,Ingeniería Civil,Revision y Propuesta para el Desarrollo de la Infraestructura Inmobiliaria Médi... | Diagnostico y Propuesta para el Desarrollo de la Infraestructura Inmobiliaria d... | Análisis de la Metodologia de Planeacion Utilizada en el Plan Maestro Regional...
micro,Area 1,Area1_M05,Area1_M05.json,C672,6,Seguro Educacional - Actuaría,Seguro Educacional - Actuaría,Seguro Educacional - Actuaría,Seguro Educacional - Actuaría,current_clean,,0.6667,0.0,Actuaría,El Seguro Educacional : UNA Aplicacion AL Seguro de Vida | El Seguro Facultativo de los Estudiantes de la Unam | El Seguro Facultativo de las Personas QUE Cursen Estudios de Nivel Medio y Supe...
micro,Area 1,Area1_M05,Area1_M05.json,C752,5,Balanced Scorecard - Ingeniería de Sistemas,Balanced Scorecard - Ingeniería D...,Balanced Scorecard - Ingeniería de Sistemas,Balanced Scorecard - Ingeniería d...,current_clean,short_long,0.6,0.0,Ingeniería de Sistemas,La Planeacion Estrategica Mediante el Marcador Balanceado (Balanced Scorecard)... | El Desarrollo del Balanced Scorecard Como Herramienta para Alcanzar los Objetiv... | Modelo de Sistemas Viables Como Herramienta de Diseño para Mejorar la Implement...
micro,Area 1,Area1_M05,Area1_M05.json,C756,5,Valuacion Actuarial - Actuaría,Valuacion Actuarial - Actuaría,Valuacion Actuarial - Actuaría,Valuacion Actuarial - Actuaría,current_clean,,1.0,0.0,Actuaría,"Elementos, Procedimientos y Análisis de la Valuacion Actuarial | La Tecnica Actuarial Aplicada A la Valuacion y Financiamiento de la Prima de An... | Valuacion Actuarial Inicial y Subsecuente de Pasivos Contingentes de Acuerdo co..."
micro,Area 1,Area1_M05,Area1_M05.json,C886,5,Contratos Colectivos - Actuaría,Contratos Colectivos - Actuaría,Contratos Colectivos - Actuaría,Contratos Colectivos - Actuaría,current_clean,,0.6,0.0,Actuaría,Consideraciones Actuariales para la Valuacion de Beneficios Contingentes en los... | Modelo Matematico para la Evaluación del Costo de UN Contrato Colectivo de Trab... | El Concepto Legal de Salario SU Aplicacion en los Contratos Colectivos
micro,Area 1,Area1_M06,Area1_M06.json,C144,218,Estacion Bomberos - Arquitectura,Estacion Bomberos - Arquitectura,Estacion Bomberos - Arquitectura,Estacion Bomberos - Arquitectura,current_clean,,0.9817,0.0,Arquitectura,Central de Bomberos en Culiacan Sinaloa | Estación de Bomberos Milpa Alta | Central de Bomberos
micro,Area 1,Area1_M06,Area1_M06.json,C323,18,Escuela Preparatoria Piloto - Arquitectura,Escuela Preparatoria Piloto - ARQ...,Escuela Preparatoria Piloto - Arquitectura,Escuela Preparatoria Piloto - Arq...,current_clean,short_long,1.0,0.0,Arquitectura,Escuela Preparatoria Piloto para la U.n.a.m
micro,Area 1,Area1_M06,Area1_M06.json,C571,7,Taranta Power Station - Arquitectura,Taranta Power Station - Arquitect...,Taranta Power Station - Arquitectura,Taranta Power Station - Arquitect...,current_clean,short_long,1.0,0.0,Arquitectura,Edificio Multifuncional Concurso Taranta Power Station | Taranta Power Station | Taranta Power Station : Centro de Difusión Cultural
micro,Area 1,Area1_M07,Area1_M07.json,C23,5549,Diseno RED - Ingeniería en Computación,Diseno RED - Ingeniería en Comput...,Diseno RED - Ingeniería en Computación,Diseno RED - Ingeniería en Comput...,current_clean,short_long,0.4732,0.0,Ingeniería en Computación,Diseno de UNA RED para la Comunicación de VOZ y Datos Entre las Ciudades de Méx... | Los Contratos Aleatorios | Naturaleza Jurídica de la Loteria Nacional para la Asistencia Pública
micro,Area 1,Area1_M07,Area1_M07.json,C251,24,Filmoteca Unam - Arquitectura,Filmoteca Unam - Arquitectura,Filmoteca Unam - Arquitectura,Filmoteca Unam - Arquitectura,current_clean,,1.0,0.0,Arquitectura,Filmoteca de la Unam | Filmoteca de la Unam | Filmoteca U.n.a.m.
micro,Area 1,Area1_M07,Area1_M07.json,C310,19,Alta Disponibilidad - Ingeniería en Computación,Alta Disponibilidad - Ingeniería...,Alta Disponibilidad - Ingeniería en Computación,Alta Disponibilidad - Ingeniería...,current_clean,short_long,0.8421,0.0,Ingeniería en Computación,Aplicacion de la Tecnología Cluster en Plataforma Unix Como Solucion AL Problem... | Análisis del Desempeño de UN Cluster Beowulf en Diversos Algoritmos de Tipo Con... | Construccion y Evaluación de Desempeño de UN Cluster Tipo Beowulf para Computo...
micro,Area 1,Area1_M07,Area1_M07.json,C320,18,Biblioteca Pública Queretaro - Arquitectura,Biblioteca Pública Queretaro - AR...,Biblioteca Pública Queretaro - Arquitectura,Biblioteca Pública Queretaro - Ar...,current_clean,short_long,1.0,0.0,Arquitectura,"Biblioteca Pública Queretaro, QRO | Biblioteca Pública en Queretaro, QRO | Biblioteca Pública en Queretaro QRO"
micro,Area 1,Area1_M07,Area1_M07.json,C387,15,Inalambrica Bluetooth - Ingeniería en Computación,Inalambrica Bluetooth - Ingenierí...,Inalambrica Bluetooth - Ingeniería en Computación,Inalambrica Bluetooth - Ingenierí...,current_clean,short_long,1.0,0.0,Ingeniería en Computación,"Tecnología Inalambrica Bluetooth | Generalidades y Especificaciones de la Tecnología Bluetooth, Aplicada A la Comu... | Tecnología Inalámbrica Bluetooth"
micro,Area 1,Area1_M07,Area1_M07.json,C407,13,Documentos XML - Ciencias de la Computación,Documentos XML - Ciencias de la C...,Documentos XML - Ciencias de la Computación,Documentos XML - Ciencias de la C...,current_clean,short_long,1.0,0.0,Ciencias de la Computación,"Utilización de XML en el Desarrollo de UN Sistema con Datos Semiestructurados | Bases de Datos Nativas en XML SUS Usos y Aplicaciones en el WEB | Diseño, Implementacion y Evaluación de UN Editor de Documentos XML en Java para..."
micro,Area 1,Area1_M07,Area1_M07.json,C501,8,Jugar Ajedrez - Psicología,Jugar Ajedrez - Psicología,Jugar Ajedrez - Psicología,Jugar Ajedrez - Psicología,current_clean,low_area_purity,0.375,0.0,Psicología,UN Programa para Jugar Ajedrez | Ajedrez y Creatividad : Seis Sombreros para Jugar Ajedrez | El Ajedrez Como UN Producto Cultural de la Edad Media
micro,Area 1,Area1_M07,Area1_M07.json,C525,7,Pantallas Ambiente Unix - Ingeniería en Computación,Pantallas Ambiente Unix - Ingenie...,Pantallas Ambiente Unix - Ingeniería en Computación,Pantallas Ambiente Unix - Ingenie...,current_clean,short_long,0.8571,0.0,Ingeniería en Computación,Manejador y Disenador de Pantallas en Ambiente Unix | Sistema Manipulador de Pantallas (Sismap) | Sistema Manipulador de Pantallas : (Sismap)
micro,Area 1,Area1_M07,Area1_M07.json,C558,7,Tarjeta Adquisicion Datos - Ingeniería Mecánica Eléct...,Tarjeta Adquisicion Datos - Ingen...,Tarjeta Adquisicion Datos - Ingeniería Mecánica Eléct...,Tarjeta Adquisicion Datos - Ingen...,current_clean,short_long,1.0,0.0,Ingeniería Mecánica Eléctrica,Diseño de UNA Tarjeta de Funciones Multiples | Diseño e Implementacion de UNA Tarjeta de Adquisicion de Datos Acelerometricos | Diseno y Construccion de UNA Tarjeta Multifuncion para UN Acelerografo Dsa-1
micro,Area 1,Area1_M07,Area1_M07.json,C572,7,Fibra Óptica - Ingeniería Mecánica Eléctri...,Fibra Óptica - Ingeniería Mecánic...,Fibra Óptica - Ingeniería Mecánica Eléctri...,Fibra Óptica - Ingeniería Mecánic...,current_clean,short_long,1.0,0.0,Ingeniería Mecánica Eléctrica,Aplicacion de los Sistemas de Transmision por Fibras Opticas en la RED Urbana d... | Análisis y Caracterización de la RED de Transporte por Fibra Óptica de la Regió... | Monitoreo A Nivel Capa Física de UNA RED de Transporte por Fibra Óptica en la C...
micro,Area 1,Area1_M07,Area1_M07.json,C640,6,Lenguaje Simulacion - Ingeniería Mecánica Eléctri...,Lenguaje Simulacion - Ingeniería...,Lenguaje Simulacion - Ingeniería Mecánica Eléctri...,Lenguaje Simulacion - Ingeniería...,current_clean,short_long,1.0,0.0,Ingeniería Mecánica Eléctrica,Implementacion y Mejoras AL Lenguaje de Simulacion Gasp II | Lenguaje Simulador Analogico-digital SAS | Simulacion Aplicacion A UN Modelo de Tramite de Documentos con el Lenguaje Gasp...
micro,Area 1,Area1_M07,Area1_M07.json,C645,6,Localizacion Servicios - Investigacion de Operaciones,Localizacion Servicios - Investig...,Localizacion Servicios - Investigacion de Operaciones,Localizacion Servicios - Investig...,current_clean,short_long,1.0,0.0,Investigacion de Operaciones,UN Algoritmo para Resolver el Problema de Localizacion de Servicios con Restric... | UN Algoritmo para Resolver el Problema de Localizacion de Servicios Simple | Solucion del Problema de Localizacion de Servicios Multiobjetivo
micro,Area 1,Area1_M07,Area1_M07.json,C727,5,Sistema Gestion Calidad - Ingeniería de Sistemas,Sistema Gestion Calidad - Ingenie...,Sistema Gestion Calidad - Ingeniería de Sistemas,Sistema Gestion Calidad - Ingenie...,current_clean,short_long,0.4,0.0,Ingeniería de Sistemas,Desarrollo de Herramientas Tecnológicas para la Gestión y Fortalecimiento de la... | El Impacto de la Ergonomia en la Productividad de las Mipymes | Diseño y Desarrollo de UN SGC (Sistema de Gestión de la Calidad) para Mipymes (...
micro,Area 1,Area1_M07,Area1_M07.json,C743,5,Sistema Operativo Android - Ingeniería en Computación,Sistema Operativo Android - Ingen...,Sistema Operativo Android - Ingeniería en Computación,Sistema Operativo Android - Ingen...,current_clean,short_long,0.8,0.0,Ingeniería en Computación,Realidad Aumentada - UNA Aplicación para el Sistema Operativo Android | Desarrollo de UN Nuevo Enfoque de Realidad Aumentada en Interiores y SUS Aplica... | Desarrollo de la Aplicación Móvil Podcast Unamóvil para el Sistema Operativo An...
micro,Area 1,Area1_M07,Area1_M07.json,C793,5,Biblioteca Pública - Arquitectura,Biblioteca Pública - Arquitectura,Biblioteca Pública - Arquitectura,Biblioteca Pública - Arquitectura,current_clean,,1.0,0.0,Arquitectura,Biblioteca Pública en Queretaro | Biblioteca Pública Queretaro
micro,Area 1,Area1_M07,Area1_M07.json,C817,5,Implantacion Software - Matemáticas Aplicadas y COM...,Implantacion Software - Matemátic...,Implantacion Software - Matemáticas Aplicadas y COM...,Implantacion Software - Matemátic...,current_clean,short_long,1.0,0.0,Matemáticas Aplicadas y Computación,Caso Practico de la Implantacion de UN Software Aplicativo ERP (Enterprise Reso... | Desarrollo e Implantación de UN Software ERP (Enterprise Resource Planning) par... | Metodología BPM (Business Process Management) en la Implantación de Erp’s
micro,Area 1,Area1_M07,Area1_M07.json,C818,5,Prolog Lenguaje - Ciencias de la Computación,Prolog Lenguaje - Ciencias de la...,Prolog Lenguaje - Ciencias de la Computación,Prolog Lenguaje - Ciencias de la...,current_clean,short_long,1.0,0.0,Ciencias de la Computación,"Desarrollo de UN Interprete de Prolog | Prolog Como Lenguaje en el Desarrollo de UN Sistema Experto en Dinamica y Contr... | Desarrollo de UN Sistema para la Comprension de Lenguaje Natural, Utilizando Pr..."
micro,Area 1,Area1_M07,Area1_M07.json,C839,5,Cloud Computing - Ingeniería en Computación,Cloud Computing - Ingeniería en C...,Cloud Computing - Ingeniería en Computación,Cloud Computing - Ingeniería en C...,current_clean,short_long,0.8,0.0,Ingeniería en Computación,Gravamen de las Operaciones Internacionales QUE Utilizan Cloud Computing | Análisis e Implementación del Cloud Computing | Modelo de Procesos para Desarrollos Basados en la Nube
micro,Area 1,Area1_M07,Area1_M07.json,C867,5,Correspondencia ADS - Física,Correspondencia ADS - Física,Correspondencia ADS - Física,Correspondencia ADS - Física,current_clean,,1.0,0.0,Física,Aplicaciones de la Correspondencia ADS | Aproximantes de Padé en ADS | Correspondencia ADS
micro,Area 1,Area1_M07,Area1_M07.json,C878,5,Hospital Central - Ingeniería en Computación,Hospital Central - Ingeniería en...,Hospital Central - Ingeniería en Computación,Hospital Central - Ingeniería en...,current_clean,short_long,0.4,0.0,Ingeniería en Computación,Sistema de Control y Pago A Pacientes Foraneos Hospital Central SUR de Alta Esp... | Sistema de Admision Hospitalaria : Hospital Central SUR de Alta Especialidad de... | La Informatica y la Administración de los Recursos Materiales en los Servicios...
micro,Area 1,Area1_M07,Area1_M07.json,C882,5,Tiempo Eficientar Factor - Ingeniería Mecánica Eléctr...,Tiempo Eficientar Factor - Ingeni...,Tiempo Eficientar Factor - Ingeniería Mecánica Eléctr...,Tiempo Eficientar Factor - Ingeni...,current_clean,short_long,0.8,0.0,Ingeniería Mecánica Eléctrica,Proceso de Administración del Tiempo para Eficientar el Factor Humano en UN Dep... | Desarrollo de UN Sistema de Gestion de Tiempo para el Ejecutivo Federal | Justo A Tiempo en Servicios
micro,Area 1,Area1_M08,Area1_M08.json,C60,3273,Empresa Autotransportes - Derecho,Empresa Autotransportes - Derecho,Empresa Autotransportes - Derecho,Empresa Autotransportes - Derecho,current_clean,,0.4494,0.0,Derecho,Sistemas de Transporte | Ingeniería de Transito | Programa Sobre las Medidas en la Prevencion de Accidentes para Empresas Medianas
micro,Area 1,Area1_M08,Area1_M08.json,C90,1954,Aeropuerto Internacional - Ingeniería Civil,Aeropuerto Internacional - Ingeni...,Aeropuerto Internacional - Ingeniería Civil,Aeropuerto Internacional - Ingeni...,current_clean,short_long,0.6059,0.0,Ingeniería Civil,Aeropuerto Internacional Ciudad de México | El Apoderamiento Ilicito de Aeronaves Como Estrategia Política | Desviación Vertical Disociada
micro,Area 1,Area1_M08,Area1_M08.json,C301,19,Parador Carretera - Arquitectura,Parador Carretera - Arquitectura,Parador Carretera - Arquitectura,Parador Carretera - Arquitectura,current_clean,,1.0,0.0,Arquitectura,Parador en Carretera | UN Parador en Carretera | Parador de Carretera
micro,Area 1,Area1_M08,Area1_M08.json,C306,19,Edificio Estacionamiento Automovi... - Arquitectura,Edificio Estacionamiento Automovi...,Edificio Estacionamiento Automovi... - Arquitectura,Edificio Estacionamiento Automovi...,current_clean,short_long,1.0,0.0,Arquitectura,Edificio para Estacionamiento de Automoviles
micro,Area 1,Area1_M08,Area1_M08.json,C447,10,Colonia Hormigas - Ciencias de la Computación,Colonia Hormigas - Ciencias de la...,Colonia Hormigas - Ciencias de la Computación,Colonia Hormigas - Ciencias de la...,current_clean,short_long,1.0,0.0,Ciencias de la Computación,Complejidad y Dinamica Social en Hormigas | Colonia de Hormigas para el Problema Clásico de Rutas de Vehículos | Detección de Fugas en Líneas de Conducción Mediante el Empleo de Colonias de Ho...
micro,Area 1,Area1_M08,Area1_M08.json,C576,7,Riviera Maya - Arquitectura,Riviera Maya - Arquitectura,Riviera Maya - Arquitectura,Riviera Maya - Arquitectura,current_clean,,1.0,0.0,Arquitectura,"Aeropuerto Internacional de la Riviera Maya | Aeropuerto de la Riviera Maya | Aeropuerto Internacional Riviera Maya, Tulúm, Quintana Roo"
micro,Area 1,Area1_M08,Area1_M08.json,C595,6,Ferrocarriles Nacionales - Ingeniería en Computación,Ferrocarriles Nacionales - Ingeni...,Ferrocarriles Nacionales - Ingeniería en Computación,Ferrocarriles Nacionales - Ingeni...,current_clean,short_long,1.0,0.0,Ingeniería en Computación,Normatividad y Estandares para el Desarrollo de Sistemas de Informacion en Ferr... | Desarrollo de UN Sistema Integral de Informacion de Tesoreria para Ferrocarrile... | Desarrollo de UN Sistema Integral de Informacion (Siites) para Ferrocarriles Na...
micro,Area 1,Area1_M08,Area1_M08.json,C638,6,Estacion Paso Autobuses - Arquitectura,Estacion Paso Autobuses - Arquite...,Estacion Paso Autobuses - Arquitectura,Estacion Paso Autobuses - Arquite...,current_clean,short_long,1.0,0.0,Arquitectura,Estacion del Paso de Autobuses en SAN Juan del RIO | Terminal de Autobuses OJO de Agua | Terminal Unica de Autobuses de Paso de Ixtlan del RIO Nayarit
micro,Area 1,Area1_M08,Area1_M08.json,C693,5,Transportacion Vertical - Ingeniería Civil,Transportacion Vertical - Ingenie...,Transportacion Vertical - Ingeniería Civil,Transportacion Vertical - Ingenie...,current_clean,short_long,1.0,0.0,Ingeniería Civil,Solucion AL Problema de Transportacion Vertical en los Diferentes Tipos de Edif... | Transportacion Vertical y Horizontal en Edificios | Solucion Moderna AL Problema del Transporte Vertical
micro,Area 1,Area1_M08,Area1_M08.json,C804,5,Estacionamiento Automoviles - Ingeniería Civil,Estacionamiento Automoviles - ING...,Estacionamiento Automoviles - Ingeniería Civil,Estacionamiento Automoviles - Ing...,current_clean,short_long,1.0,0.0,Ingeniería Civil,Calculo de UN Edificio para Estacionamiento de Automoviles | Proyecto y Calculo de UN Edificio de 15 Pisos con Estacionamiento para Automovi... | [Calculos Estructurales de UN Edificio Destinado A Estacionamiento de Vehiculos...
micro,Area 1,Area1_M08,Area1_M08.json,C871,5,Tarifa Vehiculos - Ingeniería de Sistemas,Tarifa Vehiculos - Ingeniería de...,Tarifa Vehiculos - Ingeniería de Sistemas,Tarifa Vehiculos - Ingeniería de...,current_clean,short_long,0.8,0.0,Ingeniería de Sistemas,"Análisis de la Tarifa para los Vehículos Turistas en Territorio Mexicano | Estudio de los Costos de Operacion por VIA Ferrea del Servicio de Pasajeros Méx... | Análisis y Propuesta Metodológica para Evaluar Indicadores de Desempeño, Asocia..."
micro,Area 1,Area1_M09,Area1_M09.json,C58,3325,Centro Espectaculos Acapulco - Matemáticas,Centro Espectaculos Acapulco - MA...,Centro Espectaculos Acapulco - Matemáticas,Centro Espectaculos Acapulco - Ma...,current_clean,short_long,0.7347,0.0,Matemáticas,El Teorema Principal de Zariski | Propuesta Metodologica para la Educación Química en el Nivel Medio Superior Mod... | Plaza de Toros Cubierta en la Ciudad de Toluca
micro,Area 1,Area1_M09,Area1_M09.json,C394,15,Dentinogenesis Imperfecta - Matemáticas,Dentinogenesis Imperfecta - Matem...,Dentinogenesis Imperfecta - Matemáticas,Dentinogenesis Imperfecta - Matem...,current_clean,short_long,0.6667,0.0,Matemáticas,Caracterizaciones de Dendritas | Dentinogenesis Imperfecta | Dendritas : Caracterizaciones y Ejemplos
micro,Area 1,Area1_M09,Area1_M09.json,C431,11,Movimiento Browniano - Actuaría,Movimiento Browniano - Actuaría,Movimiento Browniano - Actuaría,Movimiento Browniano - Actuaría,current_clean,,1.0,0.0,Actuaría,UNA Primera Aproximacion AL Movimiento Browniano | Elementos Basicos del Movimiento Browniano y Algunas de SUS Aplicaciones | Solucion del Movimiento Browniano con Integrales de Trayectoria
micro,Area 1,Area1_M09,Area1_M09.json,C465,10,Paraboloide Hiperbolico - Ingeniería Civil,Paraboloide Hiperbolico - Ingenie...,Paraboloide Hiperbolico - Ingeniería Civil,Paraboloide Hiperbolico - Ingenie...,current_clean,short_long,1.0,0.0,Ingeniería Civil,Análisis y Diseño de UN Cascaron en Forma de Paraboloide Hiperbolico | Estudio Sobre el Diseño del Paraboloide Hiperbólico | El Paraboloide Hiperbolico Como Forma Estructural
micro,Area 1,Area1_M09,Area1_M09.json,C507,8,Clasificacion Modulos - Matemáticas,Clasificacion Modulos - Matemátic...,Clasificacion Modulos - Matemáticas,Clasificacion Modulos - Matemátic...,current_clean,short_long,1.0,0.0,Matemáticas,Sobre la Estructura de Reticula de R-tors | Clasificacion de Modulos Mediante el USO de la Reticula de Clases Naturales Sob... | Subretículas de R-tors Asociadas A Clases Propias
micro,Area 1,Area1_M09,Area1_M09.json,C510,8,Modelos Loglineales - Actuaría,Modelos Loglineales - Actuaría,Modelos Loglineales - Actuaría,Modelos Loglineales - Actuaría,current_clean,,1.0,0.0,Actuaría,Introduccion A los Modelos Log-lineales | Modelos Logaritmicos Lineales para el Análisis de Variables Categoricos | Análisis de Datos Categoricos Mediante Modelos Loglineales y Modelos Logit
micro,Area 1,Area1_M09,Area1_M09.json,C531,7,Centro Gerontologico - Arquitectura,Centro Gerontologico - Arquitectu...,Centro Gerontologico - Arquitectura,Centro Gerontologico - Arquitectu...,current_clean,short_long,0.7143,0.0,Arquitectura,Centro Gerontológico | Gerontonefrologia | Centro Gerontológico Xochimilco
micro,Area 1,Area1_M09,Area1_M09.json,C534,7,Columnas Presforzadas - Ingeniería Civil,Columnas Presforzadas - Ingenierí...,Columnas Presforzadas - Ingeniería Civil,Columnas Presforzadas - Ingenierí...,current_clean,short_long,0.5714,0.0,Ingeniería Civil,Estudio Sobre Columnas | Columnas Presforzadas | Columnas Empacadas de Alta Eficiencia
micro,Area 1,Area1_M09,Area1_M09.json,C560,7,Grupos Modulares - Física,Grupos Modulares - Física,Grupos Modulares - Física,Grupos Modulares - Física,current_clean,,1.0,0.0,Física,Simetrías para Física de Sabor A Partir de Cocientes de Grupos Modulares | Simetrías y Formas Modulares en la Física de Sabor | Teorías de Gran Unificación y Simetrías Modulares de Sabor
micro,Area 1,Area1_M09,Area1_M09.json,C596,6,Operadores Positivos - Matemáticas,Operadores Positivos - Matemáticas,Operadores Positivos - Matemáticas,Operadores Positivos - Matemáticas,current_clean,,1.0,0.0,Matemáticas,Operadores del Tipo de Convolución con Símbolos Oscilatorios | Propiedades Especiales de los Operadores Positivos | Extensiones Uniformes de Operadores Positivos
micro,Area 1,Area1_M09,Area1_M09.json,C602,6,Nacimiento Muerte - Matemáticas,Nacimiento Muerte - Matemáticas,Nacimiento Muerte - Matemáticas,Nacimiento Muerte - Matemáticas,current_clean,,0.6667,0.0,Matemáticas,"Análisis Espectral de Procesos de Nacimiento y Muerte Bilaterales | Análisis Espectral de Procesos Cuasi de Nacimiento y Muerte | Stochastic Factorizations, Darboux Transformations AND Spectral Analysis OF Dis..."
micro,Area 1,Area1_M09,Area1_M09.json,C630,6,Numeros Aleatorios - Matemáticas Aplicadas y COM...,Numeros Aleatorios - Matemáticas...,Numeros Aleatorios - Matemáticas Aplicadas y COM...,Numeros Aleatorios - Matemáticas...,current_clean,short_long,0.8333,0.0,Matemáticas Aplicadas y Computación,Análisis de Algunos Generadores de Numeros Aleatorios | Análisis Comparativo de Diversos Generadores de Numeros Aleatorios | Pruebas Sobre Generadores de Numeros Aleatorios
micro,Area 1,Area1_M09,Area1_M09.json,C635,6,Brecha Guerrero - Ingeniería Geofisica,Brecha Guerrero - Ingeniería Geof...,Brecha Guerrero - Ingeniería Geofisica,Brecha Guerrero - Ingeniería Geof...,current_clean,short_long,0.8333,0.0,Ingeniería Geofisica,Análisis de Variaciones de Sismicidad en la Zona de la Brecha de Guerrero | Estudio de la Deformacion Intersismica en la Brecha de Guerrero | Análisis de Anisotropia Sismica de la Brecha de Guerrera
micro,Area 1,Area1_M09,Area1_M09.json,C686,5,Condiciones Relativistas Lagrangi... - Física,Condiciones Relativistas Lagrangi...,Condiciones Relativistas Lagrangi... - Física,Condiciones Relativistas Lagrangi...,current_clean,short_long,1.0,0.0,Física,Condiciones Relativistas para UN Lagrangiano | Ecuaciones Relativistas para DOS Particulas en Interacion | Estudio de UNA Gota Relativista con Rotacion
micro,Area 1,Area1_M09,Area1_M09.json,C697,5,Inmersiones Isometricas Superfici... - Matemáticas,Inmersiones Isometricas Superfici...,Inmersiones Isometricas Superfici... - Matemáticas,Inmersiones Isometricas Superfici...,current_clean,short_long,1.0,0.0,Matemáticas,Inmersiones Isometricas de Superficies en R4 | Invariantes Extrínsecos de Segundo Orden de UNA Superficie Inmersa en R4 | Bifurcaciones de Puntos Umbilicos Simples de Superficies en R4
micro,Area 1,Area1_M09,Area1_M09.json,C760,5,Presa Infiernillo - Ingeniería Civil,Presa Infiernillo - Ingeniería CI...,Presa Infiernillo - Ingeniería Civil,Presa Infiernillo - Ingeniería Ci...,current_clean,short_long,1.0,0.0,Ingeniería Civil,"Análisis Dinamico de la Presa LIC. Adolfo Lopez Mateos ""el Infiernillo"", Consid... | Análisis de la Respuesta Dinamica de la Presa el Infiernillo en la Componente L... | El Modelo Heterogeneo de la Viga de Cortante en la Respuesta Dinamica de la Pre..."
micro,Area 1,Area1_M09,Area1_M09.json,C828,5,Datos Gravimetricos - Ingeniería Geofisica,Datos Gravimetricos - Ingeniería...,Datos Gravimetricos - Ingeniería Geofisica,Datos Gravimetricos - Ingeniería...,current_clean,short_long,1.0,0.0,Ingeniería Geofisica,Paquete de Programas para Procesado de Datos Gravimetricos | Software para la Modelación de Datos Gravimétricos | Análisis de Aplicabilidad e Implementación del Algoritmo de Optimización por En...
micro,Area 1,Area1_M09,Area1_M09.json,C854,5,Propiedades Mecanicas - Ingeniería Química Metalurg...,Propiedades Mecanicas - Ingenierí...,Propiedades Mecanicas - Ingeniería Química Metalurg...,Propiedades Mecanicas - Ingenierí...,current_clean,short_long,0.8,0.0,Ingeniería Química Metalurgica,"Propiedades Mecanicas de Aleaciones de Zn-al-cu Obtenidas por Colada Semi-conti... | Efecto del NI y NB en las Propiedades Mecánicas de UNA Aleación con Memoria de... | UN Estudio de las Aleaciones Zn-al, SU Fluidez y Estructura"
micro,Area 1,Area1_M09,Area1_M09.json,C855,5,Problemas Extremos Medidas - Matemáticas,Problemas Extremos Medidas - Mate...,Problemas Extremos Medidas - Matemáticas,Problemas Extremos Medidas - Mate...,current_clean,short_long,1.0,0.0,Matemáticas,Problemas Extremos y Medidas | Medidas de Hausdorff y Ejemplos | Puntos Extremos de Conjuntos de Medidas
micro,Area 1,Area1_M09,Area1_M09.json,C891,5,Realidad Virtual - Ingeniería en Computación,Realidad Virtual - Ingeniería en...,Realidad Virtual - Ingeniería en Computación,Realidad Virtual - Ingeniería en...,current_clean,short_long,0.8,0.0,Ingeniería en Computación,Atlas Anatómico 3D del Tronco Usando Realidad Aumentada para la Enseñanza de la... | Visualización Tridimensional del Modelo de UN Cráneo Humano y SUS Huesos en Rea... | Estudio Valorativo del Software Didáctico Tridimensional Visible Body Skeleton...
micro,Area 1,Area1_M10,Area1_M10.json,C91,1891,Cultural Deportivo - Arquitectura,Cultural Deportivo - Arquitectura,Cultural Deportivo - Arquitectura,Cultural Deportivo - Arquitectura,current_clean,,0.4368,0.0,Arquitectura,Centro Cultural y Deportivo | Club Deportivo | Club Deportivo y Cultural en el D.F
micro,Area 1,Area1_M10,Area1_M10.json,C226,28,Club Golf - Arquitectura,Club Golf - Arquitectura,Club Golf - Arquitectura,Club Golf - Arquitectura,current_clean,,0.75,0.0,Arquitectura,Club de Golf en Cuautla | Club de Golf Cautla | Club de Golf SAN Miguel Regla
micro,Area 1,Area1_M10,Area1_M10.json,C231,27,Casa Ejercicios Espirituales - Arquitectura,Casa Ejercicios Espirituales - AR...,Casa Ejercicios Espirituales - Arquitectura,Casa Ejercicios Espirituales - Ar...,current_clean,short_long,1.0,0.0,Arquitectura,Casa para Ejercicios Espirituales
micro,Area 1,Area1_M10,Area1_M10.json,C277,21,Centro Nacional - Arquitectura,Centro Nacional - Arquitectura,Centro Nacional - Arquitectura,Centro Nacional - Arquitectura,current_clean,,0.9524,0.0,Arquitectura,"Centro Nacional de Tenis | Centro de Tenis D.F | Club de Tenis Cuernavaca, MOR"
micro,Area 1,Area1_M10,Area1_M10.json,C313,18,Club Deportivo SUR - Arquitectura,Club Deportivo SUR - Arquitectura,Club Deportivo SUR - Arquitectura,Club Deportivo SUR - Arquitectura,current_clean,,1.0,0.0,Arquitectura,Club Deportivo en el SUR de la Ciudad de México
micro,Area 1,Area1_M10,Area1_M10.json,C319,18,Hemeroteca Nacional - Arquitectura,Hemeroteca Nacional - Arquitectura,Hemeroteca Nacional - Arquitectura,Hemeroteca Nacional - Arquitectura,current_clean,,1.0,0.0,Arquitectura,Hemeroteca Nacional
micro,Area 1,Area1_M10,Area1_M10.json,C594,6,Plan Regeneracion - Arquitectura,Plan Regeneracion - Arquitectura,Plan Regeneracion - Arquitectura,Plan Regeneracion - Arquitectura,current_clean,,1.0,0.0,Arquitectura,Centro Deportivo Social Plan de Regeneracion Agrourbano Xochimilco | Centro Deportivo Social : Plan de Regeneracion Agrourbano Xochimilco | Centro Deportivo y de Trabajo : Plan de Regeneración Agrourbano Xochimilco
micro,Area 1,Area1_M11,Area1_M11.json,C0,19172,Distribucion Abundancia - Biología,Distribucion Abundancia - Biología,Distribucion Abundancia - Biología,Distribucion Abundancia - Biología,current_clean,,0.4796,0.0,Biología,Naturaleza e Historia del Seguro Maritimo Internacional | Diques para la Construccion y Reparacion de Buques | El Habitat del Manana
micro,Area 1,Area1_M11,Area1_M11.json,C183,53,Octopus Maya - Ciencias del MAR y Limnolog...,Octopus Maya - Ciencias del MAR y...,Octopus Maya - Ciencias del MAR y Limnolog...,Octopus Maya - Ciencias del MAR y...,current_clean,short_long,0.7358,0.0,Ciencias del MAR y Limnologia,Desarrollo de UN Modelo Bioeconómico para Mejorar el Manejo de la Pesquería del... | Estudio Químico del Efecto Paralizante de la Saliva de Pulpo Rojo Octopus Maya | Efecto del Oxígeno Disuelto y la Temperatura en el Metabolismo Respiratorio de...
micro,Area 1,Area1_M11,Area1_M11.json,C426,12,Trucha Arco Iris - Biología,Trucha Arco Iris - Biología,Trucha Arco Iris - Biología,Trucha Arco Iris - Biología,current_clean,,0.5,0.0,Biología,Evaluación de la Calidad Nutricional de los Alimentos Comerciales para la Engor... | Efecto de UNA Dieta Tipo VS. UNA Dieta Comercial Sobre el Rendimiento de la Cri... | Evaluación Experimental de UNA Dieta Alimenticia para Trucha Arco Iris (Salmo G...
micro,Area 1,Area1_M11,Area1_M11.json,C463,10,Medios Cultivo - Biología,Medios Cultivo - Biología,Medios Cultivo - Biología,Medios Cultivo - Biología,current_clean,,0.6,0.0,Biología,Esporotricina Elaboracion A Partir de la Fase Micelial | Comportamiento de Micelios de Agaricales en Diferentes Medios de Cultivo | Fisiologia del Crecimiento Micelial de Hongos Ectomicorrizicos en Medio Solido
micro,Area 1,Area1_M11,Area1_M11.json,C482,9,Trichechus Manatus - Biología,Trichechus Manatus - Biología,Trichechus Manatus - Biología,Trichechus Manatus - Biología,current_clean,,0.5556,0.0,Biología,"Distribucion, Abundancia y USO de Habitat por el Manati en Quintana Roo y Belic... | Estudio de UNA Poblacion de Manaties Trichechus Manatus Manatus (Mammalia: Sire... | Manejo y Registro Conductual de UNA Cria de Manati (Trichechus Manatus Manatus)..."
micro,Area 1,Area1_M11,Area1_M11.json,C651,6,Dorado Mesocricetus Auratus - Biología,Dorado Mesocricetus Auratus - BIO...,Dorado Mesocricetus Auratus - Biología,Dorado Mesocricetus Auratus - Bio...,current_clean,short_long,0.6667,0.0,Biología,Potencializacion por la L-triyodotironina de la Colelitiasis Pigmentaria Produc... | Estudio Sobre las Posibles Alteraciones Producidas por la Vitamina A QUE Induce... | Estudio Sobre la Prevencion por el Hidroxitolueno Butilado de la Colelitiasis P...
micro,Area 1,Area1_M11,Area1_M11.json,C692,5,Calophyllum Brasiliense - Biología,Calophyllum Brasiliense - Biología,Calophyllum Brasiliense - Biología,Calophyllum Brasiliense - Biología,current_clean,,0.6,0.0,Biología,Efecto de los Metabolitos Secundarios de Calophyllum Brasiliense en los Hongos... | Efecto de los Nutrientes Sobre el Crecimiento de Plántulas de Calophyllum Brasi... | Evaluación de la Actividad Relajante de los Metabolitos Secundarios de Calophyl...
micro,Area 1,Area1_M11,Area1_M11.json,C695,5,Ciclo Vida - Biología,Ciclo Vida - Biología,Ciclo Vida - Biología,Ciclo Vida - Biología,current_clean,,0.4,0.0,Biología,"Ciclo de Vida de Echinoparyphium Recurvatum (Linstow, 1873) (Trematoda: Echinos... | Ciclo de Vida del Cestodo Bothriocepholus Ocheilognathi en Condiciones Experime... | Ciclo de Vida de Heterobothrium Ecuadori (Meserve, 1938) Stroston, 1946 (Monoge..."
micro,Area 1,Area1_M11,Area1_M11.json,C720,5,Depredador Presa - Matemáticas,Depredador Presa - Matemáticas,Depredador Presa - Matemáticas,Depredador Presa - Matemáticas,current_clean,,1.0,0.0,Matemáticas,Dinámica Coevolutiva de UN Sistema Depredador-presa | Modelo Presa - Depredador con Bifurcacion de Hopf | Modelo Depredador-presa de Rosenzweig-macarthur
micro,Area 1,Area1_M11,Area1_M11.json,C783,5,Taenia Solium - Biología,Taenia Solium - Biología,Taenia Solium - Biología,Taenia Solium - Biología,current_clean,,0.4,0.0,Biología,Principales Variables QUE Afectan el Desarrollo de Taenia Solium en el Modelo E... | Efecto del Acetado de Cortisona Sobre el Desarrollo de la Taenia Solium en Hams... | Inoculación con el Metacestodo de Taenia Solium en Hámster Dorado (Mesocricetus...
micro,Area 1,Area1_M11,Area1_M11.json,C799,5,Laguna Terminos Campeche - Biología,Laguna Terminos Campeche - Biolog...,Laguna Terminos Campeche - Biología,Laguna Terminos Campeche - Biolog...,current_clean,short_long,0.8,0.0,Biología,Estudio Cuantitativo y Sistemático de los Poliquetos (Annelida: Polychaeta) Ben... | Composición y Estructura de las Comunidades de Anélidos Poliquetos Asociadas A... | Estructura Comunitaria de los Poliquetos (Annlida: Polychaeta) Asociados A Sust...
micro,Area 1,Area1_M11,Area1_M11.json,C812,5,Macadamia Integrifolia - Química de Alimentos,Macadamia Integrifolia - Química...,Macadamia Integrifolia - Química de Alimentos,Macadamia Integrifolia - Química...,current_clean,short_long,0.4,0.0,Química de Alimentos,Elaboracion y Evaluación Sensorial de Productos con Nueces de Macadamia Integri... | Estrategias de Mercadotecnia Aplicadas A la Industrializacion de la Nuez de Mac... | Diseño de UN Sistema Silvopastoril Macadamia (Macadamia Intergrifolia)-forraje...
micro,Area 1,Area1_M11,Area1_M11.json,C823,5,Alteraciones Morfologicas - Biología,Alteraciones Morfologicas - Biolo...,Alteraciones Morfologicas - Biología,Alteraciones Morfologicas - Biolo...,current_clean,short_long,0.6,0.0,Biología,"Alteraciones Morfologicas en Higado de Raton por Inhalacion de Vanadio | Alteraciones Morfologicas Secundarias A la Inhalacion Aguda, Subcronica y Croni... | Alteraciones en los Ritmos Respiratorios Producidas por la Exposición A Tolueno..."
micro,Area 1,Area1_M11,Area1_M11.json,C879,5,Argon Tribolium Castaneum - Biología,Argon Tribolium Castaneum - Biolo...,Argon Tribolium Castaneum - Biología,Argon Tribolium Castaneum - Biolo...,current_clean,short_long,1.0,0.0,Biología,"Efecto de la LUZ Proveniente de UN Laser de Argon en Tribolium Castaneum H. (Co... | Efecto del Rayo Laser Sobre Tribolium Confusum Duval (Coleoptera, Tenebrionidae) | Efecto de UN Laser de Argon en Oryzaephilus Surinamensis (L) (Coleoptera, Cucuj..."
micro,Area 2,Area2_M00,Area2_M00.json,C3,11642,Sintesis Caracterizacion - Ingeniería Química,Sintesis Caracterizacion - Ingeni...,Sintesis Caracterizacion - Ingeniería Química,Sintesis Caracterizacion - Ingeni...,current_clean,short_long,0.6924,0.0,Ingeniería Química,Simulación de UN Reactor de Oxicloración de Etileno | Estudio Tecnico Economico para la Instalacion de UNA Planta Productora de Propi... | Análisis Economico y Planeacion de UNA Planta Productora de Nitrogeno
micro,Area 2,Area2_M00,Area2_M00.json,C46,3927,Tecnico Economico - Ingeniería Química,Tecnico Economico - Ingeniería QU...,Tecnico Economico - Ingeniería Química,Tecnico Economico - Ingeniería Qu...,current_clean,short_long,0.4708,0.0,Ingeniería Química,Clarificacion y Encalado de los Jugos de Cana | Determinación de Metales en Jugos Naturales y Enlatados por Absorcion Atomica | Proyecto y Evaluación Economica de UNA Fabrica de Dulces
micro,Area 2,Area2_M00,Area2_M00.json,C51,3747,Aleaciones Metalicas Ingeniería - Ingeniería Química...,Aleaciones Metalicas Ingeniería -...,Aleaciones Metalicas Ingeniería - Ingeniería Química....,Aleaciones Metalicas Ingeniería -...,current_clean,short_long,0.4182,0.0,Ingeniería Química Metalurgica,Generalidades en Amalgama de Plata | Protesis Fija en Porcelana | Proposición del Metal Pulverizado y Compactado Como Sustituto de la Laminación...
micro,Area 2,Area2_M00,Area2_M00.json,C57,3341,Pasos Elaboracion Prostodoncia - Cirujano Dentista,Pasos Elaboracion Prostodoncia -...,Pasos Elaboracion Prostodoncia - Cirujano Dentista,Pasos Elaboracion Prostodoncia -...,current_clean,short_long;low_area_purity,0.3834,0.0,Cirujano Dentista,Labio Hendido | Pasos para la Elaboracion de UNA Prostodoncia Total | Enfisema Lobar Congenito
micro,Area 2,Area2_M00,Area2_M00.json,C80,2448,Industria Textil - Química Farmacéutico Biológ...,Industria Textil - Química Farmac...,Industria Textil - Química Farmacéutico Biológ...,Industria Textil - Química Farmac...,current_clean,short_long;low_area_purity,0.3987,0.0,Química Farmacéutico Biológica,"Estudio de Factibilidad para la Instalacion de UNA Planta de Hielo en la PAZ, B... | Las Reglas de Origen Como Factor de Integracion Regional de la Cadena Textil | Diseño y Construccion de UN Colorimetro"
micro,Area 2,Area2_M00,Area2_M00.json,C84,2196,Resinas Compuestas - Cirujano Dentista,Resinas Compuestas - Cirujano DEN...,Resinas Compuestas - Cirujano Dentista,Resinas Compuestas - Cirujano Den...,current_clean,short_long,0.7659,0.0,Cirujano Dentista,Materiales de Obturacion en Odontología | Principios Fundamentales en la Práctica de la Protesis Fija de Coronas y Piezas... | Selladores de Fosetas y Fisuras
micro,Area 2,Area2_M00,Area2_M00.json,C161,110,Terceros Molares - Cirujano Dentista,Terceros Molares - Cirujano Denti...,Terceros Molares - Cirujano Dentista,Terceros Molares - Cirujano Denti...,current_clean,short_long,0.8273,0.0,Cirujano Dentista,Extraccion Quirurgica de Terceros Molares Inferiores Retenidos | Extraccion de los Terceros Molares Inferiores Retenidos | Extraccion Quirurgica de los Terceros Molares Inferiores Incluidos
micro,Area 2,Area2_M00,Area2_M00.json,C166,77,Materiales Impresion - Cirujano Dentista,Materiales Impresion - Cirujano D...,Materiales Impresion - Cirujano Dentista,Materiales Impresion - Cirujano D...,current_clean,short_long,0.7792,0.0,Cirujano Dentista,Materiales de Impresion | Diferentes Materiales de Impresion y SUS Tecnicas | Impresiones en Prostodoncia Total
micro,Area 2,Area2_M00,Area2_M00.json,C168,74,Mantenedores Espacio - Cirujano Dentista,Mantenedores Espacio - Cirujano D...,Mantenedores Espacio - Cirujano Dentista,Mantenedores Espacio - Cirujano D...,current_clean,short_long,0.7973,0.0,Cirujano Dentista,USO de Mantenedores de Espacio en Odontología | El Manejo de los Problemas de Mantenimiento de Espacio | Mantenedores de Espacio en Ortodoncia Preventiva
micro,Area 2,Area2_M00,Area2_M00.json,C186,48,Prostodoncia Total - Cirujano Dentista,Prostodoncia Total - Cirujano DEN...,Prostodoncia Total - Cirujano Dentista,Prostodoncia Total - Cirujano Den...,current_clean,short_long,0.6042,0.0,Cirujano Dentista,Prostodoncia Total | Prostodoncia Total
micro,Area 2,Area2_M00,Area2_M00.json,C193,42,Matrices SOL GEL - Química Farmacéutico Biológ...,Matrices SOL GEL - Química Farmac...,Matrices SOL GEL - Química Farmacéutico Biológ...,Matrices SOL GEL - Química Farmac...,current_clean,short_long,0.9286,0.0,Química Farmacéutico Biológica,Evaluación de Perfiles de Disolución de Productos Comerciales Conteniendo 200 M... | Síntesis de Dendrímeros Tipo Janus Conjugados con Ibuprofeno y Clorambucilo | Efecto de la Concentración de Catalizador y del Secado de Matrices Sol-gel en l...
micro,Area 2,Area2_M00,Area2_M00.json,C202,36,Importancia Mantenedores Espacio - Cirujano Dentista,Importancia Mantenedores Espacio...,Importancia Mantenedores Espacio - Cirujano Dentista,Importancia Mantenedores Espacio...,current_clean,short_long,0.8611,0.0,Cirujano Dentista,Generalidades de los Mantenedores de Espacio | Importancia de los Mantenedores de Espacio | Importancia de los Mantenedores de Espacio
micro,Area 2,Area2_M00,Area2_M00.json,C204,35,Tercer Molar Inferior - Cirujano Dentista,Tercer Molar Inferior - Cirujano...,Tercer Molar Inferior - Cirujano Dentista,Tercer Molar Inferior - Cirujano...,current_clean,short_long,0.8,0.0,Cirujano Dentista,Tercer Molar Inferior Incluido | Terceros Molares Inferiores Incluidos | Cirugía de Terceros Molares Inferiores Incluidos
micro,Area 2,Area2_M00,Area2_M00.json,C210,33,Protesis Fija - Cirujano Dentista,Protesis Fija - Cirujano Dentista,Protesis Fija - Cirujano Dentista,Protesis Fija - Cirujano Dentista,current_clean,,0.5152,0.0,Cirujano Dentista,Protesis Fija | Protesis Fija | Protesis Fija
micro,Area 2,Area2_M00,Area2_M00.json,C237,26,Aditamentos Precision - Cirujano Dentista,Aditamentos Precision - Cirujano...,Aditamentos Precision - Cirujano Dentista,Aditamentos Precision - Cirujano...,current_clean,short_long,0.8846,0.0,Cirujano Dentista,Aditamentos de Precision y Semiprecision | Aditamentos de Precision | Adtamentos de Precision
micro,Area 2,Area2_M00,Area2_M00.json,C240,26,Cirugía Terceros Molares - Cirujano Dentista,Cirugía Terceros Molares - Ciruja...,Cirugía Terceros Molares - Cirujano Dentista,Cirugía Terceros Molares - Ciruja...,current_clean,short_long,0.9231,0.0,Cirujano Dentista,Cirugía de Terceros Molares | Cirugía de Terceros Molares Incluidos | Terceros Molares Incluidos
micro,Area 2,Area2_M00,Area2_M00.json,C244,25,Obturacion Conductos Radiculares - Cirujano Dentista,Obturacion Conductos Radiculares...,Obturacion Conductos Radiculares - Cirujano Dentista,Obturacion Conductos Radiculares...,current_clean,short_long,0.84,0.0,Cirujano Dentista,Materiales y Tecnicas de Obturacion de Conductos Radiculares | Materiales de Obturacion para Conductos Radiculares | Tecnicas y Materiales de Obturacion de Conductos Radiculares
micro,Area 2,Area2_M00,Area2_M00.json,C256,23,Conductos Radiculares - Cirujano Dentista,Conductos Radiculares - Cirujano...,Conductos Radiculares - Cirujano Dentista,Conductos Radiculares - Cirujano...,current_clean,short_long,1.0,0.0,Cirujano Dentista,Técnica de Preparación de Conductos con el Sistema Rotatorio Protaper® Universa... | Técnica de Preparación de Conductos : Mediante el Sistema Rotatorio Hyflex CM C... | Técnica para la Desobturación de Conductos Radiculares : con el Sistema Mtwo® R...
micro,Area 2,Area2_M00,Area2_M00.json,C265,22,Obturacion Conductos - Cirujano Dentista,Obturacion Conductos - Cirujano D...,Obturacion Conductos - Cirujano Dentista,Obturacion Conductos - Cirujano D...,current_clean,short_long,0.7727,0.0,Cirujano Dentista,Tecnica de Obturacion de Conductos Radiculares | Tecnicas para la Obturacion de Conductos Radiculares | Tecnicas de Obturacion de Conductos Radiculares
micro,Area 2,Area2_M00,Area2_M00.json,C269,22,Prostodoncia Total Inmediata - Cirujano Dentista,Prostodoncia Total Inmediata - CI...,Prostodoncia Total Inmediata - Cirujano Dentista,Prostodoncia Total Inmediata - Ci...,current_clean,short_long,0.8182,0.0,Cirujano Dentista,Prostodoncia Total Inmediata | Prostodoncia Total Inmediata
micro,Area 2,Area2_M00,Area2_M00.json,C274,21,Protesis Total Inmediata - Cirujano Dentista,Protesis Total Inmediata - Ciruja...,Protesis Total Inmediata - Cirujano Dentista,Protesis Total Inmediata - Ciruja...,current_clean,short_long,0.8095,0.0,Cirujano Dentista,Protesis Total Inmediata | Protesis Total Inmediata
micro,Area 2,Area2_M00,Area2_M00.json,C276,21,Funda Porcelana - Cirujano Dentista,Funda Porcelana - Cirujano Dentis...,Funda Porcelana - Cirujano Dentista,Funda Porcelana - Cirujano Dentis...,current_clean,short_long,0.8571,0.0,Cirujano Dentista,Coronas de Porcelana | Coronas Fundas de Porcelana | Coronas Funda de Porcelana
micro,Area 2,Area2_M00,Area2_M00.json,C284,20,Obturacion Conducto Radicular - Cirujano Dentista,Obturacion Conducto Radicular - C...,Obturacion Conducto Radicular - Cirujano Dentista,Obturacion Conducto Radicular - C...,current_clean,short_long,0.65,0.0,Cirujano Dentista,Obturacion de Conductos Radiculares | Obturacion del Conducto Radicular | Obturacion de Conductos Radiculares
micro,Area 2,Area2_M00,Area2_M00.json,C292,20,Protesis Parcial Removible - Cirujano Dentista,Protesis Parcial Removible - Ciru...,Protesis Parcial Removible - Cirujano Dentista,Protesis Parcial Removible - Ciru...,current_clean,short_long,0.85,0.0,Cirujano Dentista,Protesis Parcial Removible | Protesis Parcial Removible
micro,Area 2,Area2_M00,Area2_M00.json,C296,19,C296 - Cirujano Dentista,C296 - Cirujano Dentista,C296 - Cirujano Dentista,C296 - Cirujano Dentista,current_clean,,1.0,0.0,Cirujano Dentista,Mantenedores de Espacio
micro,Area 2,Area2_M00,Area2_M00.json,C297,19,C297 - Cirujano Dentista,C297 - Cirujano Dentista,C297 - Cirujano Dentista,C297 - Cirujano Dentista,current_clean,,0.6842,0.0,Cirujano Dentista,Generalidades de Protesis Fija | Generalidades de Protesis Fija | Generalidades de Protesis Fija
micro,Area 2,Area2_M00,Area2_M00.json,C302,19,Preparacion Obturacion - Cirujano Dentista,Preparacion Obturacion - Cirujano...,Preparacion Obturacion - Cirujano Dentista,Preparacion Obturacion - Cirujano...,current_clean,short_long,1.0,0.0,Cirujano Dentista,Preparacion y Obturacion de Conductos Radiculares | Preparacion y Obturacion del Conducto Radicular | Preparacion de los Conductos Radiculares
micro,Area 2,Area2_M00,Area2_M00.json,C304,19,Paladar Hendido - Cirujano Dentista,Paladar Hendido - Cirujano Dentis...,Paladar Hendido - Cirujano Dentista,Paladar Hendido - Cirujano Dentis...,current_clean,short_long,0.8947,0.0,Cirujano Dentista,Labio Leporino y Paladar Hendido | Labio y Paladar Hendido | Labio y Paladar Hendidos
micro,Area 2,Area2_M00,Area2_M00.json,C308,19,Preparacion Cavidades - Cirujano Dentista,Preparacion Cavidades - Cirujano...,Preparacion Cavidades - Cirujano Dentista,Preparacion Cavidades - Cirujano...,current_clean,short_long,0.5789,0.0,Cirujano Dentista,Preparacion de Cavidades | Preparacion de Cavidades
micro,Area 2,Area2_M00,Area2_M00.json,C324,18,Injertos Parodontales - Cirujano Dentista,Injertos Parodontales - Cirujano...,Injertos Parodontales - Cirujano Dentista,Injertos Parodontales - Cirujano...,current_clean,short_long,0.8333,0.0,Cirujano Dentista,Injertos en Parodoncia | Injertos Parodontales | Parodoncia
micro,Area 2,Area2_M01,Area2_M01.json,C30,4748,Cerebro Raton - Biología,Cerebro Raton - Biología,Cerebro Raton - Biología,Cerebro Raton - Biología,current_clean,,0.7376,0.0,Biología,Susceptibilidad del Ratón CD1 ET | Sistema Experto Tutorial de Redes Neuronales Artificiales | Papel de la Glutamato Sintasa en Saccharomyces Cerevisiae
micro,Area 2,Area2_M01,Area2_M01.json,C110,1050,Espectro Autista - Psicología,Espectro Autista - Psicología,Espectro Autista - Psicología,Espectro Autista - Psicología,current_clean,,0.681,0.0,Psicología,"Amiloidosis Cutanea Primitiva : Revision de Cinco Años | Depresión, Sobrecarga y Ansiedad en Cuidadores de Pacientes con Demencia en ""Al... | Autismo"
micro,Area 2,Area2_M01,Area2_M01.json,C121,663,Pacientes Pediatricos - Neurología Pediatrica,Pacientes Pediatricos - Neurologí...,Pacientes Pediatricos - Neurología Pediatrica,Pacientes Pediatricos - Neurologí...,current_clean,short_long,0.902,0.0,Neurología Pediatrica,La Vaguectomia Tiroidea en el Tratamiento de la Epilepsia | Ligeras Consideraciones Sobre la Patogenia de la Epilepsia | Epilepsia y Embarazo
micro,Area 2,Area2_M01,Area2_M01.json,C172,60,Indice Neutrofilo - Medicina Interna,Indice Neutrofilo - Medicina Inte...,Indice Neutrofilo - Medicina Interna,Indice Neutrofilo - Medicina Inte...,current_clean,short_long,1.0,0.0,Medicina Interna,Índice Neutrófilo | El Índice Neutrófilos | Relación del Índice Neutrófilos
micro,Area 2,Area2_M01,Area2_M01.json,C232,27,Xenopus Laevis - Neurobiologia,Xenopus Laevis - Neurobiologia,Xenopus Laevis - Neurobiologia,Xenopus Laevis - Neurobiologia,current_clean,,0.8889,0.0,Neurobiologia,En el Musculo Liso de las Vías Aéreas el ATP Favorece la Entrada de CA2+ AL Ret... | Localizacion del Canal de Potasio Girk5 en los Ovocitos de la Rana Xenopus Laev... | Interactoma del Canal de Potasio Girk5 de los Ovocitos de la Rana Xenopus Laevis
micro,Area 2,Area2_M01,Area2_M01.json,C247,24,Canal Trpv1 - Biología,Canal Trpv1 - Biología,Canal Trpv1 - Biología,Canal Trpv1 - Biología,current_clean,,0.5833,0.0,Biología,"Efecto del Ácido Lisofosfatídico en la Conductancia del Canal Trpv1 | Papel de las Glicinas, Bisagra, de los Segmentos S6 en el Mecanismo de Activaci... | Regulación de la Expresión de los Canales TRP por Efecto del Receptor Sigma 1"
micro,Area 2,Area2_M01,Area2_M01.json,C250,24,Neuralgia Trigemino - Cirujano Dentista,Neuralgia Trigemino - Cirujano de...,Neuralgia Trigemino - Cirujano Dentista,Neuralgia Trigemino - Cirujano De...,current_clean,short_long,0.9167,0.0,Cirujano Dentista,Neuralgias del Trigemino | Neuralgia del Trigemino | Neuralgia del Trigemino
micro,Area 2,Area2_M01,Area2_M01.json,C253,23,Medicina Critica,Medicina Critica,Medicina Critica,Medicina Critica,current_clean,,0.9565,0.0,Medicina Critica,"Índice Neutrofilo | ""Índice Neutrófilo | Relación Neutrófilo"
micro,Area 2,Area2_M01,Area2_M01.json,C309,19,Celulas Dendriticas - Química Farmacéutico Biológ...,Celulas Dendriticas - Química FAR...,Celulas Dendriticas - Química Farmacéutico Biológ...,Celulas Dendriticas - Química Far...,current_clean,short_long,0.9474,0.0,Química Farmacéutico Biológica,Papel de las Inhibinas en la Diferenciación y Maduración de Células Dendríticas | Papel de la Aminopeptidasa N (Cd13) en la Maduración de Células Dendríticas Hum... | Modulación de la Actividad de Celulas Dendriticas Expuestas A Antigenos de Taen...
micro,Area 2,Area2_M01,Area2_M01.json,C343,17,Glandulas Salivales - Cirujano Dentista,Glandulas Salivales - Cirujano de...,Glandulas Salivales - Cirujano Dentista,Glandulas Salivales - Cirujano De...,current_clean,short_long,0.7647,0.0,Cirujano Dentista,Glandulas Salivales | Glandulas Salivales
micro,Area 2,Area2_M01,Area2_M01.json,C421,12,Placenta Humana - Ciencias Biomedicas,Placenta Humana - Ciencias Biomed...,Placenta Humana - Ciencias Biomedicas,Placenta Humana - Ciencias Biomed...,current_clean,short_long,0.8333,0.0,Ciencias Biomedicas,Efecto del Potasio Sobre la Sintesis de Progesterona en Mitocondrias de la Plac... | Accion de CA2+ en Mitocondrias de Placenta Humana | Purificacion Parcial y Caraterizacion Cinetica de la Nucleotidasa de Mitocondri...
micro,Area 2,Area2_M01,Area2_M01.json,C484,9,Pacientes Epilepsia - Neurofisiologia Clínica,Pacientes Epilepsia - Neurofisiol...,Pacientes Epilepsia - Neurofisiologia Clínica,Pacientes Epilepsia - Neurofisiol...,current_clean,short_long,0.8889,0.0,Neurofisiologia Clínica,UN Estudio Clínico Controlado de Estimulación Eléctrica Catodal Transcraneal co... | Efectos de la Estimulacion Magnetica Transcraneal Repetitiva (Emtr) Sobre la Ex... | Utilidad de la Estimulacion Magnetica Transcraneal de Baja Frecuencia en Pacien...
micro,Area 2,Area2_M01,Area2_M01.json,C498,8,Estados Hipovolemicos - Medicina del Enfermo en EST...,Estados Hipovolemicos - Medicina...,Estados Hipovolemicos - Medicina del Enfermo en EST...,Estados Hipovolemicos - Medicina...,current_clean,short_long,1.0,0.0,Medicina del Enfermo en Estado Critico,Manejo de Estados Hipovolemicos Mediante la Combinacion Coloide Hiperoncotico-s... | Manejo de Estados Hipovolemicos Mediante la Combinacion Coloide Hiperoncotico S... | Manejo de los Estados Hipovolemicos Mediante la Combinacion Coloide Hiperoncoti...
micro,Area 2,Area2_M01,Area2_M01.json,C511,8,Bouvieri Ortmann - Química Farmacéutico Biológ...,Bouvieri Ortmann - Química Farmac...,Bouvieri Ortmann - Química Farmacéutico Biológ...,Bouvieri Ortmann - Química Farmac...,current_clean,short_long,0.75,0.0,Química Farmacéutico Biológica,"Aislamiento y Purificacion de UNA Hormona Neurodepresora de la Glandula Sinusal... | Caracterizacion de UNA Hormona Neurodepresora de la Glandula Sinusal del Acocil... | Aislamiento, Purificacion y Caracterizacion de UNA Hormona Neurodepresora de la..."
micro,Area 2,Area2_M01,Area2_M01.json,C513,8,Crevicular Gingival - Cirujano Dentista,Crevicular Gingival - Cirujano de...,Crevicular Gingival - Cirujano Dentista,Crevicular Gingival - Cirujano De...,current_clean,short_long,0.875,0.0,Cirujano Dentista,Componentes del Fluido Crevicular Gingival | El Fluido Crevicular Gingival y SU Importancia Clínica | Enfermedades Inflamatorias Gingivitis y Parodontitis
micro,Area 2,Area2_M01,Area2_M01.json,C519,8,Cobre Ratas - Química Farmacéutico Biológ...,Cobre Ratas - Química Farmacéutic...,Cobre Ratas - Química Farmacéutico Biológ...,Cobre Ratas - Química Farmacéutic...,current_clean,short_long,1.0,0.0,Química Farmacéutico Biológica,Evaluación del Efecto del Cobre en UN Modelo Experimental de la Enfermedad de H... | Niveles de Cobre en Ratas Intoxicadas por Talio | El Cobre y las Cuproproteinas en la Enfermedad de Parkinson
micro,Area 2,Area2_M01,Area2_M01.json,C553,7,Relación Centrica - Cirujano Dentista,Relación Centrica - Cirujano Dent...,Relación Centrica - Cirujano Dentista,Relación Centrica - Cirujano Dent...,current_clean,short_long,0.8571,0.0,Cirujano Dentista,Tecnicas para el Registro Introclusal en Relación Centrica | Obtencion y Mantenimiento de la Relación Centrica | Valoracion de las Diferentes Tecnicas para la Obtencion de la Relación Centrica...
micro,Area 2,Area2_M01,Area2_M01.json,C570,7,BCR ABL - Ciencias Bioquimicas,BCR ABL - Ciencias Bioquimicas,BCR ABL - Ciencias Bioquimicas,BCR ABL - Ciencias Bioquimicas,current_clean,,1.0,0.0,Ciencias Bioquimicas,Caracterización Energética del Reconocimiento de ATP por el Dominio Catalítico... | Determinantes Energéticos de la Interacción Entre Imatinib y el Dominio Tirosin... | Estabilidad Termodinámica y Bases Energéticas de la Unión del Dominio Tirosina...
micro,Area 2,Area2_M01,Area2_M01.json,C575,7,Urgencias Pediatricas,Urgencias Pediatricas,Urgencias Pediatricas,Urgencias Pediatricas,current_clean,,0.8571,0.0,Urgencias Pediatricas,Identificación de Biomarcadores de Origen Aminoacídico : Análisis de los Factor... | Identificación de Biomarcadores de Origen Aminoacídico en Pacientes con Traumat... | Identificación de Biomarcadores de Origen Aminoacídico en Pacientes con Traumat...
micro,Area 2,Area2_M01,Area2_M01.json,C592,6,Químico Pruebas Farmacologicas - Química Farmacéutico...,Químico Pruebas Farmacologicas -...,Químico Pruebas Farmacologicas - Química Farmacéutico...,Químico Pruebas Farmacologicas -...,current_clean,short_long,0.6667,0.0,Química Farmacéutico Biológica,Estudio Químico y Pruebas Farmacologicas Preliminares de Zanthoxylum la Corteza... | Estudio Químico y Pruebas Farmacologicas Preliminares de la Corteza de Juliania... | Evaluación Farmacologica de la Acción Antiulcerosa de la Infusion de la Corteza...
micro,Area 2,Area2_M01,Area2_M01.json,C599,6,Trombospondina TSP - Psicología,Trombospondina TSP - Psicología,Trombospondina TSP - Psicología,Trombospondina TSP - Psicología,current_clean,,1.0,0.0,Psicología,Expresión de Trombospondina-1 (Tsp-1) en Ratones C57bl | Expresión de Trombospondina-1 (Tsp-1) en la Microglía del Hipocampo de Ratón | Expresión de Trombospondina-1 (Tsp-1) en Hipocampo de Ratones Expuestos A Separ...
micro,Area 2,Area2_M01,Area2_M01.json,C614,6,Dioxido Titanio - Biología,Dioxido Titanio - Biología,Dioxido Titanio - Biología,Dioxido Titanio - Biología,current_clean,,0.8333,0.0,Biología,"Las Nanofibras de Dióxido de Titanio Promueven Marcadores Angiogénicos, de Tran... | Las Nanopartículas de Dióxido de Titanio Promueven la Invasión y la Proliferaci... | Efecto de la Exposición A Nanopartículas de Dióxido de Titanio en la Función Mi..."
micro,Area 2,Area2_M01,Area2_M01.json,C626,6,Relación Estructura Funcion - Neurobiologia,Relación Estructura Funcion - NEU...,Relación Estructura Funcion - Neurobiologia,Relación Estructura Funcion - Neu...,current_clean,short_long,1.0,0.0,Neurobiologia,Estudio Sobre la Relación Estructura-función de las Vasoinhibinas Recombinantes | Análisis de la Relación Estructura-función de la Vasoinhibina | Análisis de la Contribución de la Integrina Α5β1 AL Efecto Antiangiogénico de l...
micro,Area 2,Area2_M01,Area2_M01.json,C636,6,Bioquímica,Bioquímica,Bioquímica,Bioquímica,current_clean,,0.5,0.0,Bioquímica,Efectos y Mecanismo de Acción de la Toxina Pertussis Sobre la Activación Adrené... | Acciones y Mecanismos de Acción de la Toxina Pertussis | Estudio de la Regulación y de la Funcion de Receptores Alfa Adrenergicos y Coli...
micro,Area 2,Area2_M01,Area2_M01.json,C667,6,Psiquiatria,Psiquiatria,Psiquiatria,Psiquiatria,current_clean,,0.8333,0.0,Psiquiatria,Oxido Nitrico y Esquizofrenia : Medicion de SU VIA Metabolica en el Liquido Cef... | Oxido Nitrico y Esquizofrenia : Niveles de Nitritos y Nitratos en Liquido Cefal... | Cuantificacion de Arginina y Citrulina en el Liquido Cefalorraquideo de Pacient...
micro,Area 2,Area2_M01,Area2_M01.json,C691,5,Senos Paranasales - Cirujano Dentista,Senos Paranasales - Cirujano Dent...,Senos Paranasales - Cirujano Dentista,Senos Paranasales - Cirujano Dent...,current_clean,short_long,0.8,0.0,Cirujano Dentista,Consideraciones Generales Sobre Senos Paranasales | Algunos Aspectos Sobre la Paranoica | Seno Maxilar : Senos Paranasales
micro,Area 2,Area2_M01,Area2_M01.json,C714,5,Sindrome Shwachman - Ciencias Bioquimicas,Sindrome Shwachman - Ciencias BIO...,Sindrome Shwachman - Ciencias Bioquimicas,Sindrome Shwachman - Ciencias Bio...,current_clean,short_long,1.0,0.0,Ciencias Bioquimicas,Caracterización de la Interacción Entre la Proteína Efl1 y la Proteína del Sínd... | Caracterización de la Mutación Efl1-t137a Implicada en el Síndrome de Shwachman... | Síndrome Shwachman-diamond
micro,Area 2,Area2_M01,Area2_M01.json,C744,5,Vesiculas Extracelulares - Química Farmacéutico Bioló...,Vesiculas Extracelulares - Químic...,Vesiculas Extracelulares - Química Farmacéutico Bioló...,Vesiculas Extracelulares - Químic...,current_clean,short_long,1.0,0.0,Química Farmacéutico Biológica,Papel de las Vesículas Extracelulares y los Micrornas en el Desarrollo de la At... | Análisis de la Participación de los Micrornas en la Regulación Transcripcional... | Caracterización Molecular de las Vesículas Extracelulares Plasmáticas de Indivi...
micro,Area 2,Area2_M01,Area2_M01.json,C761,5,Investigacion Biomedica Basica,Investigacion Biomedica Basica,Investigacion Biomedica Basica,Investigacion Biomedica Basica,current_clean,,1.0,0.0,Investigacion Biomedica Basica,Análisis Funcional y Molecular de la Regulación Sexual Dimorfica del Contranspo... | Análisis Funcional de Quimeras del Extremo Aminoterminal Entre los Cotransporta... | Efecto del Genero Sobre la Respuesta A la Administración Aguda de Tiazida y la...
micro,Area 2,Area2_M01,Area2_M01.json,C781,5,Axolotl Ambystoma Mexicanum - Ciencias Biomedicas,Axolotl Ambystoma Mexicanum - CIE...,Axolotl Ambystoma Mexicanum - Ciencias Biomedicas,Axolotl Ambystoma Mexicanum - Cie...,current_clean,short_long,0.8,0.0,Ciencias Biomedicas,"Estudio Ontogenetico de los Peptidos Opioides en la Hipofisis del Axolotl Ambys... | Estudio Inmunohistoquimico de la Distribucion Anatomica de los Peptidos Opioide... | Ontogenia de los Peptidos Opioides en el Sistema Nervioso Central del Axolotl,..."
micro,Area 2,Area2_M02,Area2_M02.json,C11,7607,Cardiologia,Cardiologia,Cardiologia,Cardiologia,current_clean,,0.9579,0.0,Cardiologia,Cardiopatia y Embarazo | Alteraciones Electrocardiograficas en Pacientes con Enfermedades Neurologicas | Paro Cardiaco
micro,Area 2,Area2_M02,Area2_M02.json,C19,6541,Hospital Regional - Cirugía General,Hospital Regional - Cirugía Gener...,Hospital Regional - Cirugía General,Hospital Regional - Cirugía Gener...,current_clean,short_long,0.9771,0.0,Cirugía General,Embarazo Abdominal | Complicaciones en Cirugía Gastrica | La Exploracion Funcional del Estomago
micro,Area 2,Area2_M02,Area2_M02.json,C24,5538,Atencion Médica - Enfermeria y Obstetricia,Atencion Médica - Enfermeria y OB...,Atencion Médica - Enfermeria y Obstetricia,Atencion Médica - Enfermeria y Ob...,current_clean,short_long,0.647,0.0,Enfermeria y Obstetricia,Centro de Salud | Residencia en Medicina Conductual | Análisis de Procesos e Implantacion del Modelo ABC para el Control de Inventari...
micro,Area 2,Area2_M02,Area2_M02.json,C25,5396,Anestesia Local - Anestesiología,Anestesia Local - Anestesiología,Anestesia Local - Anestesiología,Anestesia Local - Anestesiología,current_clean,,0.9705,0.0,Anestesiología,Anestesia Local | Anestesia en la Práctica Odontologica | Diferencia del Consumo de Opioide Entre DOS Esquemas de Analgesia Multimodal pa...
micro,Area 2,Area2_M02,Area2_M02.json,C28,5175,Hospital Infantil Federico - Pediatría,Hospital Infantil Federico - Pedi...,Hospital Infantil Federico - Pediatría,Hospital Infantil Federico - Pedi...,current_clean,short_long,0.8073,0.0,Pediatría,Encajando Conos en Hiperespacios | Comparacion de Metolazone y Furosemide en el Tratamiento del Edema Secundario A... | Seguimiento y Valoracion en el Tratamiento de la Enterocolitis Necrosante
micro,Area 2,Area2_M02,Area2_M02.json,C29,4858,Caries Dental - Cirujano Dentista,Caries Dental - Cirujano Dentista,Caries Dental - Cirujano Dentista,Caries Dental - Cirujano Dentista,current_clean,,0.8726,0.0,Cirujano Dentista,Riesgos y Complicaciones Inmediatas AL Procedimiento de Extracción Dental | Cementos Dentales | Terapéutica Pulpar en Dientes Temporales y Permanentes Jovenes
micro,Area 2,Area2_M02,Area2_M02.json,C33,4633,Enfermedades Respiratorias - Pediatría,Enfermedades Respiratorias - Pedi...,Enfermedades Respiratorias - Pediatría,Enfermedades Respiratorias - Pedi...,current_clean,short_long,0.9443,0.0,Pediatría,Diagnóstico de Conexión Anomala de Venas Pulmonares por Ecocardiografía Versus... | Evaluación Funcional Respiratoria en Niños Mayores de 5 Años con Antecedente de... | Manejo Anestesico del Paciente Hipertenso
micro,Area 2,Area2_M02,Area2_M02.json,C36,4390,Ortopedia,Ortopedia,Ortopedia,Ortopedia,current_clean,,0.9508,0.0,Ortopedia,Tratamiento de las Fracturas del Cuello Anatomico del Femur por el Enclavijamie... | Osteomielitis de los Maxilares | Osteogenesis Imperfecta
micro,Area 2,Area2_M02,Area2_M02.json,C37,4358,Instituto Nacional Neurología - Cirujano Dentista,Instituto Nacional Neurología - C...,Instituto Nacional Neurología - Cirujano Dentista,Instituto Nacional Neurología - C...,current_clean,short_long,0.9045,0.0,Cirujano Dentista,"Evaluación Funcional de los Pacientes Postoperados de Malformacion Anorectal Al... | ""Atención Multidisciplinaria en Pacientes con Diagnóstico de Infarto Cerebral A... | Cambios en el Análisis de Marcha en Pacientes con Parálisis Cerebral Posterior..."
micro,Area 2,Area2_M02,Area2_M02.json,C59,3319,Tratamiento Parodontal - Cirujano Dentista,Tratamiento Parodontal - Cirujano...,Tratamiento Parodontal - Cirujano Dentista,Tratamiento Parodontal - Cirujano...,current_clean,short_long,0.784,0.0,Cirujano Dentista,Manejo del Recien Nacido con Labio y Paladar Hendido | La Odontopediatria en la Práctica General | Principios de Odontopediatria
micro,Area 2,Area2_M02,Area2_M02.json,C65,3048,Nefrologia,Nefrologia,Nefrologia,Nefrologia,current_clean,,0.9698,0.0,Nefrologia,Incidencia y Evolución de la Lesión Renal Aguda en Pacientes Hospitalizados en... | Evaluación del Estado Bioquimico de Pacientes Pediatricos con Insuficiencia Ren... | Utilidad de la Fórmula de Cockroft-gault para Detectar Insuficiencia Renal en P...
micro,Area 2,Area2_M02,Area2_M02.json,C67,2967,Desprendimiento Retina - Oftalmologia,Desprendimiento Retina - Oftalmol...,Desprendimiento Retina - Oftalmologia,Desprendimiento Retina - Oftalmol...,current_clean,short_long,0.8743,0.0,Oftalmologia,Desprendimiento de Retina Regmatogeno : Análisis de Resultados Anatomicos y Fun... | Oclusion de Vena Central de la Retina | Oftalmia Simpatica
micro,Area 2,Area2_M02,Area2_M02.json,C74,2559,Rinitis Alergica - Dermatologia,Rinitis Alergica - Dermatologia,Rinitis Alergica - Dermatologia,Rinitis Alergica - Dermatologia,current_clean,,0.9547,0.0,Dermatologia,Asma Bronquial | Psoriasis | Sinusitis
micro,Area 2,Area2_M02,Area2_M02.json,C76,2529,Odontología Pediatrica - Cirujano Dentista,Odontología Pediatrica - Cirujano...,Odontología Pediatrica - Cirujano Dentista,Odontología Pediatrica - Cirujano...,current_clean,short_long,0.8913,0.0,Cirujano Dentista,"Hospital Materno Infantil en Puebla, PUE | Parodoncia en Ninos | Estudio Epidemiologico del Paciente Hospitalizado en el Servicio de Urgencias P..."
micro,Area 2,Area2_M02,Area2_M02.json,C77,2470,Trastornos Hemorragicos - Cirujano Dentista,Trastornos Hemorragicos - Cirujan...,Trastornos Hemorragicos - Cirujano Dentista,Trastornos Hemorragicos - Cirujan...,current_clean,short_long,0.947,0.0,Cirujano Dentista,Enfermedad de Niemann-pick | Infecciones Fúngicas Invasivas en Niños con Cáncer en el Instituto Nacional de... | Hemorragia Bucal
micro,Area 2,Area2_M02,Area2_M02.json,C82,2334,Cirrosis Hepatica - Cirugía General,Cirrosis Hepatica - Cirugía Gener...,Cirrosis Hepatica - Cirugía General,Cirrosis Hepatica - Cirugía Gener...,current_clean,short_long,0.9644,0.0,Cirugía General,Histopatologia Pulpar | Hepatitis Intercelular | Hepatitis Cronica
micro,Area 2,Area2_M02,Area2_M02.json,C85,2151,Cavidad Oral - Cirujano Dentista,Cavidad Oral - Cirujano Dentista,Cavidad Oral - Cirujano Dentista,Cavidad Oral - Cirujano Dentista,current_clean,,0.7903,0.0,Cirujano Dentista,Lesiones Blancas de la Mucosa Bucal | Rehabilitacion Oral | Habitos Orales
micro,Area 2,Area2_M02,Area2_M02.json,C86,2134,Lesiones Cervicales - Ginecologia y Obstetricia,Lesiones Cervicales - Ginecologia...,Lesiones Cervicales - Ginecologia y Obstetricia,Lesiones Cervicales - Ginecologia...,current_clean,short_long,0.9569,0.0,Ginecologia y Obstetricia,Prolactinoma y Embarazo | Vulvovaginitis en Pediatría | Lesiones Quisticas
micro,Area 2,Area2_M02,Area2_M02.json,C88,1999,Fundamentales Protesis Fija - Cirujano Dentista,Fundamentales Protesis Fija - CIR...,Fundamentales Protesis Fija - Cirujano Dentista,Fundamentales Protesis Fija - Cir...,current_clean,short_long,0.8554,0.0,Cirujano Dentista,Injerto Gingival Libre | Protesis Removible | Principios Fundamentales en Protesis Fija
micro,Area 2,Area2_M02,Area2_M02.json,C89,1996,Exploracion Sanitaria Municipio - Medico Cirujano,Exploracion Sanitaria Municipio -...,Exploracion Sanitaria Municipio - Medico Cirujano,Exploracion Sanitaria Municipio -...,current_clean,short_long,0.9659,0.0,Medico Cirujano,"Exploracion Sanitaria del Municipio de Villanueva, Zacatecas | Estudio Sanitario del Municipio de Coeneo, Michoacan | Informe General de la Exploracion Sanitaria de Estacion Santa Engracia Dependie..."
micro,Area 2,Area2_M02,Area2_M02.json,C92,1831,Seno Maxilar - Cirujano Dentista,Seno Maxilar - Cirujano Dentista,Seno Maxilar - Cirujano Dentista,Seno Maxilar - Cirujano Dentista,current_clean,,0.8897,0.0,Cirujano Dentista,Crecimiento y Desarrollo Craneo Facial | Fracturas de los Maxilares | Fracturas del Tercio Inferior de la Cara
micro,Area 2,Area2_M02,Area2_M02.json,C98,1371,Hospital Infantil Estado - Otorrinolaringologia,Hospital Infantil Estado - Otorri...,Hospital Infantil Estado - Otorrinolaringologia,Hospital Infantil Estado - Otorri...,current_clean,short_long,0.8191,0.0,Otorrinolaringologia,Adenomiosis | Funcion de la Trompa de Eustaquio en Pacientes Postplastia de Paladar Hendido | Evaluación Clínica Comparativa Posterior A Tratamiento Topico en el Oido Cronic...
micro,Area 2,Area2_M02,Area2_M02.json,C102,1251,Enfermedad Periodontal - Cirujano Dentista,Enfermedad Periodontal - Cirujano...,Enfermedad Periodontal - Cirujano Dentista,Enfermedad Periodontal - Cirujano...,current_clean,short_long,0.8777,0.0,Cirujano Dentista,Injertos Periodontales | Alteraciones de la Articulacion Temporomandibular | Articulacion Temporomandibular Dolorosa
micro,Area 2,Area2_M02,Area2_M02.json,C106,1117,Anemia Prematuro - Química Farmacéutico Biológ...,Anemia Prematuro - Química Farmac...,Anemia Prematuro - Química Farmacéutico Biológ...,Anemia Prematuro - Química Farmac...,current_clean,short_long,0.9463,0.0,Química Farmacéutico Biológica,Toxoplasmosis Ocular | Utilidad de la Aplicacion de Vitamina K en el Recien Nacido | Determinar las Frecuencias de Anticuerpos Autoinmunes y de Aloanticuerpos en Pa...
micro,Area 2,Area2_M02,Area2_M02.json,C115,847,Ortodoncia Preventiva - Cirujano Dentista,Ortodoncia Preventiva - Cirujano...,Ortodoncia Preventiva - Cirujano Dentista,Ortodoncia Preventiva - Cirujano...,current_clean,short_long,0.8536,0.0,Cirujano Dentista,Principios Basicos de Ortodoncia | Generalidades en Ortodoncia Preventiva | Conceptos Generales de Ortodoncia Preventiva
micro,Area 2,Area2_M02,Area2_M02.json,C122,605,Consideraciones Endodoncia - Cirujano Dentista,Consideraciones Endodoncia - Ciru...,Consideraciones Endodoncia - Cirujano Dentista,Consideraciones Endodoncia - Ciru...,current_clean,short_long,0.795,0.0,Cirujano Dentista,Conceptos Generales de Endodoncia | Conceptos Generales en Endodoncia | Estabilizadores Endodonticos Intraoseos
micro,Area 2,Area2_M02,Area2_M02.json,C132,337,Cirugía Plastica y Reconstructiva,Cirugía Plastica y Reconstructiva,Cirugía Plastica y Reconstructiva,Cirugía Plastica y Reconstructiva,current_clean,,0.8665,0.0,Cirugía Plastica y Reconstructiva,Quemaduras en Pediatría | La Radiologia Como Metodo de Identificacion de Cadaveres en Odontología Forense | Programa de Difusion en la Prevencion de Accidentes por Quemadura para el Insti...
micro,Area 2,Area2_M02,Area2_M02.json,C134,306,Toxina Botulinica - Oftalmologia,Toxina Botulinica - Oftalmologia,Toxina Botulinica - Oftalmologia,Toxina Botulinica - Oftalmologia,current_clean,,0.9412,0.0,Oftalmologia,Características Clínicas en Pacientes Pediátricos con Migraña y Repercusión del... | Tratamiento del Ataque Agudo de Migrana en Ninos : Estudio Comparativo con Acet... | Migraña en Niños
micro,Area 2,Area2_M02,Area2_M02.json,C135,300,Ulcera Peptica - Cirugía General,Ulcera Peptica - Cirugía General,Ulcera Peptica - Cirugía General,Ulcera Peptica - Cirugía General,current_clean,,0.9767,0.0,Cirugía General,UN Tratamiento Medico de las Ulceras Gastroduodenales | Enfermedades Ulcerativas de la Boca | Ulceras en Estomatologia
micro,Area 2,Area2_M02,Area2_M02.json,C137,297,Meningitis Bacteriana - Pediatría Médica,Meningitis Bacteriana - Pediatría...,Meningitis Bacteriana - Pediatría Médica,Meningitis Bacteriana - Pediatría...,current_clean,short_long,0.9798,0.0,Pediatría Médica,Recurrencia de Meningiomas de Acuerdo A Resección de Simpson | Meningitis Meningococcica | Meningitis Bacteriana
micro,Area 2,Area2_M03,Area2_M03.json,C111,1007,Tuberculosis Pulmonar - Medico Cirujano,Tuberculosis Pulmonar - Medico CI...,Tuberculosis Pulmonar - Medico Cirujano,Tuberculosis Pulmonar - Medico Ci...,current_clean,short_long,0.8957,0.0,Medico Cirujano,Tuberculosis Genital Como Causa de Esterilidad en la Mujer | El Neumotorax Terapeutico en la Tuberculosis Pulmonar | Frecuencia de Diabetes Mellitus en Pacientes con Tuberculosis Pulmonar QUE Acud...
micro,Area 2,Area2_M03,Area2_M03.json,C151,167,Virus Dengue - Química Farmacéutico Biológ...,Virus Dengue - Química Farmacéuti...,Virus Dengue - Química Farmacéutico Biológ...,Virus Dengue - Química Farmacéuti...,current_clean,short_long,0.7964,0.0,Química Farmacéutico Biológica,Conocimiento Sobre la Prevención del Dengue Clásico | Participacion del Virus del Dengue en el Proceso Fibrinolitico | Epidemiologia del Dengue en el Hospital Infantil del Estado de Sonora
micro,Area 2,Area2_M03,Area2_M03.json,C153,157,Previo Paludismo - Medico Cirujano,Previo Paludismo - Medico Cirujano,Previo Paludismo - Medico Cirujano,Previo Paludismo - Medico Cirujano,current_clean,,0.949,0.0,Medico Cirujano,"Estudio Previo Sobre Paludismo y Exploracion Sanitaria en el Municipio de Rosar... | Informe General Sobre la Exploracion Sanitaria de Isla, VER. y Breve Estudio So... | Estudio Previo del Paludismo en Ciudad Guerrero, Tamps"
micro,Area 2,Area2_M03,Area2_M03.json,C358,16,Osteo Artritis - Medico Cirujano,Osteo Artritis - Medico Cirujano,Osteo Artritis - Medico Cirujano,Osteo Artritis - Medico Cirujano,current_clean,,1.0,0.0,Medico Cirujano,Los Injertos Oseos en la Terapia de las Formas Evolutivas de la Tuberculosis Os... | Las Osteoartritis Tuberculosas de los Miembros Inferiores y SU Tratamiento | Patologia Quirurgica. las Osteo-artritis Tuberculosa y SU Tratamiento
micro,Area 2,Area2_M03,Area2_M03.json,C711,5,Colesterol Total - Neumologia,Colesterol Total - Neumologia,Colesterol Total - Neumologia,Colesterol Total - Neumologia,current_clean,,1.0,0.0,Neumologia,"Asociacion Entre Colesterol Total Serico y las Cavitaciones en Pacientes con Tu... | Niveles Sericos de Colesterol Total, Linfocitos y SU Relación con Infeccion por... | El Colesterol Sanguineo Como Elemento para el Pronostico de la Tuberculosis Pul..."
micro,Area 2,Area2_M03,Area2_M03.json,C730,5,Tuberculosis Ocular - Oftalmologia,Tuberculosis Ocular - Oftalmologia,Tuberculosis Ocular - Oftalmologia,Tuberculosis Ocular - Oftalmologia,current_clean,,1.0,0.0,Oftalmologia,Los Padecimientos Tuberculosos del OJO | Manifestaciones Oculares de la Tuberculosis Miliar | Tuberculosis Ocular : Reto Diagnóstico y Resultados Clínicos en Población Mexic...
micro,Area 2,Area2_M04,Area2_M04.json,C42,4045,Adultos Mayores - Medicina Familiar,Adultos Mayores - Medicina Famili...,Adultos Mayores - Medicina Familiar,Adultos Mayores - Medicina Famili...,current_clean,short_long,0.5256,0.0,Medicina Familiar,Centro Geriatrico | Cirugía Preprotesica en el Paciente Geriatrico | El Sistema de Ahorro para el Retiro
micro,Area 2,Area2_M04,Area2_M04.json,C44,3974,Obesidad Ninos - Medicina Familiar,Obesidad Ninos - Medicina Familiar,Obesidad Ninos - Medicina Familiar,Obesidad Ninos - Medicina Familiar,current_clean,,0.8226,0.0,Medicina Familiar,Nutricion y Caries | Diagnóstico para la Promoción y Convicción de la Importancia de la Lactancia Ma... | Estudio Comparativo de Formulas Lacteas Especiales para Recien Nacidos Prematur...
micro,Area 2,Area2_M04,Area2_M04.json,C63,3090,Unidad Medicina Familiar - Psicología,Unidad Medicina Familiar - Psicol...,Unidad Medicina Familiar - Psicología,Unidad Medicina Familiar - Psicol...,current_clean,short_long,0.7683,0.0,Psicología,Examen Odontopsicologico de el Miedo y la Ansiedad en el Nino | Embarazo y Depresion | Frecuencia de Ansiedad y
micro,Area 2,Area2_M04,Area2_M04.json,C113,916,Trastornos Sueno - Medicina Familiar,Trastornos Sueno - Medicina Famil...,Trastornos Sueno - Medicina Familiar,Trastornos Sueno - Medicina Famil...,current_clean,short_long,0.7795,0.0,Medicina Familiar,Evaluación de UN Programa Psicoeducativo de Tratamiento Cognitivo Conductual pa... | Descripción del Estado Cognitivo y Calidad de Vida en el Paciente Geriátrico co... | Validación del Cuestionario Stop Bang para Identificar Apnea Obstructiva del Su...
micro,Area 2,Area2_M04,Area2_M04.json,C127,450,Sindrome Burnout - Psicología,Sindrome Burnout - Psicología,Sindrome Burnout - Psicología,Sindrome Burnout - Psicología,current_clean,,0.7689,0.0,Psicología,Síndrome de Burnout | Conocimiento de los Cirujanos Dentistas Pasantes de Odontología y Estudiantes S... | Sindrome de Burnout en los Medicos Legistas de la Secretaria de Salud del Distr...
micro,Area 2,Area2_M04,Area2_M04.json,C131,346,Sindrome Down - Cirujano Dentista,Sindrome Down - Cirujano Dentista,Sindrome Down - Cirujano Dentista,Sindrome Down - Cirujano Dentista,current_clean,,0.5116,0.0,Cirujano Dentista,Estudio Estomatologico del Sindrome de Down | Manejo del Nino con Sindrome de Down en el Consultorio Dental | Sindrome de Down
micro,Area 2,Area2_M04,Area2_M04.json,C158,133,Anorexia Bulimia - Psicología,Anorexia Bulimia - Psicología,Anorexia Bulimia - Psicología,Anorexia Bulimia - Psicología,current_clean,,0.5338,0.0,Psicología,Alteraciones Bucales en Pacientes con Anorexia y Bulimia | La Belleza QUE Mata : Reportaje Sobre Anorexia y Bulimia | Anorexia Nerviosa : UN Problema Nosologico
micro,Area 2,Area2_M04,Area2_M04.json,C217,30,Odontología Infantil - Cirujano Dentista,Odontología Infantil - Cirujano D...,Odontología Infantil - Cirujano Dentista,Odontología Infantil - Cirujano D...,current_clean,short_long,0.9667,0.0,Cirujano Dentista,Psicología Infantil en el Tratamiento Odontologico | Psicología en Odontología Infantil | Psicología Aplicada en Odontología Infantil
micro,Area 2,Area2_M04,Area2_M04.json,C273,21,Aditamentos Sobredentaduras - Cirujano Dentista,Aditamentos Sobredentaduras - CIR...,Aditamentos Sobredentaduras - Cirujano Dentista,Aditamentos Sobredentaduras - Cir...,current_clean,short_long,0.7143,0.0,Cirujano Dentista,Sobredentadura | Sobredentaduras | Sobredentaduras
micro,Area 2,Area2_M04,Area2_M04.json,C365,16,Atencion Médica Familiar - Medicina Familiar,Atencion Médica Familiar - Medici...,Atencion Médica Familiar - Medicina Familiar,Atencion Médica Familiar - Medici...,current_clean,short_long,1.0,0.0,Medicina Familiar,Modelo Sistematico de Atencion Médica Familiar | Modelo Sistematico de la Atencion Médica Familiar | Modelo Sistematico de la Atencion Medico Familiar
micro,Area 2,Area2_M04,Area2_M04.json,C419,12,Trastorno Espectro Autista - Neurología Pediatrica,Trastorno Espectro Autista - Neur...,Trastorno Espectro Autista - Neurología Pediatrica,Trastorno Espectro Autista - Neur...,current_clean,short_long,0.8333,0.0,Neurología Pediatrica,"Factores de Riesgo para el Desarrollo de Autismo en Pacientes Pediátricos con E... | Comparacion de la Frecuencia de Epilepsia, Tipo de Crisis, y Anormalidades Elec... | ""Proceso de Atención de Enfermería de UN Paciente Pediátrico con Alteración del..."
micro,Area 2,Area2_M04,Area2_M04.json,C734,5,Hipocalorica Niveles Leptina - Endocrinologia y Nutri...,Hipocalorica Niveles Leptina - en...,Hipocalorica Niveles Leptina - Endocrinologia y Nutri...,Hipocalorica Niveles Leptina - En...,current_clean,short_long,0.8,0.0,Endocrinologia y Nutriologia,"Efectos de UNA Dieta Hipocalorica en los Niveles de Leptina de Ayuno y Postpran... | Efecto de la Alimentación Hipocalórica Sobre los Niveles de Leptina Sérica en P... | Niveles Sericos de Leptina en Relación AL Indice de Masa Corporal, Concentracio..."
micro,Area 2,Area2_M05,Area2_M05.json,C14,7167,Respuesta Inmune - Medicina Veterinaria y Zoot...,Respuesta Inmune - Medicina Veter...,Respuesta Inmune - Medicina Veterinaria y Zoot...,Respuesta Inmune - Medicina Veter...,current_clean,short_long,0.8624,0.0,Medicina Veterinaria y Zootecnia,Aplicación del Protocolo para la Prevención de Transmisión Perinatal de VIH en... | Cambios Citologicos en Cavidad Oral de Pacientes Expuestos A Factores Irritativ... | Penicilina
micro,Area 2,Area2_M05,Area2_M05.json,C22,5587,Contribucion Puerperio Examen - Química Farmacéutico...,Contribucion Puerperio Examen - Q...,Contribucion Puerperio Examen - Química Farmacéutico....,Contribucion Puerperio Examen - Q...,current_clean,short_long,0.877,0.0,Química Farmacéutico Biológica,USO de Antibióticos en UN Hospital Pediátrico de Alta Especialidad | Complicaciones de Varicela en Niños Sanos | Halitosis
micro,Area 2,Area2_M05,Area2_M05.json,C142,238,Helicobacter Pylori - Química Farmacéutico Biológ...,Helicobacter Pylori - Química FAR...,Helicobacter Pylori - Química Farmacéutico Biológ...,Helicobacter Pylori - Química Far...,current_clean,short_long,0.9244,0.0,Química Farmacéutico Biológica,Hallazgos Endoscópicos en Pacientes con Infección por Helicobacter Pylori en el... | Modificaciones de los Criterios Histopatologicos en el Diagnostico de Infeccion... | Ulcera Peptica Perforada Asociada A Helicobacter Pylori
micro,Area 2,Area2_M05,Area2_M05.json,C152,158,Parasitosis Intestinales - Medico Cirujano,Parasitosis Intestinales - Medico...,Parasitosis Intestinales - Medico Cirujano,Parasitosis Intestinales - Medico...,current_clean,short_long,0.943,0.0,Medico Cirujano,"Estudio Sobre la Parasitosis Intestinal y Exploracion Sanitaria de Cocula, Guer... | El Problema de las Parasitosis Intestinales en la Poblacion de Xico, Veracruz | El Problema de la Parasitosis Intestinal en Camaron, VER"
micro,Area 2,Area2_M05,Area2_M05.json,C164,88,Chlamydia Trachomatis - Ginecologia y Obstetricia,Chlamydia Trachomatis - Ginecolog...,Chlamydia Trachomatis - Ginecologia y Obstetricia,Chlamydia Trachomatis - Ginecolog...,current_clean,short_long,0.9773,0.0,Ginecologia y Obstetricia,Incidencia de Infeccion por Chlamydia Trachomatis en la Paciente Embarazada | Incidencia de Chlamydia Trachomatis en las Conjuntivitis Foliculares Cronicas e... | Incidencia de Chlamydia Trachomatis en el Servicio de Ginecologia del Hospital...
micro,Area 2,Area2_M05,Area2_M05.json,C184,51,Fiebre Tifoidea - Medico Cirujano,Fiebre Tifoidea - Medico Cirujano,Fiebre Tifoidea - Medico Cirujano,Fiebre Tifoidea - Medico Cirujano,current_clean,,0.9804,0.0,Medico Cirujano,Fiebre Tifoidea | Experiencia con Fiebre Tifoidea en el Instituto Nacionl de Pediatría en los Ult... | La Fiebre Tifoidea
micro,Area 2,Area2_M05,Area2_M05.json,C205,35,Gingivitis Ulcerosa - Cirujano Dentista,Gingivitis Ulcerosa - Cirujano de...,Gingivitis Ulcerosa - Cirujano Dentista,Gingivitis Ulcerosa - Cirujano De...,current_clean,short_long,0.8571,0.0,Cirujano Dentista,Gingivitis Ulcero Necrosante Aguda | Gingivitis Necrosante Ulcerosa Aguda | Gingivitis Necrosante Ulcerosa
micro,Area 2,Area2_M05,Area2_M05.json,C245,25,Lentivirus Pequenos Rumiantes - Medicina Veterinaria...,Lentivirus Pequenos Rumiantes - M...,Lentivirus Pequenos Rumiantes - Medicina Veterinaria....,Lentivirus Pequenos Rumiantes - M...,current_clean,short_long,0.92,0.0,Medicina Veterinaria y Zootecnia,Comparación Filogenética Entre los Lentivirus de Pequeños Rumiantes : Revisión... | Detección de Lentivirus de Pequeños Rumiantes en Rebaños Mixtos de Ovinos y Cap... | Detección de DNA Proviral por PCR de Lentivirus de Pequeños Rumiantes del Epite...
micro,Area 2,Area2_M05,Area2_M05.json,C246,24,Pacientes Actinomicetoma - Cirujano Dentista,Pacientes Actinomicetoma - Ciruja...,Pacientes Actinomicetoma - Cirujano Dentista,Pacientes Actinomicetoma - Ciruja...,current_clean,short_long,0.9167,0.0,Cirujano Dentista,La Actinomicosis | Estudio Preliminar de la Respuesta Inmune Celular en Pacientes con Actinomiceto... | Generalidades Acerca de la Actinomicosis
micro,Area 2,Area2_M05,Area2_M05.json,C328,18,Importancia Clínica Farmacologica - Química Farmacéut...,Importancia Clínica Farmacologica...,Importancia Clínica Farmacologica - Química Farmacéut...,Importancia Clínica Farmacologica...,current_clean,short_long,0.9444,0.0,Química Farmacéutico Biológica,"Importancia Clínica y Farmacologica de las Cefalosporinas | Cefalosporinas | Usos, Aplicaciones y Contraindicaciones de Cefalosporinas en Pequeñas Especies..."
micro,Area 2,Area2_M05,Area2_M05.json,C364,16,Breve Alveolitis - Cirujano Dentista,Breve Alveolitis - Cirujano Denti...,Breve Alveolitis - Cirujano Dentista,Breve Alveolitis - Cirujano Denti...,current_clean,short_long,1.0,0.0,Cirujano Dentista,Alveolitis | Breve Estudio Sobre Alveolitis
micro,Area 2,Area2_M05,Area2_M05.json,C402,14,Nocardia Brasiliensis - Biología,Nocardia Brasiliensis - Biología,Nocardia Brasiliensis - Biología,Nocardia Brasiliensis - Biología,current_clean,,0.5714,0.0,Biología,Efecto de la Infeccion Experimental en Ratones con Nocardia Brasiliensis Sobre... | Papel de la Respuesta Celular y Humoral en Infecciones Producidas por Nocardia... | Respuesta Inmune en Animales Inoculados Experimentalmente con Nocardia Brasilie...
micro,Area 2,Area2_M05,Area2_M05.json,C420,12,Municipio Nieves - Medico Cirujano,Municipio Nieves - Medico Cirujano,Municipio Nieves - Medico Cirujano,Municipio Nieves - Medico Cirujano,current_clean,,0.5,0.0,Medico Cirujano,"Informe General Sobre la Exploración Sanitaria del Municipio de Nieves, Quinto... | Exploracion Sanitaria del Municipio de Nieves, Quinto Distrito del EDO. de Zaca... | Exploracion Sanitaria del Municipio de Nieves, Estado de Zacatecas"
micro,Area 2,Area2_M05,Area2_M05.json,C437,11,Estres Hierro - Biología,Estres Hierro - Biología,Estres Hierro - Biología,Estres Hierro - Biología,current_clean,,0.9091,0.0,Biología,"Respuesta A Estrés por Hierro en Gallibacterium Anatis | Expresion de Proteinas Reguladas por Hierro en Avibacterium Paragallinarum | El Hierro, Factor Regulador de la Expresion de Proteinas en Escherichia Coli En..."
micro,Area 2,Area2_M05,Area2_M05.json,C454,10,Estreptococo Beta Hemolitico - Química Farmacéutico B...,Estreptococo Beta Hemolitico - QU...,Estreptococo Beta Hemolitico - Química Farmacéutico B...,Estreptococo Beta Hemolitico - Qu...,current_clean,short_long,0.8,0.0,Química Farmacéutico Biológica,Asociacion de Antiestreptolisinas y Deficiencia en la Respuesta Inmune AL Estre... | Estudio de UN Medio de Cultivo Selectivo y Enriquecido para el Aislamiento de E... | Estudio Comparativo de Diferentes Métodos para el Aisalamiento e Identificacion...
micro,Area 2,Area2_M05,Area2_M05.json,C460,10,Neisseria Gonorrhoeae - Química Farmacéutico Biológ...,Neisseria Gonorrhoeae - Química F...,Neisseria Gonorrhoeae - Química Farmacéutico Biológ...,Neisseria Gonorrhoeae - Química F...,current_clean,short_long,0.8,0.0,Química Farmacéutico Biológica,"La Gonorreaccion | Estudio Epidemiologico de Neisseria Gonorrhoeae en Pacientes de Consulta Extern... | Etiologia, Patologia y Diagnostico de la Gonorrea"
micro,Area 2,Area2_M05,Area2_M05.json,C461,10,Pancratitis Aguda - Pediatría Médica,Pancratitis Aguda - Pediatría MÉD...,Pancratitis Aguda - Pediatría Médica,Pancratitis Aguda - Pediatría Méd...,current_clean,short_long,1.0,0.0,Pediatría Médica,Panencefalitis Esclerosante Sub-aguda | Análisis de los Indices Pronosticos en Pancratitis Aguda | Revision Bibliografica de Panencefalitis Esclerosante Subaguda : Presentacion d...
micro,Area 2,Area2_M05,Area2_M05.json,C492,8,Fosfatasa Alcalina - Cirugía General,Fosfatasa Alcalina - Cirugía Gene...,Fosfatasa Alcalina - Cirugía General,Fosfatasa Alcalina - Cirugía Gene...,current_clean,short_long,1.0,0.0,Cirugía General,Análisis de Factores de Riesgo de Fosfatasa Alcalina Serica Normal en Pacientes... | Determinación de Fosfatasa Alcalina en Leucocitos Humanos | Diferenciación Cinética de las Fosfatasas Alcalinas del Suero y SU Importancia...
micro,Area 2,Area2_M05,Area2_M05.json,C504,8,Dermatophagoides Pteronyssinus - Química Farmacéutico...,Dermatophagoides Pteronyssinus -...,Dermatophagoides Pteronyssinus - Química Farmacéutico...,Dermatophagoides Pteronyssinus -...,current_clean,short_long,1.0,0.0,Química Farmacéutico Biológica,"Estandarizacion Biológica de Extractos Alergenicos de Dermatophagoides Pteronys... | Estudio Comparativo de los Niveles de Anticuerpos (IG GI e IG G4) Entre Pacient... | Reactividad Cruzada Entre Anticuerpos IGE e Igg1, de Pacientes Alérgicos AL Áca..."
micro,Area 2,Area2_M05,Area2_M05.json,C623,6,Respuesta Inmune Humoral - Biología,Respuesta Inmune Humoral - Biolog...,Respuesta Inmune Humoral - Biología,Respuesta Inmune Humoral - Biolog...,current_clean,short_long,0.8333,0.0,Biología,Respuesta Inmune Humoral A Antigenos de Sporothrix Schenckii | Estudio de Algunos Aspectos Epidemiologicos y Patogenicos de Sporothris Schenck... | Estudio Inmunogenetico de Casos de Esporotricosis y Poblacion Expuesta A Sporot...
micro,Area 2,Area2_M05,Area2_M05.json,C656,6,Histophilus Somni - Ciencias de la Produccion y...,Histophilus Somni - Ciencias de L...,Histophilus Somni - Ciencias de la Produccion y...,Histophilus Somni - Ciencias de l...,current_clean,short_long,0.8333,0.0,Ciencias de la Produccion y de la Salud Animal,Estudio de los Perfiles de Proteinas Totales en Aislamientos de Histophilus Som... | Análisis de Proteínas Inmunogénicas Secretadas por Histophilus Somni | Estudio de Efecto de la Infección Causada por Trichimella Spiralis Sobre el Pat...
micro,Area 2,Area2_M05,Area2_M05.json,C721,5,Proteina Reactiva - Cirugía General,Proteina Reactiva - Cirugía Gener...,Proteina Reactiva - Cirugía General,Proteina Reactiva - Cirugía Gener...,current_clean,short_long,1.0,0.0,Cirugía General,"Utilidad de la Proteina C Reactiva en Diagnóstico Oportuno de Fuga Anastomótica... | Elevación de Proteína C Reactiva, Procalcitonina y Velocidad de Sedimentación G... | Proteina C Reactiva Como Factor de Riesgo de Morbilidad en Pacientes Sometidos..."
micro,Area 2,Area2_M05,Area2_M05.json,C723,5,Angina Ludwig - Cirujano Dentista,Angina Ludwig - Cirujano Dentista,Angina Ludwig - Cirujano Dentista,Angina Ludwig - Cirujano Dentista,current_clean,,1.0,0.0,Cirujano Dentista,"Angina de Ludwig, Como Complicación de Infección Odontogénica, Diagnóstico y Tr... | Angina de Ludwig, Como Complicación de UNA Infección Odontogénica : Diagnóstico... | Etiopatogenia y Manifestaciones Clínicas de Angina de Ludwig"
micro,Area 2,Area2_M05,Area2_M05.json,C728,5,LUZ Ultravioleta - Pediatría,LUZ Ultravioleta - Pediatría,LUZ Ultravioleta - Pediatría,LUZ Ultravioleta - Pediatría,current_clean,,0.8,0.0,Pediatría,Aplicacion de LUZ Ultravioleta para la Desinfeccion de Efluentes Secundarios co... | Determinación de la Presencia de Microorganismos Contaminantes Sobre Puntas de... | Efecto de la Desinfección Terminal con LUZ Ultravioleta Sobre la Incidencia de...
micro,Area 2,Area2_M05,Area2_M05.json,C732,5,Reservorio Ommaya - Neurocirugia,Reservorio Ommaya - Neurocirugia,Reservorio Ommaya - Neurocirugia,Reservorio Ommaya - Neurocirugia,current_clean,,1.0,0.0,Neurocirugia,USO de Bleomicina Local Mediante Reservorio de Ommaya en Craneofaringiomas Quis... | USO de Bleomicina con Reservorio Local en Craneofaringiomas Quisticos | USO de Bleomicina Local Mediante Reservorio de Ommaya en Craneofaringeomas Quis...
micro,Area 2,Area2_M05,Area2_M05.json,C754,5,Plasmodium Yoelii 17xl - Química Farmacéutico Biológ....,Plasmodium Yoelii 17xl - Química...,Plasmodium Yoelii 17xl - Química Farmacéutico Biológ....,Plasmodium Yoelii 17xl - Química...,current_clean,short_long,0.6,0.0,Química Farmacéutico Biológica,Estudio de la Influencia de Taenia Crassiceps en la Susceptibilidad A la Infecc... | Evaluación de la Especificidad de la Respuesta Inmune Durante UNA Infeccion Sec... | Estudio de la Inmunodulación en la Coinfección Taenia Crassiceps-plasmodium Yoe...
micro,Area 2,Area2_M05,Area2_M05.json,C782,5,Delecion 22q11 - Biología,Delecion 22q11 - Biología,Delecion 22q11 - Biología,Delecion 22q11 - Biología,current_clean,,0.8,0.0,Biología,Estudio Citogenético Mediante Fish en Pacientes con Probable Síndrome de Deleci... | Diagnosticar Mediante la Técnica de Fish A Pacientes con Probable Deleción 22q1... | Concordancia del Fish en Mucosa Oral y en Sangre Periférica en el Diagnóstico d...
micro,Area 2,Area2_M05,Area2_M05.json,C787,5,Blastocystis SPP - Pediatría,Blastocystis SPP - Pediatría,Blastocystis SPP - Pediatría,Blastocystis SPP - Pediatría,current_clean,,1.0,0.0,Pediatría,"Blastocystis Hominis, Correlación Clínica y Laboratorio | Estudio Sobre la Variabilidad Genética de la Catepsina B de Blastocystis SPP. d... | Estandarización de UN Sistema IN Vitro para Evaluación de Sensibilidad A Antipa..."
micro,Area 2,Area2_M05,Area2_M05.json,C790,5,Alergia e Inmunologia Clínica Pediatrica,Alergia e Inmunologia Clínica PED...,Alergia e Inmunologia Clínica Pediatrica,Alergia e Inmunologia Clínica Ped...,current_clean,short_long,1.0,0.0,Alergia e Inmunologia Clínica Pediatrica,Análisis Descriptivo del Comportamiento Inmunológico de los Pacientes con Ataxi... | Ataxia Telangiectasia : Revision del Patron Clinico. Experiencia de 25 Años en... | Estudio Inmunogenetico de la Ataxia Telangiectasia
micro,Area 2,Area2_M05,Area2_M05.json,C858,5,Farmacocinetica Ciprofloxacina - Química Farmacéutico...,Farmacocinetica Ciprofloxacina -...,Farmacocinetica Ciprofloxacina - Química Farmacéutico...,Farmacocinetica Ciprofloxacina -...,current_clean,short_long,1.0,0.0,Química Farmacéutico Biológica,Influencia del Tiempo de la Lesión Medular Sobre la Farmacocinética de la Cipro... | Farmacocinética de Ciprofloxacina Administrada por Infusión Intravenosa en Prim... | Farmacocinética de Ciprofloxacino en Mono Rhesus con Lesión Medular Experimenta...
micro,Area 2,Area2_M06,Area2_M06.json,C12,7226,Cancer Mama - Cirujano Dentista,Cancer Mama - Cirujano Dentista,Cancer Mama - Cirujano Dentista,Cancer Mama - Cirujano Dentista,current_clean,,0.9226,0.0,Cirujano Dentista,Evaluación del Efecto Microbicida de Leucocitos Humanos en Pacientes con Cancer... | Cancer Laringeo | Biopsia por Aspiracion con Aguja Fina
micro,Area 2,Area2_M06,Area2_M06.json,C103,1247,Leucemia Linfoblastica Aguda - Hematologia,Leucemia Linfoblastica Aguda - HE...,Leucemia Linfoblastica Aguda - Hematologia,Leucemia Linfoblastica Aguda - He...,current_clean,short_long,0.927,0.0,Hematologia,"Catastro Sanitario del Municipio de Tecozautla, Hidalgo | Epidemiologia de la Lesion Medular Traumatica en el Distrito Federal | Epidemiologia de la Enfermedad Parodontal"
micro,Area 2,Area2_M06,Area2_M06.json,C120,692,Cancer Prostata - Urologia,Cancer Prostata - Urologia,Cancer Prostata - Urologia,Cancer Prostata - Urologia,current_clean,,0.9783,0.0,Urologia,El Ultrasonido Transrectal y Biopsia en el Cancer de la Prostata | Algunas Consideraciones Sobre la Tecnica de la Prostatectomia Parcial con Trans... | Biopsia Transrectal de Prostata Guiada por Ultrasonido
micro,Area 2,Area2_M06,Area2_M06.json,C159,133,Cancer Cavidad Oral - Cirujano Dentista,Cancer Cavidad Oral - Cirujano de...,Cancer Cavidad Oral - Cirujano Dentista,Cancer Cavidad Oral - Cirujano De...,current_clean,short_long,0.9248,0.0,Cirujano Dentista,Tumores Benignos y Malignos de la Cavidad Oral | Carcinomas Orales | Cancer en Cavidad Oral
micro,Area 2,Area2_M06,Area2_M06.json,C195,40,Ameloblastoma Uniquistico - Cirujano Dentista,Ameloblastoma Uniquistico - Ciruj...,Ameloblastoma Uniquistico - Cirujano Dentista,Ameloblastoma Uniquistico - Ciruj...,current_clean,short_long,0.925,0.0,Cirujano Dentista,Ameloblastoma | Ameloblastoma Uniquistico : Presentacion de UN Caso Clinico | Ameloblastoma y SU Tratamiento
micro,Area 2,Area2_M06,Area2_M06.json,C243,25,C243 - Cirujano Dentista,C243 - Cirujano Dentista,C243 - Cirujano Dentista,C243 - Cirujano Dentista,current_clean,,1.0,0.0,Cirujano Dentista,Apicectomia
micro,Area 2,Area2_M06,Area2_M06.json,C287,20,Tumores Odontogenicos - Cirujano Dentista,Tumores Odontogenicos - Cirujano...,Tumores Odontogenicos - Cirujano Dentista,Tumores Odontogenicos - Cirujano...,current_clean,short_long,0.75,0.0,Cirujano Dentista,Tumores Odontogenicos | Tumores Odontogenicos
micro,Area 2,Area2_M06,Area2_M06.json,C294,19,Mesotelioma Pleural - Neumologia,Mesotelioma Pleural - Neumologia,Mesotelioma Pleural - Neumologia,Mesotelioma Pleural - Neumologia,current_clean,,1.0,0.0,Neumologia,Mesoteliomas Pleurales | Resultado de Pleuroneumonectomía para Mesotelioma Maligno en el Instituto Nacio... | Identificar los Micrornas en Tejido Pleural de Pacientes con Mesotelioma Pleura...
micro,Por clasificar,Area2_M06,Area2_M06.json,C416,13,C416 - Cirujano Dentista,C416 - Cirujano Dentista,C416 - Cirujano Dentista,C416 - Cirujano Dentista,current_clean,,1.0,0.0,Cirujano Dentista,Apicectomia
micro,Area 2,Area2_M06,Area2_M06.json,C438,11,Hiperplasia Epitelial - Cirujano Dentista,Hiperplasia Epitelial - Cirujano...,Hiperplasia Epitelial - Cirujano Dentista,Hiperplasia Epitelial - Cirujano...,current_clean,short_long,1.0,0.0,Cirujano Dentista,"Hiperplasia Epitelial Multifocal | Hiperplasia Epitelial Multifocal, Actualidades del Diagnóstico y Tratamiento :... | Hiperplasia Epitelial Multifocal Reporte de 2 Casos Manejados en la Clínica Est..."
micro,Area 2,Area2_M06,Area2_M06.json,C442,10,Coordinación Cobre - Química Farmacéutico Biológ...,Coordinación Cobre - Química Farm...,Coordinación Cobre - Química Farmacéutico Biológ...,Coordinación Cobre - Química Farm...,current_clean,short_long,0.9,0.0,Química Farmacéutico Biológica,Influencia del Metabolismo en la Actividad Antiproliferativa y Adoptotica del Q... | Evaluación Antineoplasica de Compuestos de Coordinación de Cobre (Casiopeinas)... | Determinacin de la Concentracin Intracelular de Cobre en Clulas Tumorales Hela...
micro,Area 2,Area2_M06,Area2_M06.json,C474,9,Nitrilotriacetato Hierro - Ciencias Bioquimicas,Nitrilotriacetato Hierro - Cienci...,Nitrilotriacetato Hierro - Ciencias Bioquimicas,Nitrilotriacetato Hierro - Cienci...,current_clean,short_long,1.0,0.0,Ciencias Bioquimicas,Efecto del Tratamiento con UN Concentrado de Arandano Sobre Alteraciones Induci... | Efecto del Pretratamiento con UN Extracto de Semillas de UVA Sobre el Daño Oxid... | Evolución del Comportamiento de C-jun y Moléculas Relacionadas en Distintas Eta...
micro,Area 2,Area2_M06,Area2_M06.json,C540,7,Celulas Escamosas - Cirujano Dentista,Celulas Escamosas - Cirujano Dent...,Celulas Escamosas - Cirujano Dentista,Celulas Escamosas - Cirujano Dent...,current_clean,short_long,1.0,0.0,Cirujano Dentista,Influencia de la Periodontitis en el Carcinoma Oral de Células Escamosas | Cáncer Como Factor de Riesgo de Enfermedad Periodontal | Prevalencia de Enfermedad Periodontal Post Tratamiento Citostático en Pacientes...
micro,Area 2,Area2_M06,Area2_M06.json,C564,7,Bioquímica Diagnostica,Bioquímica Diagnostica,Bioquímica Diagnostica,Bioquímica Diagnostica,current_clean,,1.0,0.0,Bioquímica Diagnostica,Expresión de los Genes Hsp90aa1 y Hsp90ab1 en Pacientes con Carcinoma Renal de... | Potencial Tumorigénico de Hsp90α y Hsp90β en UN Modelo de Cáncer Renal | Análisis de Expresión de los Genes Hsp90aa1 y Hsp90ab1 en Pacientes con Cáncer...
micro,Area 2,Area2_M06,Area2_M06.json,C679,6,Adenomas Pituitarios - Neurocirugia,Adenomas Pituitarios - Neurocirug...,Adenomas Pituitarios - Neurocirugia,Adenomas Pituitarios - Neurocirug...,current_clean,short_long,1.0,0.0,Neurocirugia,Resultados de Reseciones Quirurgicas de Adenomas Pituitarios por VIA Transeptal... | Tratamiento Quirurgico de la Apoplejia Pituitaria | Resultados del Manejo Quirurgico de 121 Adenomas Pituitarios Clinicamente NO Fu...
micro,Area 2,Area2_M06,Area2_M06.json,C680,6,Mitomicina Pacientes - Urologia,Mitomicina Pacientes - Urologia,Mitomicina Pacientes - Urologia,Mitomicina Pacientes - Urologia,current_clean,,1.0,0.0,Urologia,Actualizacion del USO de la Mitomicina C en Pacientes con Carcinoma Superficial... | Respuesta del Cancer de Vejiga Superficial Ante Tratamiento Intravesical con Mi... | Tratamiento Adyuvante con Mitomicina C en el Cancer Vesical Superficial
micro,Area 2,Area2_M06,Area2_M06.json,C699,5,Caracteristicas Clinicas Radiolog... - Anatomía Patol...,Caracteristicas Clinicas Radiolog...,Caracteristicas Clinicas Radiolog... - Anatomía Patol...,Caracteristicas Clinicas Radiolog...,current_clean,short_long,1.0,0.0,Anatomía Patologica,Condroblastoma | Caracteristicas Clinicas y Radiologicas del Condrosarcoma | Diagnostico Diferencial de Condrosarcoma y Condroblastoma : Estudios Anatomocli...
micro,Area 2,Area2_M06,Area2_M06.json,C785,5,Carcinoma Mucoepidermoide - Cirujano Dentista,Carcinoma Mucoepidermoide - Ciruj...,Carcinoma Mucoepidermoide - Cirujano Dentista,Carcinoma Mucoepidermoide - Ciruj...,current_clean,short_long,1.0,0.0,Cirujano Dentista,Conceptos Actuales del Carcinoma Mucoepidermoide | Paciente Pediátrico con Carcinoma Mucoepidermoide : Diagnóstico y Tratamiento | Carcinoma Mucoepidermoide de Alto Grado de Malignidad : (Caso Clínico)
micro,Area 2,Area2_M06,Area2_M06.json,C865,5,Odontologico Pmma - Cirujano Dentista,Odontologico Pmma - Cirujano Dent...,Odontologico Pmma - Cirujano Dentista,Odontologico Pmma - Cirujano Dent...,current_clean,short_long,0.8,0.0,Cirujano Dentista,Análisis del USO Odontológico del Pmma Combinado con Grafeno para la Elaboració... | Síntesis y Pruebas Físicas de Pmma para Reparación de Prótesis | Manufactura Aditiva Como UNA Herramienta para el Desarrollo de Moldes para Pmma
micro,Area 2,Area2_M06,Area2_M06.json,C874,5,Antigeno Nuclear Proliferacion - Química Farmacéutico...,Antigeno Nuclear Proliferacion -...,Antigeno Nuclear Proliferacion - Química Farmacéutico...,Antigeno Nuclear Proliferacion -...,current_clean,short_long,0.8,0.0,Química Farmacéutico Biológica,"Sobreexpresion y Purificacion del Antigeno Nuclear de Proliferacion Celular : P... | Evaluación de Variantes de Mrna del Antígeno Nuclear de Proliferación Celular (... | Revision Bibliografica Sobre Oncogenes, Metastasis en Neoplasias y Rearreglos M..."
micro,Area 2,Area2_M07,Area2_M07.json,C34,4506,Diabetes Mellitus - Medicina Familiar,Diabetes Mellitus - Medicina Fami...,Diabetes Mellitus - Medicina Familiar,Diabetes Mellitus - Medicina Fami...,current_clean,short_long,0.9245,0.0,Medicina Familiar,La Insulina en la Cicatrizacion de Algunas Ulceras Venereas | Tratamiento de la Diabetes | Factores de Riesgo en Pacientes con Diabetes Mellitus Tipo 2
micro,Area 2,Area2_M07,Area2_M07.json,C119,716,Pancreatitis Aguda - Cirugía General,Pancreatitis Aguda - Cirugía Gene...,Pancreatitis Aguda - Cirugía General,Pancreatitis Aguda - Cirugía Gene...,current_clean,short_long,0.9874,0.0,Cirugía General,Pancreatitis Aguda | Tratamiento Medico Quirurgico de la Pancreatitis Aguda Grave | Asociación Entre las Variables Utilizadas en Escalas de Severidad con la Presen...
micro,Area 2,Area2_M07,Area2_M07.json,C177,57,Pacientes Diabetes Mellitus - Cirujano Dentista,Pacientes Diabetes Mellitus - CIR...,Pacientes Diabetes Mellitus - Cirujano Dentista,Pacientes Diabetes Mellitus - Cir...,current_clean,short_long,0.9298,0.0,Cirujano Dentista,Enfermedades Periodontales en Pacientes con Diabetes Mellitus | Enfermedad Periodontal y Diabetes Mellitus | Influencia de la Diabetes Tipo II en la Enfermedad Periodontal
micro,Area 2,Area2_M07,Area2_M07.json,C216,30,Manifestaciones Orales - Cirujano Dentista,Manifestaciones Orales - Cirujano...,Manifestaciones Orales - Cirujano Dentista,Manifestaciones Orales - Cirujano...,current_clean,short_long,0.8333,0.0,Cirujano Dentista,Diabetes y SUS Manifestaciones Orales | Manifestaciones Orales de la Diabetes Mellitus | Manifestaciones Orales de la Diabetes Mellitus
micro,Area 2,Area2_M07,Area2_M07.json,C224,29,Diabetes Odontología - Cirujano Dentista,Diabetes Odontología - Cirujano D...,Diabetes Odontología - Cirujano Dentista,Diabetes Odontología - Cirujano D...,current_clean,short_long,0.7931,0.0,Cirujano Dentista,Diabetes en Odontología | La Diabetes en Odontología | Importancia de la Diabetes en Odontología
micro,Area 2,Area2_M07,Area2_M07.json,C490,8,Cavidad Bucal - Cirujano Dentista,Cavidad Bucal - Cirujano Dentista,Cavidad Bucal - Cirujano Dentista,Cavidad Bucal - Cirujano Dentista,current_clean,,0.875,0.0,Cirujano Dentista,Manifestaciones de la Diabetes Mellitus en la Cavidad Bucal | Diabetes Como Enfermedad Sistemica y Efectos Concomitantes en la Cavidad Bucal | Diabetes Mellitus y Principales Manifestaciones en Cavidad Bucal
micro,Area 2,Area2_M07,Area2_M07.json,C496,8,Diabetes Tipo - Medicina Familiar,Diabetes Tipo - Medicina Familiar,Diabetes Tipo - Medicina Familiar,Diabetes Tipo - Medicina Familiar,current_clean,,0.625,0.0,Medicina Familiar,"""Duelo por Enfermedad y SU Relación con la Adherencia AL Tratamiento en Pacient... | Clínica de Diabetes, Iztapalapa Cdmx | Eficacia de la Auriculopuntura Como Terapia Complementaria en Pacientes Diabéti..."
micro,Area 2,Area2_M07,Area2_M07.json,C503,8,Construccion Diabetes Mellitus - Psicología,Construccion Diabetes Mellitus -...,Construccion Diabetes Mellitus - Psicología,Construccion Diabetes Mellitus -...,current_clean,short_long,0.625,0.0,Psicología,El Proceso de Construccion de la Diabetes Mellitus | UNA Aproximacion A la Construccion de la Diabetes Mellitus | Algunos Conceptos Actuales Sobre Diabetes Mellitus
micro,Area 2,Area2_M07,Area2_M07.json,C694,5,Diabetes Mellitus Tipo - Endocrinologia Pediatrica,Diabetes Mellitus Tipo - Endocrin...,Diabetes Mellitus Tipo - Endocrinologia Pediatrica,Diabetes Mellitus Tipo - Endocrin...,current_clean,short_long,1.0,0.0,Endocrinologia Pediatrica,Evaluación del Nivel de Fuerza Muscular con Dinamómetro de Mano en Pacientes Pe... | Relación de Masa Muscular y Reserva Pancreática en Pacientes Pediátricos con Di... | Correlación Entre la Actividad Física Evaluado por el Cuestionario Paq-c y el C...
micro,Area 2,Area2_M07,Area2_M07.json,C770,5,Diabetico Cirugía Boca - Cirujano Dentista,Diabetico Cirugía Boca - Cirujano...,Diabetico Cirugía Boca - Cirujano Dentista,Diabetico Cirugía Boca - Cirujano...,current_clean,short_long,1.0,0.0,Cirujano Dentista,El Diabetico y la Cirugía de la Boca | Diabetes Mellitus y SUS Repercuciones en la Boca | Importancia de la Saliva para el Diagnóstico de Diabetes : Proyecto Papime Pe21...
micro,Area 2,Area2_M07,Area2_M07.json,C824,5,Isquemia Fria - Cirugía General,Isquemia Fria - Cirugía General,Isquemia Fria - Cirugía General,Isquemia Fria - Cirugía General,current_clean,,1.0,0.0,Cirugía General,Prevalencia de la Disfunción del Injerto Renal de Donador Fallecido Asociado A... | El Tiempo de Isquemia Fria Prolongada Como Factor de Riesgo para Rechazo Agudo... | Tiempo de Isquemia Caliente Como Factor de Riesgo en el Retardo de la Función I...
micro,Area 2,Area2_M07,Area2_M07.json,C829,5,Nanotecnologia Futuro Tratamiento - Química Farmacéut...,Nanotecnologia Futuro Tratamiento...,Nanotecnologia Futuro Tratamiento - Química Farmacéut...,Nanotecnologia Futuro Tratamiento...,current_clean,short_long,1.0,0.0,Química Farmacéutico Biológica,"La Nanotecnología Como el Futuro para el Tratamiento de la Diabetes Mellitus | Parches Poliméricos Bicapa Cargados con Nanopartículas de Propóleo para el Trat... | Nanomateriales Inorgánicos para el Tratamiento, Diagnóstico y Prevención de la..."
micro,Area 2,Area2_M07,Area2_M07.json,C835,5,Pacientes Pancreatitis Aguda - Medicina del Enfermo e...,Pacientes Pancreatitis Aguda - ME...,Pacientes Pancreatitis Aguda - Medicina del Enfermo e...,Pacientes Pancreatitis Aguda - Me...,current_clean,short_long,1.0,0.0,Medicina del Enfermo en Estado Critico,Estudio de Caso Aplicado A UNA Persona con Deterioro en la Necesidad de Oxigena... | Medicion del Gasto Energetico en Reposo y el Cociente Respiratorio en Pacientes... | Correlacion de las Variables de Monitoreo del Transporte Difusivo de Oxigeno en...
micro,Area 2,Area2_M07,Area2_M07.json,C840,5,Metabolismo Carbohidratos - Endocrinologia Pediatrica,Metabolismo Carbohidratos - Endoc...,Metabolismo Carbohidratos - Endocrinologia Pediatrica,Metabolismo Carbohidratos - Endoc...,current_clean,short_long,1.0,0.0,Endocrinologia Pediatrica,Frecuencia de las Alteraciones en el Metabolismo de los Carbohidratos en Pacien... | Frecuencia de las Alteraciones en el Metabolismo de los Carbohidratos en Pacien... | Alteracion en el Metabolismo de los Carbohidratos en Pacientes con Fibrosis Quí...
micro,Area 2,Area2_M07,Area2_M07.json,C859,5,Efecto Administración Oral - Química Farmacéutico BIO...,Efecto Administración Oral - Quím...,Efecto Administración Oral - Química Farmacéutico BIO...,Efecto Administración Oral - Quím...,current_clean,short_long,1.0,0.0,Química Farmacéutico Biológica,Efecto de la Administración Oral del Resveratrol Sobre el Control Metabólico y... | Efecto de la Administración Oral de Resveratrol Sobre Marcadores de Estrés Oxid... | Efecto de la Administración Oral de Resveratrol en Pacientes con Diabetes Melli...
micro,Area 2,Area2_M07,Area2_M07.json,C880,5,Diabetes Leucemia Hemofilia - Cirujano Dentista,Diabetes Leucemia Hemofilia - CIR...,Diabetes Leucemia Hemofilia - Cirujano Dentista,Diabetes Leucemia Hemofilia - Cir...,current_clean,short_long,1.0,0.0,Cirujano Dentista,Diabetes Leucemia y Hemofilia y SUS Importancia de la Odontología | Leucemia y Diabetes en Odontología | Evolucion de la Diabetes Mellitus Secundaria A Quimioterapia en Pacientes con L...
micro,Area 2,Area2_M08,Area2_M08.json,C13,7212,Parto Pretermino - Ginecologia y Obstetricia,Parto Pretermino - Ginecologia y...,Parto Pretermino - Ginecologia y Obstetricia,Parto Pretermino - Ginecologia y...,current_clean,short_long,0.9117,0.0,Ginecologia y Obstetricia,Neuroinfeccion en Neonatos Criticamente Enfermos con Sospecha Fundada de Sepsis | Neurodistonias Gravidicas | Embarazo Gemelar
micro,Area 2,Area2_M08,Area2_M08.json,C124,528,Diabetes Gestacional - Ginecologia y Obstetricia,Diabetes Gestacional - Ginecologi...,Diabetes Gestacional - Ginecologia y Obstetricia,Diabetes Gestacional - Ginecologi...,current_clean,short_long,0.9811,0.0,Ginecologia y Obstetricia,Diabetes Gestacional | Diabetes y Embarazo | Estudio de Valor Diagnostico Entre la Prueba de Tamiz de Glucosa y la Curva de...
micro,Area 2,Area2_M08,Area2_M08.json,C149,204,Ruptura Prematura Membranas - Ginecologia y Obstetric...,Ruptura Prematura Membranas - GIN...,Ruptura Prematura Membranas - Ginecologia y Obstetric...,Ruptura Prematura Membranas - Gin...,current_clean,short_long,0.9755,0.0,Ginecologia y Obstetricia,Ruptura Prematura de Membranas | Actualizacion del Estudio de la Flora Bacteriana Implicada en la Ruptura Premat... | Ruptura Prematura de Membranas
micro,Area 2,Area2_M08,Area2_M08.json,C218,30,Bacteriuria Asintomatica - Medicina Familiar,Bacteriuria Asintomatica - Medici...,Bacteriuria Asintomatica - Medicina Familiar,Bacteriuria Asintomatica - Medici...,current_clean,short_long,1.0,0.0,Medicina Familiar,Bacteriuria Asintomatica Durante el Embarazo | Incidencia de la Bacteriuria Asintomatica en el Embarazo | Bacteruria Asistomatica Durante el Embarazo
micro,Area 2,Area2_M08,Area2_M08.json,C236,26,Fibronectina Fetal - Ginecologia y Obstetricia,Fibronectina Fetal - Ginecologia...,Fibronectina Fetal - Ginecologia y Obstetricia,Fibronectina Fetal - Ginecologia...,current_clean,short_long,1.0,0.0,Ginecologia y Obstetricia,Fibronectina Fetal Predictor de Parto Pretermino | Determinación de Fibronectina Fetal Como Predictor de Parto Pretermino | Determinación de Fibronectina Fetal Como Predictor de Parto Pretermino Reporte...
micro,Area 2,Area2_M08,Area2_M08.json,C523,7,Efectos Colaterales - Química Farmacéutico Biológ...,Efectos Colaterales - Química FAR...,Efectos Colaterales - Química Farmacéutico Biológ...,Efectos Colaterales - Química Far...,current_clean,short_long,1.0,0.0,Química Farmacéutico Biológica,Efectos Colaterales de los Esteroides Anovulatorios | Efecto Anovulatorio del 11 | Bromocriptina y Anovulacion
micro,Area 2,Area2_M08,Area2_M08.json,C642,6,Parto Respetado Hospital - Enfermeria y Obstetricia,Parto Respetado Hospital - Enferm...,Parto Respetado Hospital - Enfermeria y Obstetricia,Parto Respetado Hospital - Enferm...,current_clean,short_long,1.0,0.0,Enfermeria y Obstetricia,"Tesina de Procedimientos de Parto Respetado en el Hospital General León | El Control Prenatal en el Hospital General de la S.s.a. los Mochis, SIN | Evaluación del Control Prenatal en la Clínica DR. Ignacio Chavez, del I.s.s.s.t..."
micro,Area 2,Area2_M08,Area2_M08.json,C717,5,Sistema Vigilancia - Epidemiologia,Sistema Vigilancia - Epidemiologia,Sistema Vigilancia - Epidemiologia,Sistema Vigilancia - Epidemiologia,current_clean,,0.8,0.0,Epidemiologia,Evaluación de Sistema de Vigilancia de Defunciones Maternas en el Distrito Fede... | Evaluación de las Acciones de la Búsqueda Intencionada y Reclasificación de Mue... | Análisis Victimológico de la Maternidad en el Distrito Federal
micro,Area 2,Area2_M08,Area2_M08.json,C746,5,Medicina Materno Fetal,Medicina Materno Fetal,Medicina Materno Fetal,Medicina Materno Fetal,current_clean,,1.0,0.0,Medicina Materno Fetal,Valores de Referencia de la Longitud del Hueso Nasal en Población Mexicana Dura... | Utilidad del Hueso Nasal Hipoplásico A las 11-14 Semanas de Gestación para la D... | Curvas de Normalidad de Hueso Nasal y Distancia Prenasal en Fetos Sanos 18-23.6...
micro,Area 2,Area2_M08,Area2_M08.json,C806,5,Unidad Cuidados Intensivos - Pediatría,Unidad Cuidados Intensivos - Pedi...,Unidad Cuidados Intensivos - Pediatría,Unidad Cuidados Intensivos - Pedi...,current_clean,short_long,1.0,0.0,Pediatría,Comparacion de DOS Escalas de Gravedad Neonatal 8crib VS Snappe-ii) para Evalua... | Escala de Gravedad Snap-pe II Como Factor Predictivo de Mortalidad Neonatal | Pronóstico del Recién Nacido Mediante la Escala de Snap en UNA Unidad de Cuidad...
micro,Area 2,Area2_M08,Area2_M08.json,C807,5,Cupula Vaginal - Ginecologia y Obstetricia,Cupula Vaginal - Ginecologia y OB...,Cupula Vaginal - Ginecologia y Obstetricia,Cupula Vaginal - Ginecologia y Ob...,current_clean,short_long,1.0,0.0,Ginecologia y Obstetricia,Factores de Riesgo para Prolapso de Cupula Vaginal y Complicaciones Asociadas A... | Colposacropexia y Tecnica de Moschcowitz en Pacientes con Prolapso de Cupula Va... | Tratamiento del Prolapso de Cúpula Vaginal Colposacropexia con Malla y Grapa
micro,Area 2,Area2_M08,Area2_M08.json,C821,5,Recien Nacido - Neonatologia,Recien Nacido - Neonatologia,Recien Nacido - Neonatologia,Recien Nacido - Neonatologia,current_clean,,1.0,0.0,Neonatologia,"Correlación Entre el CO2 Alveolar, Arterial y Capilarenel Recién Nacido Ventila... | Estudio Comparativo de Gasometria Arterial y Arterializada en Recien Nacido con... | Correlacion del CO2 Alveolar y el CO2 Arterial en el Recien Nacido"
micro,Area 2,Area2_M08,Area2_M08.json,C830,5,Escala Nosep - Neonatologia,Escala Nosep - Neonatologia,Escala Nosep - Neonatologia,Escala Nosep - Neonatologia,current_clean,,1.0,0.0,Neonatologia,Utilidad y Aplicacion de la Escala Nosep-1 para Determinar el Riesgo de Sepsis... | Evaluación de la Escala Neosep-1 para Deteccion Temprana de Sepsis Nosocomial e... | Validacion de Escala Diagnostica por Consenso para el Diagnostico de Sepsis Nos...
micro,Area 2,Area2_M09,Area2_M09.json,C125,503,Virus Papiloma Humano - Ginecologia y Obstetricia,Virus Papiloma Humano - Ginecolog...,Virus Papiloma Humano - Ginecologia y Obstetricia,Virus Papiloma Humano - Ginecolog...,current_clean,short_long,0.9085,0.0,Ginecologia y Obstetricia,Prevalencia del Virus del Papiloma Humano en Mujeres Infectadas con el Virus de... | Actitudes de la Pareja Ante el Reporte de Infección por Virus del Papiloma Huma... | Enmienda AL Estudio Validación de Biomarcadores Asociados AL Desarrollo y Pronó...
micro,Area 2,Area2_M09,Area2_M09.json,C138,286,Sida Odontología - Derecho,Sida Odontología - Derecho,Sida Odontología - Derecho,Sida Odontología - Derecho,current_clean,,0.4301,0.0,Derecho,El Sida y la Odontología | Cartel Folleto y Encuesta Contra el Sida | El Sida Como Riesgo de Trabajo
micro,Area 2,Area2_M09,Area2_M09.json,C150,180,Manifestaciones Bucales - Medico Cirujano,Manifestaciones Bucales - Medico...,Manifestaciones Bucales - Medico Cirujano,Manifestaciones Bucales - Medico...,current_clean,short_long,0.9611,0.0,Medico Cirujano,Sifilis Bucal | Sifilis | Breves Consideraciones Sobre la Sifilis Hereditaria
micro,Area 2,Area2_M09,Area2_M09.json,C515,8,Prevalencia Virus Epstein - Cirujano Dentista,Prevalencia Virus Epstein - Ciruj...,Prevalencia Virus Epstein - Cirujano Dentista,Prevalencia Virus Epstein - Ciruj...,current_clean,short_long,1.0,0.0,Cirujano Dentista,Prevalencia de Virus Epstein Barr en Estudiantes de Primer AÑO de la Carrera de... | Prevalencia del Virus Epstein-barr en Estudiantes de Primero y Segundo AÑO de l... | Prevalencia de Virus Epstein Barr en Estudiantes de Primer A Cuarto AÑO de la C...
micro,Area 2,Area2_M10,Area2_M10.json,C97,1429,Cancer Tiroides - Cirugía General,Cancer Tiroides - Cirugía General,Cancer Tiroides - Cirugía General,Cancer Tiroides - Cirugía General,current_clean,,0.9811,0.0,Cirugía General,Resultados del Tratamiento con 131 I en Pacientes Hipertiroideos | Tratamiento Quirurgico de las Hemorroides | Respuesta Clínica y de Laboratorio AL Manejo con Calcitriol en Pacientes con Ra...
micro,Area 2,Area2_M10,Area2_M10.json,C661,6,Enfermedad Graves - Endocrinologia y Nutriologia,Enfermedad Graves - Endocrinologi...,Enfermedad Graves - Endocrinologia y Nutriologia,Enfermedad Graves - Endocrinologi...,current_clean,short_long,1.0,0.0,Endocrinologia y Nutriologia,Efecto de la Reiniciacion del Metimazol Despues de DOS Dosis Diferentes de Radi... | Respuesta A Dosis de Radioyodo en Pacientes con Enfermedad de Graves y SU Relac... | Resultados Perinatales de las Pacientes Hipertiroideas Tratadas con Metimazol
micro,Area 2,Area2_M11,Area2_M11.json,C61,3156,Germinacion Maiz - Biología,Germinacion Maiz - Biología,Germinacion Maiz - Biología,Germinacion Maiz - Biología,current_clean,,0.5057,0.0,Biología,"El Albaceazgo y SU Naturaleza Jurídica | Centro Regulador de Produccion y Venta de Maiz Lerma, EDO. de México | Perspectivas de la Instrumentacion de UN Modelo para Actividades Productivas en..."
micro,Area 2,Area2_M11,Area2_M11.json,C129,423,Trypanosoma Cruzi - Biología,Trypanosoma Cruzi - Biología,Trypanosoma Cruzi - Biología,Trypanosoma Cruzi - Biología,current_clean,,0.7305,0.0,Biología,Caracterizacion Molecular de Aislados Mexicanos de Trypanosoma Cruzi | Perfil Proteico de la Hemolinfa de Triatoma Pallidipennis Infectado con Trypano... | Participacion de las Cisteinas en la Estabilidad y Estructura de la Triosafosfa...
micro,Area 2,Area2_M11,Area2_M11.json,C133,328,Phaseolus Vulgaris - Biología,Phaseolus Vulgaris - Biología,Phaseolus Vulgaris - Biología,Phaseolus Vulgaris - Biología,current_clean,,0.7348,0.0,Biología,Caracterizacion Molecular de las Adenil Ciclasas de Rhizobium Etli | Construccion de Mutaciones en las Regiones NIF de Rhizobium Phaseoli | Estudio del Papel de las Proteínas Avin34710 y Avin34720 en el Metabolismo de P...
micro,Area 2,Area2_M11,Area2_M11.json,C140,253,Arabidopsis Thaliana - Ciencias Bioquimicas,Arabidopsis Thaliana - Ciencias B...,Arabidopsis Thaliana - Ciencias Bioquimicas,Arabidopsis Thaliana - Ciencias B...,current_clean,short_long,0.7154,0.0,Ciencias Bioquimicas,Análisis Bioinformático de las Calmodulinas de Plantas en Arabidopsis Thaliana | UN Modelo de RED de Regulación Genica para la Determinación de Organos Florales... | Caracterización de UNA Mutante de Arabidopsis Thaliana Afectada en el Desarroll...
micro,Area 2,Area2_M11,Area2_M11.json,C147,207,Drosophila Melanogaster - Biología,Drosophila Melanogaster - Biología,Drosophila Melanogaster - Biología,Drosophila Melanogaster - Biología,current_clean,,0.5266,0.0,Biología,Evaluación del Efecto del Resveratrol Sobre la Genotoxicidad de la Nicotina en... | Evaluación del Posible Efecto Modulador del Resveratrol en Cotratamiento con Ni... | Estudio de UN Elemento Regulatorio Interno del Locus de Notch en Drosophila Mel...
micro,Area 2,Area2_M11,Area2_M11.json,C181,53,Caenorhabditis Elegans - Biología,Caenorhabditis Elegans - Biología,Caenorhabditis Elegans - Biología,Caenorhabditis Elegans - Biología,current_clean,,0.717,0.0,Biología,"La Proteína de Unión A RNA Tiar-1 Regula la Repuesta AL Estrés de las Células G... | El Efecto del Medio Ambiente Sobre la Apoptosis en la Linea Germinal del Nemato... | Estudio de la Relación Entre el Estrés, la Fusión Celular y la Apoptosis en la..."
micro,Area 2,Area2_M11,Area2_M11.json,C207,35,Rhodobacter Sphaeroides - Biología,Rhodobacter Sphaeroides - Biología,Rhodobacter Sphaeroides - Biología,Rhodobacter Sphaeroides - Biología,current_clean,,0.6,0.0,Biología,"Caracterización Genética de la Proteína Flgk, Componente Estructural del Flagel... | Estudio Sobre la Estructura de la Flagelina de Rhodobacter Sphaeroides | Estudio de las Segundas Copias de los Genes Flagelares de Rhodobacter Sphaeroid..."
micro,Area 2,Area2_M11,Area2_M11.json,C303,19,C303 - Cirujano Dentista,C303 - Cirujano Dentista,C303 - Cirujano Dentista,C303 - Cirujano Dentista,current_clean,,0.8421,0.0,Cirujano Dentista,Gingivitis | Gingivitis
micro,Area 2,Area2_M11,Area2_M11.json,C342,17,Biotecnologia,Biotecnologia,Biotecnologia,Biotecnologia,current_clean,,0.8824,0.0,Biotecnologia,Estudios de Expresion de la Dextransacarasa Producida por Leuconostoc Mesentero... | Inmovilizacion de Dextransacarasa de Leuconostoc Mesenteroides Nrrl-b-512 F | Origen y Propiedades de las Diversas Formas Observadas de la Dextransacarasa de...
micro,Area 2,Area2_M11,Area2_M11.json,C397,15,Solanum Tuberosum - Biología,Solanum Tuberosum - Biología,Solanum Tuberosum - Biología,Solanum Tuberosum - Biología,current_clean,,0.5333,0.0,Biología,"Efecto del Acido Acetil Salicilico en el Crecimiento de Yemas Axilares de Solan... | Análisis de la Capacidad de Germinacion, Establecimiento y Propagacion Vegetati... | Tuberizacion IN Vitro de Papa (Solanum SP) CV. Tollocan Como Respuesta A Difere..."
micro,Area 2,Area2_M11,Area2_M11.json,C399,14,Alergia e Inmunologia Clínica,Alergia e Inmunologia Clínica,Alergia e Inmunologia Clínica,Alergia e Inmunologia Clínica,current_clean,,1.0,0.0,Alergia e Inmunologia Clínica,Influencia de los Niveles de Linfocitos T CD4 | Relación CD4+ | Cifras de CD4+
micro,Area 2,Area2_M11,Area2_M11.json,C423,12,Sinorhizobium Meliloti - Ciencias Biomedicas,Sinorhizobium Meliloti - Ciencias...,Sinorhizobium Meliloti - Ciencias Biomedicas,Sinorhizobium Meliloti - Ciencias...,current_clean,short_long,0.9167,0.0,Ciencias Biomedicas,Caracterización Fisiológica de Mutantes en Sinorhizobium Meliloti Incapaces de... | Caracterización Génetica y Bioquímica de la Regulación de la Biosíntesis de la... | Smb20651 ES UNA Proteína Acarreadora de Acilos de Sinorhizobium Meliloti
micro,Area 2,Area2_M11,Area2_M11.json,C451,10,Euglena Gracilis - Química de Alimentos,Euglena Gracilis - Química de ALI...,Euglena Gracilis - Química de Alimentos,Euglena Gracilis - Química de Ali...,current_clean,short_long,0.7,0.0,Química de Alimentos,Mecanismos de Resistencia A Cadmio en Euglena Gracilis Heterofa | Mecanismos de Resistencia y Acumulación de Cromo en el Protista Euglena Gracilis | Expresion Genetica de Euglena Gracilis en Respuesta A Cadmio : Análisis Diferen...
micro,Area 2,Area2_M11,Area2_M11.json,C462,10,Citrobacter Rodentium - Ciencias Bioquimicas,Citrobacter Rodentium - Ciencias...,Citrobacter Rodentium - Ciencias Bioquimicas,Citrobacter Rodentium - Ciencias...,current_clean,short_long,0.6,0.0,Ciencias Bioquimicas,Estudio Sobre la Regulación del Operón Fimbrial ECP de Citrobacter Rodentium | Estudio del Papel de Rcsb en la Regulación del Operón Fimbrial ECP de Citrobact... | Análisis de la Expresión de los Operones Fimbriales de la Familia Chaperona-ush...
micro,Area 2,Area2_M11,Area2_M11.json,C486,9,Seleccion Natural - Biología,Seleccion Natural - Biología,Seleccion Natural - Biología,Seleccion Natural - Biología,current_clean,,0.5556,0.0,Biología,Estrategias de Enseñanza-aprendizaje para Lograr UN Aprendizaje Significativo e... | La Historia en la Enseñanza de la Teoría de la Selección Natural | Fenomenografía del Concepto de Selección Natural en Estudiantes Universitarios
micro,Area 2,Area2_M11,Area2_M11.json,C527,7,Brongniartia Intermedia Leguminos... - Química Farmac...,Brongniartia Intermedia Leguminos...,Brongniartia Intermedia Leguminos... - Química Farmac...,Brongniartia Intermedia Leguminos...,current_clean,short_long,0.8571,0.0,Química Farmacéutico Biológica,Aislamiento y Determinación Estructural de Metabolitos Secundarios Presentes en... | Actividad Anticoagulante de la 4`hidroxide-hidrocavaina Aislada de Brongniartia... | Evaluación del Efecto Broncodilatador de Extractos de Gnaphalium SP. en Anillos...
micro,Area 2,Area2_M11,Area2_M11.json,C543,7,Disgenesia Gonadal - Pediatría Médica,Disgenesia Gonadal - Pediatría MÉ...,Disgenesia Gonadal - Pediatría Médica,Disgenesia Gonadal - Pediatría Mé...,current_clean,short_long,1.0,0.0,Pediatría Médica,Disgenesia Gonadal | Disgenesia Gonodal | Disgenesia Gonadal Mixta
micro,Area 2,Area2_M11,Area2_M11.json,C578,7,Region Promotora GEN - Ciencias Biomedicas,Region Promotora GEN - Ciencias B...,Region Promotora GEN - Ciencias Biomedicas,Region Promotora GEN - Ciencias B...,current_clean,short_long,0.8571,0.0,Ciencias Biomedicas,Caracterizacion de la Region Promotora del GEN del Sarcoglicano [Alfa] | Aislamiento y Caracterizacion de la Region Promotora del GEN del Sarcoglicano E... | Efecto del Factor Transcripcional Sox9 Sobre la Actividad del Promotor del Sarc...
micro,Area 2,Area2_M11,Area2_M11.json,C586,7,Celulas Suspension - Biología,Celulas Suspension - Biología,Celulas Suspension - Biología,Celulas Suspension - Biología,current_clean,,0.7143,0.0,Biología,Efecto de Intermediarios Metabolicos de Capsacinoides por Celulas en Suspension... | Inmovilizacion de Celusas de Capsicum Chinense para la Produccion de Capsaicino... | Establecimiento del Cultivo de Callos y Celulas en Suspension de Tres Variedade...
micro,Area 2,Area2_M11,Area2_M11.json,C598,6,Alfa Amilasa - Química Farmacéutico Biológ...,Alfa Amilasa - Química Farmacéuti...,Alfa Amilasa - Química Farmacéutico Biológ...,Alfa Amilasa - Química Farmacéuti...,current_clean,short_long,0.6667,0.0,Química Farmacéutico Biológica,Estudio de Inhibidores de Amilasa en Granos de Maiz | Purificación y Caracterización de UN Inhibidor de Alfa Amilasa en el Maíz 4-28 | Implementación de UN Método para Determinar Inhibidores de Alfa-amilasa y SU Ap...
micro,Area 2,Area2_M11,Area2_M11.json,C620,6,Metodo Modificado Duplicacion - Química,Metodo Modificado Duplicacion - Q...,Metodo Modificado Duplicacion - Química,Metodo Modificado Duplicacion - Q...,current_clean,short_long,1.0,0.0,Química,Estudio del Metodo de Duplicacion de J en el Dominio de las Frecuencias para la... | Automatizacion del Metodo Modificado de Duplicacion de J en el Dominio de las F... | Nuevo Algoritmo para el Análisis Automático del Método Modificado de la Duplica...
micro,Area 2,Area2_M11,Area2_M11.json,C628,6,Optimizacion Condiciones Extracci... - Química de ALI...,Optimizacion Condiciones Extracci...,Optimizacion Condiciones Extracci... - Química de ALI...,Optimizacion Condiciones Extracci...,current_clean,short_long,1.0,0.0,Química de Alimentos,Optimización de Condiciones de Extracción y Elaboración de Películas A Partir d... | Desarrollo de Películas Activas A Partir de Proteínas de Piel de Tiburón | Optimización de las Condiciones de Extracción de Proteína de la Piel de Cazón (...
micro,Area 2,Area2_M11,Area2_M11.json,C660,6,Opuntia Ficus Indica - Química de Alimentos,Opuntia Ficus Indica - Química de...,Opuntia Ficus Indica - Química de Alimentos,Opuntia Ficus Indica - Química de...,current_clean,short_long,0.6667,0.0,Química de Alimentos,Estudio de Extraccion del Mucilago (Opuntia Ficus-indica) y SU Comportamiento R... | Encapsulación de Mucílago Proveniente de Opuntia Ficus Indica | Propiedades Reológicas en Disolución Acuosa del Mucílago Extraído de la Semilla...
micro,Area 2,Area2_M11,Area2_M11.json,C665,6,Efecto Fuente Carbono - Biología,Efecto Fuente Carbono - Biología,Efecto Fuente Carbono - Biología,Efecto Fuente Carbono - Biología,current_clean,,0.6667,0.0,Biología,Efectos de la Eritromicina Sobre el Crecimiento de Streptomyces Erytheus y Sobr... | Mecanismos de Regulación en la Produccion Eritromicina por Streptumyces Erithre... | Efecto de la Fuente de Carbono Sobre el Crecimiento y Produccion de Actividad X...
micro,Area 2,Area2_M11,Area2_M11.json,C671,6,Fagopyrum Esculentum - Biología,Fagopyrum Esculentum - Biología,Fagopyrum Esculentum - Biología,Fagopyrum Esculentum - Biología,current_clean,,0.8333,0.0,Biología,Mecanismos de Tolerancia AL Aluminio en la Planta Acumuladora Fagopyrum Esculen... | Efectos de Diferentes Concentraciones de Aluminio en la Fisiología de Plántulas... | Respuesta Fisiológica de Fagopyrum Esculentum Moench. AL Estrés por Aluminio
micro,Area 2,Area2_M11,Area2_M11.json,C676,6,Hptp1b1 400 - Química Farmacéutico Biológ...,Hptp1b1 400 - Química Farmacéutic...,Hptp1b1 400 - Química Farmacéutico Biológ...,Hptp1b1 400 - Química Farmacéutic...,current_clean,short_long,1.0,0.0,Química Farmacéutico Biológica,"Aislamiento, Elucidación Estructural y Caracterización del Efecto Inhibitorio S... | Aislamiento y Síntesis Parcial de Análogos de Duclauxina : Evidencias Teórico-e... | Isobenzofuranonas de Origen Fúngico Como Inhibidores de la Enzima Hptp1b1-400"
micro,Area 2,Area2_M11,Area2_M11.json,C698,5,Higado Hueso - Química Farmacéutico Biológ...,Higado Hueso - Química Farmacéuti...,Higado Hueso - Química Farmacéutico Biológ...,Higado Hueso - Química Farmacéuti...,current_clean,short_long,0.8,0.0,Química Farmacéutico Biológica,"Estudio Cinético de las Isozimas de la Fosfatasa Alcalina de Hígado y Hueso Hum... | Estudio Citoquimico de Algunas Enzimas del Higado Humano Normal y Patologico | Estudios Cineticos en las Iso-zimas de la Fosfatasa Alcalina, Presentes en Higa..."
micro,Area 2,Area2_M11,Area2_M11.json,C704,5,Macrobrachium Acanthurus - Biología,Macrobrachium Acanthurus - Biolog...,Macrobrachium Acanthurus - Biología,Macrobrachium Acanthurus - Biolog...,current_clean,short_long,0.6,0.0,Biología,"Evaluación de Dietas Sobre Respuestas Metabólicas en Postalarvas de Macrobrachi... | Evaluación de Tratamientos con Diferentes Porciones de Proteína, Lípidos y Carb... | Efecto de la Concentración de Lípidos y Carbohidratos Sobre el Crecimiento y la..."
micro,Area 2,Area2_M11,Area2_M11.json,C722,5,Mannheimia Haemolytica - Ciencias de la Produccion y....,Mannheimia Haemolytica - Ciencias...,Mannheimia Haemolytica - Ciencias de la Produccion y....,Mannheimia Haemolytica - Ciencias...,current_clean,short_long,0.8,0.0,Ciencias de la Produccion y de la Salud Animal,Estudio IN Vitro del Efecto de Lactoferrina en la Producción y Secreción de Pro... | Determinación y Caracterización de Proteasas de Secreción Acarreadas en Microve... | Interacción IN Vitro de Apo-lactoferrina Bovina con UNA Proteasa Producida por...
micro,Area 2,Area2_M11,Area2_M11.json,C750,5,Promotor Crecimiento Tilapia - Medicina Veterinaria y...,Promotor Crecimiento Tilapia - ME...,Promotor Crecimiento Tilapia - Medicina Veterinaria y...,Promotor Crecimiento Tilapia - Me...,current_clean,short_long,1.0,0.0,Medicina Veterinaria y Zootecnia,"Evaluación de la Bacitracina Como Promotor de Crecimiento en Tilapia Hibrida (O... | Evaluación de Bacitracina Zinc, Como Promotor de Crecimiento en Tilapia Hibrida... | Evuacion del Clenbuterol Como Promotor del Crecimiento en Tilapia Hibrida (Oreo..."
micro,Area 2,Area2_M12,Area2_M12.json,C99,1340,Lupus Eritematoso Sistemico - Reumatologia,Lupus Eritematoso Sistemico - REU...,Lupus Eritematoso Sistemico - Reumatologia,Lupus Eritematoso Sistemico - Reu...,current_clean,short_long,0.9701,0.0,Reumatologia,Calidad de Vida en Pacientes Pediátricos con Lupus Eritematoso Sistémico | Características Clínicas y de Laboratorio de Pacientes Pediátricos Mexicanos co... | Lupus Eritematoso
micro,Area 2,Area2_M12,Area2_M12.json,C192,42,Lupus Eritematoso - Ginecologia y Obstetricia,Lupus Eritematoso - Ginecologia y...,Lupus Eritematoso - Ginecologia y Obstetricia,Lupus Eritematoso - Ginecologia y...,current_clean,short_long,1.0,0.0,Ginecologia y Obstetricia,Lupus Eritematoso Sistemico y Embarazo | Lupus Eritematoso Sistemico y Embarazo : Revision Monografica | Resultado Perinatal de Lupus Eritematoso Sistemico y Embarazo
micro,Area 2,Area2_M12,Area2_M12.json,C464,10,Fiebre Reumatica - Cirujano Dentista,Fiebre Reumatica - Cirujano Denti...,Fiebre Reumatica - Cirujano Dentista,Fiebre Reumatica - Cirujano Denti...,current_clean,short_long,1.0,0.0,Cirujano Dentista,La Fiebre Reumatica y SU Prevencion Enfocada por el Cirujano Dentista | Tratamiento Farmacologico Profilactico del Paciente con Fiebre Reumatica en el... | La Atencion Dental del Paciente con Fiebre Reumatica y del Paciente en Tratamie...
micro,Area 2,Area2_M12,Area2_M12.json,C814,5,Artritis Reumatoide - Medico Cirujano,Artritis Reumatoide - Medico Ciru...,Artritis Reumatoide - Medico Cirujano,Artritis Reumatoide - Medico Ciru...,current_clean,short_long,0.8,0.0,Medico Cirujano,Valoracion de Nefropatia en Ninos con Artritis Reumatoide y Terapia Prolongada... | Las Dosis Elevadas de Salicilato de Sodio en el Reumatismo Articular Agudo | Efecto del Acido Acetil Salisilico Sore la Fibrinolisis en Pacientes con Artrit...
micro,Area 2,Area2_M12,Area2_M12.json,C826,5,Laser Radiacion Blanda - Reumatologia,Laser Radiacion Blanda - Reumatol...,Laser Radiacion Blanda - Reumatologia,Laser Radiacion Blanda - Reumatol...,current_clean,short_long,1.0,0.0,Reumatologia,"Laser : Radiacion ""Blanda"" en Artritis Reumatoide | Laserterapia en Pacientes con Artritis Reumatoide | Laser Radiacion ""Blanda"" en Artritis Reumatoide"
micro,Area 2,Area2_M13,Area2_M13.json,C2,11849,Parametros Reproductivos - Medicina Veterinaria y ZOO...,Parametros Reproductivos - Medici...,Parametros Reproductivos - Medicina Veterinaria y ZOO...,Parametros Reproductivos - Medici...,current_clean,short_long,0.8411,0.0,Medicina Veterinaria y Zootecnia,Índice Lactato | Correlacion Histopatologica Entre Biopsia de Endometrio por Canula y Legrado | Organización Administrativa de UNA Empresa Avicola Productora de Pollo de Engor...
micro,Area 2,Area2_M13,Area2_M13.json,C26,5303,Exploracion Sanitaria - Medicina Veterinaria y Zoot...,Exploracion Sanitaria - Medicina...,Exploracion Sanitaria - Medicina Veterinaria y Zoot...,Exploracion Sanitaria - Medicina...,current_clean,short_long,0.7809,0.0,Medicina Veterinaria y Zootecnia,Determinación de las Diferencias QUE Existen Entre los Principales Musculos del... | Aplicación de Periostio para Fracturas : Estudio Experimental en Ratas | Caninos Superiores Retenidos
micro,Area 2,Area2_M13,Area2_M13.json,C188,46,Contribucion Movimientos Economic... - Medicina Veter...,Contribucion Movimientos Economic...,Contribucion Movimientos Economic... - Medicina Veter...,Contribucion Movimientos Economic...,current_clean,short_long,1.0,0.0,Medicina Veterinaria y Zootecnia,Contribucion AL Estudio de los Movimientos Economicos de la Ganaderia en la Rep... | Contribucion AL Estudio de los Movimientos Economicos de la Ganaderia en la Rep... | Contribucion AL Estudio de los Movimientos Economicos de la Ganaderia en la Rep...
micro,Area 2,Area2_M13,Area2_M13.json,C194,41,Leche Vaca - Pediatría,Leche Vaca - Pediatría,Leche Vaca - Pediatría,Leche Vaca - Pediatría,current_clean,,1.0,0.0,Pediatría,Utilidad de las Diferentes Pruebas en el Diagnóstico de Alergia A las Proteínas... | Factores Perinatales Asociados AL Desarrollo de Alergia A las Proteinas de la L... | Métodos Diagnósticos de Alergia A la Proteína de la Leche de Vaca : Revisión Cu...
micro,Area 2,Area2_M13,Area2_M13.json,C235,27,Bovinos Productores Leche - Medicina Veterinaria y ZO...,Bovinos Productores Leche - Medic...,Bovinos Productores Leche - Medicina Veterinaria y ZO...,Bovinos Productores Leche - Medic...,current_clean,short_long,1.0,0.0,Medicina Veterinaria y Zootecnia,Panorama Actual de Algunos Aspectos Zootecnicos en Explotaciones de Bovinos Pro... | Evaluación Zootecnica de UNA Explotacion de Bovinos Productores de Leche | Evaluación Zootecnica de UNA Explotacion Intensiva de Bovinos Productores de Le...
micro,Area 2,Area2_M13,Area2_M13.json,C257,23,Laryngeus Bovinos Sacrificados - Medicina Veterinaria...,Laryngeus Bovinos Sacrificados -...,Laryngeus Bovinos Sacrificados - Medicina Veterinaria...,Laryngeus Bovinos Sacrificados -...,current_clean,short_long,1.0,0.0,Medicina Veterinaria y Zootecnia,Contribucion AL Estudio de la Incidencia y Distribucion de Mammomonogamus Laryn... | Contribucion AL Estudio de la Incidencia de Mammomonogamus Laryngeus en Bovinos... | Contribucion AL Estudio de la Incidencia de Mammononogamus Laryngeus en Bovinos...
micro,Area 2,Area2_M13,Area2_M13.json,C268,22,Ganaderia Nacional - Medicina Veterinaria y Zoot...,Ganaderia Nacional - Medicina VET...,Ganaderia Nacional - Medicina Veterinaria y Zoot...,Ganaderia Nacional - Medicina Vet...,current_clean,short_long,1.0,0.0,Medicina Veterinaria y Zootecnia,Comparacion Entre las Probables Velocidades de Incremento de la Ganaderia Nacio... | Comparacion Entre el Posible Incremento de la Ganaderia Nacional con las Ganade... | Comparacion Entre las Probables Velocidades de Incremento de la Ganaderia Nacio...
micro,Area 2,Area2_M13,Area2_M13.json,C282,20,Catedra Reproduccion Genetica - Medicina Veterinaria...,Catedra Reproduccion Genetica - M...,Catedra Reproduccion Genetica - Medicina Veterinaria....,Catedra Reproduccion Genetica - M...,current_clean,short_long,1.0,0.0,Medicina Veterinaria y Zootecnia,Catedra de Reproduccion y Genetica en Ovinos y Caprinos | Cátedra de Reproducción y Genética en Ovinos y Caprinos | Cátedra de Reproducción y Genética en Ovinos y Caprinos : Bloques de Melaza
micro,Area 2,Area2_M13,Area2_M13.json,C291,20,Caninos Incluidos - Cirujano Dentista,Caninos Incluidos - Cirujano Dent...,Caninos Incluidos - Cirujano Dentista,Caninos Incluidos - Cirujano Dent...,current_clean,short_long,0.95,0.0,Cirujano Dentista,Caninos Incluidos | Caninos Incluidos
micro,Area 2,Area2_M13,Area2_M13.json,C345,17,Quistes Maxilares - Cirujano Dentista,Quistes Maxilares - Cirujano Dent...,Quistes Maxilares - Cirujano Dentista,Quistes Maxilares - Cirujano Dent...,current_clean,short_long,0.5882,0.0,Cirujano Dentista,Quistes de los Maxilares | Quistes de los Maxilares | Quistes en los Maxilares
micro,Area 2,Area2_M13,Area2_M13.json,C450,10,Interactivo Multimedia - Medicina Veterinaria y Zoot....,Interactivo Multimedia - Medicina...,Interactivo Multimedia - Medicina Veterinaria y Zoot....,Interactivo Multimedia - Medicina...,current_clean,short_long,1.0,0.0,Medicina Veterinaria y Zootecnia,Cd-rom Interactivo Multimedia Como Apoyo AL Aprendizaje y Enseñanza de las Técn... | Disco Compacto (C.D.) Interactivo Multimedia Sobre Enfermedades Hemolíticas del... | Cd-rom Interactivo Multimedia Como Apoyo AL Aprendizaje y Enseñanza de las Prin...
micro,Area 2,Area2_M13,Area2_M13.json,C512,8,OSO Negro - Biología,OSO Negro - Biología,OSO Negro - Biología,OSO Negro - Biología,current_clean,,0.75,0.0,Biología,"Habitos Alimenticios del OSO Negro (Ursus Americanus) en la Sierra de SAN Luis... | Habitos Alimentarios del OSO Negro (Ursus Americanus) en la Sierra Picachos, Nu... | USO de Habitat del OSO Negro (Ursus Americanus) en la Sierra de SAN Luis Sonora..."
micro,Area 2,Area2_M13,Area2_M13.json,C562,7,Gusano Barrenador - Medicina Veterinaria y Zoot...,Gusano Barrenador - Medicina Vete...,Gusano Barrenador - Medicina Veterinaria y Zoot...,Gusano Barrenador - Medicina Vete...,current_clean,short_long,0.7143,0.0,Medicina Veterinaria y Zootecnia,Análisis Estadistico de la Eficacia de Dispersion de Moscas Esteriles del Gusan... | Descripción de la Situación Actual y Estrategias de Control para el Gusano Barr... | Incidencia de Gusano Barrenador (Cochliomyia Hominivorax) del Ganado en la Zona...
micro,Area 2,Area2_M13,Area2_M13.json,C606,6,FDG PET - Medicina Nuclear,FDG PET - Medicina Nuclear,FDG PET - Medicina Nuclear,FDG PET - Medicina Nuclear,current_clean,,1.0,0.0,Medicina Nuclear,Utilidad del 18f-fdg PET | Evaluación con 18f-fdg PET | El 18f-fdg-pet
micro,Area 2,Area2_M13,Area2_M13.json,C658,6,Thysanosoma Actinioides - Medicina Veterinaria y Zoot...,Thysanosoma Actinioides - Medicin...,Thysanosoma Actinioides - Medicina Veterinaria y Zoot...,Thysanosoma Actinioides - Medicin...,current_clean,short_long,1.0,0.0,Medicina Veterinaria y Zootecnia,Efectos Patologicos de Thysanosoma Actinioides y SU Incidencia Durante Invierno... | Accion Tenicida del Yomesan Sobre Thysanosoma Actinioides en Ovinos | Evaluación de las Tecnicas Coproparasitoscopicas para el Diagnostico de Thysano...
micro,Area 2,Area2_M13,Area2_M13.json,C685,6,Mamiferos Domesticos - Cirujano Dentista,Mamiferos Domesticos - Cirujano D...,Mamiferos Domesticos - Cirujano Dentista,Mamiferos Domesticos - Cirujano D...,current_clean,short_long,0.8333,0.0,Cirujano Dentista,"Comparacion Morfologica Entre Dientes Humanos y de Animales Vertebrados | Estudio Comparativo en la Embiologia, Histologia, Anatomía Morfologia y Fisiolo... | Reduccion de Dientes Caninos en Monos Rihesus (Macaca Mulatta)"
micro,Area 2,Area2_M13,Area2_M13.json,C703,5,Taquipnea Transitoria Recien - Pediatría Médica,Taquipnea Transitoria Recien - PE...,Taquipnea Transitoria Recien - Pediatría Médica,Taquipnea Transitoria Recien - Pe...,current_clean,short_long,1.0,0.0,Pediatría Médica,Efectos de la Furosemida en la Taquipnea Transitoria de el Recien Nacido | Taquipnea Transitoria del Recien Nacido | Efecto del Furosemide Sobre el Tiempo de Resolucion en la Taquipnea Transitoria...
micro,Area 2,Area2_M13,Area2_M13.json,C742,5,Articulacion Temporomandibular - Cirujano Dentista,Articulacion Temporomandibular -...,Articulacion Temporomandibular - Cirujano Dentista,Articulacion Temporomandibular -...,current_clean,short_long,1.0,0.0,Cirujano Dentista,"Influencia de la Musculatura Craneofacial en el Crecimiento Oseo | Cambios en el Tejido Muscular y Graso en Recien Nacidos de Pretermino, Termino... | Desarrollo Embriológico y Funcional de la Articulación Temporomandibular con En..."
micro,Area 2,Area2_M13,Area2_M13.json,C757,5,Imagen Nucleolar - Medico Cirujano,Imagen Nucleolar - Medico Cirujano,Imagen Nucleolar - Medico Cirujano,Imagen Nucleolar - Medico Cirujano,current_clean,,0.6,0.0,Medico Cirujano,Citologia e Imagen Nucleolar en los Derrames de las Serosas | Variaciones de la Disposicion Cromatica de los Nucleos de Varios Tejidos en Alg... | Imagen Nucleolar Linfocitaria y Otros Estudios Leucocitarios en la Helmintiasis
micro,Area 2,Area2_M13,Area2_M13.json,C898,5,Molar Seis Anos - Cirujano Dentista,Molar Seis Anos - Cirujano Dentis...,Molar Seis Anos - Cirujano Dentista,Molar Seis Anos - Cirujano Dentis...,current_clean,short_long,1.0,0.0,Cirujano Dentista,La Importancia del Molar de los Seis Anos | El Molar de los Seis Anos Como Pilar de la Oclusion | El Molar de los Seis Anos y SU Importancia en Odontología
micro,Area 2,Area2_M13,Area2_M13.json,C902,5,Sarcocystis SPP - Medicina Veterinaria y Zoot...,Sarcocystis SPP - Medicina Veteri...,Sarcocystis SPP - Medicina Veterinaria y Zoot...,Sarcocystis SPP - Medicina Veteri...,current_clean,short_long,1.0,0.0,Medicina Veterinaria y Zootecnia,"Frecuencia de Sarcocystis SPP. en Corazones de Bovinos | Frecuencia de Sarcocystis SPP. en Musculo Estriado de Corazon, Esofago y Diafra... | Frecuencia de Sarcocystis SPP. en Corazon Diafragma y Esofago de Cerdos Sacrifi..."
micro,Area 2,Area2_M14,Area2_M14.json,C72,2724,Consumo Alcohol - Psicología,Consumo Alcohol - Psicología,Consumo Alcohol - Psicología,Consumo Alcohol - Psicología,current_clean,,0.547,0.0,Psicología,Análisis de UNA Política del Desarrollo Regional Tabasqueno : Centros Integrado... | Reporte de UN Caso Atendido Bajo el Programa de Tratamiento Auto-cambio Dirigid... | La Familia del Farmacodependiente
micro,Area 2,Area2_M14,Area2_M14.json,C591,6,Hacia Condon - Psicología,Hacia Condon - Psicología,Hacia Condon - Psicología,Hacia Condon - Psicología,current_clean,,0.5,0.0,Psicología,Evaluación y Cambio de Actitud Hacia el USO del Condón en Jóvenes de Educación... | Análisis del Desarrollo de Transacciones Estresantes y Estrategias de Afrontami... | Actitudes y Creencias Sobre el USO del Condón Masculino en Jovenes Universitari...
micro,Area 2,Area2_M14,Area2_M14.json,C654,6,Diario Oficial - Química Farmacéutico Biológ...,Diario Oficial - Química Farmacéu...,Diario Oficial - Química Farmacéutico Biológ...,Diario Oficial - Química Farmacéu...,current_clean,short_long,1.0,0.0,Química Farmacéutico Biológica,Contribucion A la Identificacion de los Principios Activos de los Productos Far... | Contribucion A la Identificacion de los Principios Activos en los Productos Far... | Identificacion de los Principios Activos de Algunos de los Productos Farmaceuti...
micro,Area 2,Area2_M14,Area2_M14.json,C713,5,Prueba Frases Incompletas - Psicología,Prueba Frases Incompletas - Psico...,Prueba Frases Incompletas - Psicología,Prueba Frases Incompletas - Psico...,current_clean,short_long,1.0,0.0,Psicología,"Obtencion de la Confiabilidad de la Prueba de Frases Incompletas con Aplicacion... | Obtencion del Indice de Confiabilidad de la Prueba de Frases Incompletas con Ap... | Obtencion de las Normas de la Prueba de Frases Incompletas de Grados, Aplicada..."
micro,Area 2,Area2_M14,Area2_M14.json,C766,5,Cuantificacion Nitritos Nitratos - Química Farmacéuti...,Cuantificacion Nitritos Nitratos...,Cuantificacion Nitritos Nitratos - Química Farmacéuti...,Cuantificacion Nitritos Nitratos...,current_clean,short_long,0.6,0.0,Química Farmacéutico Biológica,Cuantificacion de Nitritos y Nitratos en Algunos de los Embutidos QUE SE Consum... | Estudio de la Fijación de Nitrógeno en Bebidas y Alimentos Mexicanos | Balance Nitrogenado en Dietas Mexicanas Tipo en Individuos Sanos y Enfermos
micro,Area 2,Area2_M14,Area2_M14.json,C816,5,Municipio Candela - Medico Cirujano,Municipio Candela - Medico Ciruja...,Municipio Candela - Medico Cirujano,Municipio Candela - Medico Ciruja...,current_clean,short_long,1.0,0.0,Medico Cirujano,"Exploracion Sanitaria del Municipio de Candela, Estado de Coahuila | Informe General Sobre la Exploracion Sanitaria del Municipio de Candela, EDO. d... | Estudio Medico y Social Sobre el Municipio de Candela, Coah"
micro,Area 2,Area2_M14,Area2_M14.json,C903,5,Promocion Competencias Socioemoci... - Psicología,Promocion Competencias Socioemoci...,Promocion Competencias Socioemoci... - Psicología,Promocion Competencias Socioemoci...,current_clean,short_long,0.8,0.0,Psicología,Estudio Sobre el TE | Promoción de Competencias Socioemocionales en UN Alumno QUE Enfrenta Barreras p... | El TE Desde el Punto de Vista Bromatologico
micro,Area 3,Area3_M00,Area3_M00.json,C18,6543,Perspectiva Genero - Psicología,Perspectiva Genero - Psicología,Perspectiva Genero - Psicología,Perspectiva Genero - Psicología,current_clean,,0.5585,0.0,Psicología,Caracteristicas de los Pacientes Vasectomizados | El Aborto Como Consecuencia de UN Riesgo de Trabajo | Estudio Dogmatico del Delito de Estupro
micro,Area 3,Area3_M00,Area3_M00.json,C75,2553,Violencia Intrafamiliar - Psicología,Violencia Intrafamiliar - Psicolo...,Violencia Intrafamiliar - Psicología,Violencia Intrafamiliar - Psicolo...,current_clean,short_long,0.6757,0.0,Psicología,Medidas para Prevenir la Violencia Intrafamiliar en el Distrito Federal | Estudio Dogmatico del Delito de Allanamiento de Morada | Robo de USO
micro,Area 3,Area3_M00,Area3_M00.json,C100,1311,Disolucion Matrimonio - Derecho,Disolucion Matrimonio - Derecho,Disolucion Matrimonio - Derecho,Disolucion Matrimonio - Derecho,current_clean,,0.9748,0.0,Derecho,El Divorcio | El Matrimonio en el Derecho Internacional Privado | Naturaleza Jurídica del Matrimonio
micro,Area 3,Area3_M00,Area3_M00.json,C101,1295,Ideacion Suicida - Psicología,Ideacion Suicida - Psicología,Ideacion Suicida - Psicología,Ideacion Suicida - Psicología,current_clean,,0.4834,0.0,Psicología,La Eutanasia | La Eutanasia | Vínculo y Funciones Maternas en las Dificultades para la Elaboración del Duelo
micro,Area 3,Area3_M00,Area3_M00.json,C109,1068,Delito Homicidio - Derecho,Delito Homicidio - Derecho,Delito Homicidio - Derecho,Delito Homicidio - Derecho,current_clean,,0.9354,0.0,Derecho,Estudio Dogmatico del Delito de Injurias | El Robo de Infante | Estudio Dogmatico del Delito de Homicidio
micro,Area 3,Area3_M00,Area3_M00.json,C167,75,Derechos Humanos - Derecho,Derechos Humanos - Derecho,Derechos Humanos - Derecho,Derechos Humanos - Derecho,current_clean,,0.96,0.0,Derecho,Estudio Dogmatico del Delito de Tortura | Los Derechos Humanos y el Delito de Tortura | La Tortura y la Comision Nacional de Derechos Humanos
micro,Area 3,Area3_M00,Area3_M00.json,C170,67,Prostitucion Distrito Federal - Derecho,Prostitucion Distrito Federal - D...,Prostitucion Distrito Federal - Derecho,Prostitucion Distrito Federal - D...,current_clean,short_long,0.7164,0.0,Derecho,La Prostitucion Como Causa Generadora de Delitos | La Prostitucion en el Distrito Federal | Análisis Socio-juridico de la Prostitucion en el Distrito Federal
micro,Area 3,Area3_M00,Area3_M00.json,C390,15,Mutilacion Genital Femenina - Relaciones Internaciona...,Mutilacion Genital Femenina - REL...,Mutilacion Genital Femenina - Relaciones Internaciona...,Mutilacion Genital Femenina - Rel...,current_clean,short_long,0.9333,0.0,Relaciones Internacionales,La Mutilación Genital Femenina en Egipto y la Intervención de los Organismos In... | La Mutilación Genital Femenina : Violación A los Derechos Humanos Sustentada en... | Posturas de la Comunidad Internacional Frente A las Prácticas de Mutilación Gen...
micro,Area 3,Area3_M00,Area3_M00.json,C480,9,Tratamiento Incesto - Derecho,Tratamiento Incesto - Derecho,Tratamiento Incesto - Derecho,Tratamiento Incesto - Derecho,current_clean,,0.8889,0.0,Derecho,Incesto y Adulterio | Breve Estudio Sobre el Incesto | UNA Transgresion : el Incesto en Anais NIN
micro,Area 3,Area3_M00,Area3_M00.json,C608,6,Separacion Bienes - Derecho,Separacion Bienes - Derecho,Separacion Bienes - Derecho,Separacion Bienes - Derecho,current_clean,,1.0,0.0,Derecho,"Propuesta para Prever UNA Acción Indemnizatoria para la Mujer en el Caso del Ma... | Necesidad QUE SE Penalice el Robo Cometido Entre Conyuges Casados Bajo el Rigem... | Derogacion del Regimen Patrimonial de la Separacion de Bienes, Consecuencia del..."
micro,Area 3,Area3_M00,Area3_M00.json,C629,6,Enfermos VIH - Derecho,Enfermos VIH - Derecho,Enfermos VIH - Derecho,Enfermos VIH - Derecho,current_clean,,1.0,0.0,Derecho,La Problematica del Derecho A la Salud de los Enfermos de VIH | La Proteccion de los Derechos Humanos de los Niños Afectados por el VIH | Vih-sida y el Derecho de las Personas
micro,Area 3,Area3_M00,Area3_M00.json,C648,6,Conyuge Superstite - Derecho,Conyuge Superstite - Derecho,Conyuge Superstite - Derecho,Conyuge Superstite - Derecho,current_clean,,1.0,0.0,Derecho,"La Situacion Jurídica del Conyuge Superstite en la Sucesion Legitima | Proteccion del Conyuge Superstite Respecto del Hogar Conyugal en la Sucesion Le... | Lineamientos Juridicos de la Sucesion del Conyuge Superstite, Necesidad de SU D..."
micro,Area 3,Area3_M00,Area3_M00.json,C778,5,Auditoria Eventos Subsecuentes - Derecho,Auditoria Eventos Subsecuentes -...,Auditoria Eventos Subsecuentes - Derecho,Auditoria Eventos Subsecuentes -...,current_clean,short_long,0.6,0.0,Derecho,Relato de UN Incidente | Algunos Aspectos Sobre los Incidentes | La Auditoria de los Eventos Subsecuentes
micro,Area 3,Area3_M00,Area3_M00.json,C837,5,Estado Chihuahua - Derecho,Estado Chihuahua - Derecho,Estado Chihuahua - Derecho,Estado Chihuahua - Derecho,current_clean,,0.8,0.0,Derecho,"Efectos del Divorcio, en la LEY del Divorcio para el Estado de Chihuahua | Algunos Comentarios A la LEY del Divorcio del Estado de Chihuahua. (Articulos 1... | La LEY del Divorcio del Estado de Chihuahua SU Análisis y Critica en el Derecho..."
micro,Area 3,Area3_M00,Area3_M00.json,C881,5,Cuello Blanco - Derecho,Cuello Blanco - Derecho,Cuello Blanco - Derecho,Cuello Blanco - Derecho,current_clean,,1.0,0.0,Derecho,"Los Delitos de Cuello Blanco | Estudio Criminológico y Penal de los Delitos de Cuello Blanco | UN Enfoque Sociológico del Crimen de Cuello Blanco : el Caso ""la Estafa Maestra"""
micro,Area 3,Area3_M01,Area3_M01.json,C15,7096,Procedimiento Penal - Derecho,Procedimiento Penal - Derecho,Procedimiento Penal - Derecho,Procedimiento Penal - Derecho,current_clean,,0.9746,0.0,Derecho,La Responsabilidad Civil Objetiva | El Delito Continuado | El Amparo Indirecto en Materia Civil
micro,Area 3,Area3_M01,Area3_M01.json,C20,6082,LEY Federal Trabajo - Derecho,LEY Federal Trabajo - Derecho,LEY Federal Trabajo - Derecho,LEY Federal Trabajo - Derecho,current_clean,,0.9658,0.0,Derecho,Regimen Laboral de los Organismos Descentralizados | Análisis del Articulo 161 de la LEY Federal del Trabajo | Dictamen para Efectos del Seguro Social
micro,Area 3,Area3_M01,Area3_M01.json,C27,5217,Amparo Materia Política - Derecho,Amparo Materia Política - Derecho,Amparo Materia Política - Derecho,Amparo Materia Política - Derecho,current_clean,,0.6787,0.0,Derecho,Centro de Difusion Cultural en el Bosque de Chapultepec | Sistema Integral de la Jornada Electoral | Escision de Sociedades
micro,Area 3,Area3_M01,Area3_M01.json,C39,4204,Ministerio Publico - Derecho,Ministerio Publico - Derecho,Ministerio Publico - Derecho,Ministerio Publico - Derecho,current_clean,,0.9588,0.0,Derecho,Funciones y Atribuciones del Ministerio Publico Como Representante de la Socied... | La Suplencia de la Queja en el Juicio de Amparo | La Suspension del Acto Reclamado en el Juicio de Amparo
micro,Area 3,Area3_M01,Area3_M01.json,C41,4100,Comercio Exterior - Derecho,Comercio Exterior - Derecho,Comercio Exterior - Derecho,Comercio Exterior - Derecho,current_clean,,0.7683,0.0,Derecho,Consorcios de Exportación | M.t.m. Análisis SU USO y Aplicacion A la Industria | Sistema de Permisos de Importacion y Exportacion
micro,Area 3,Area3_M01,Area3_M01.json,C56,3479,Contador Publico - Contaduría,Contador Publico - Contaduría,Contador Publico - Contaduría,Contador Publico - Contaduría,current_clean,,0.8974,0.0,Contaduría,El Contador Publico y la Auditoria Administrativa | Contabilidad Financiera y Administrativa | El Estado Patron
micro,Area 3,Area3_M01,Area3_M01.json,C62,3103,Medios Masivos Comunicación - Derecho,Medios Masivos Comunicación - DER...,Medios Masivos Comunicación - Derecho,Medios Masivos Comunicación - Der...,current_clean,short_long,0.6842,0.0,Derecho,Cirugía Preprotesica | Cirugía Preprotesica | Cirugía Preprotesica
micro,Area 3,Area3_M01,Area3_M01.json,C64,3080,Derecho Internacional Publico - Derecho,Derecho Internacional Publico - D...,Derecho Internacional Publico - Derecho,Derecho Internacional Publico - D...,current_clean,short_long,0.9104,0.0,Derecho,La Justicia de PAZ | Las Resoluciones de los Organismos Internacionales Como Fuente del Derecho Inte... | La Extradicion en el Sistema Interamericano
micro,Area 3,Area3_M01,Area3_M01.json,C68,2855,Naturaleza Jurídica - Derecho,Naturaleza Jurídica - Derecho,Naturaleza Jurídica - Derecho,Naturaleza Jurídica - Derecho,current_clean,,0.9527,0.0,Derecho,La Transaccion | La Personalidad Jurídica de las Sociedades Mercantiles | Naturaleza Jurídica de la Asociacion en Participacion
micro,Area 3,Area3_M01,Area3_M01.json,C83,2233,Naturaleza Jurídica Tutela - Derecho,Naturaleza Jurídica Tutela - Dere...,Naturaleza Jurídica Tutela - Derecho,Naturaleza Jurídica Tutela - Dere...,current_clean,short_long,0.8974,0.0,Derecho,La Jurisprudencia Como Fuente del Derecho | Modalidades de las Obligaciones | El USO Abusivo del Derecho
micro,Area 3,Area3_M01,Area3_M01.json,C104,1192,Codigo Procedimientos Civiles - Derecho,Codigo Procedimientos Civiles - D...,Codigo Procedimientos Civiles - Derecho,Codigo Procedimientos Civiles - D...,current_clean,short_long,0.995,0.0,Derecho,Propuesta de Reforma AL Articulo 278 del Codigo Civil para el Distrito Federal | La Apelacion en Materia Civil | Análisis Critico del Recurso de Apelacion en Materia Penal en el Distrito Feder...
micro,Area 3,Area3_M01,Area3_M01.json,C105,1129,Derechos Autor - Derecho,Derechos Autor - Derecho,Derechos Autor - Derecho,Derechos Autor - Derecho,current_clean,,0.9088,0.0,Derecho,El Nombre de las Personas Fisicas | El Dominio Publico en el Derecho Intelectual | El Monopolio
micro,Area 3,Area3_M01,Area3_M01.json,C118,745,Testamento Publico - Derecho,Testamento Publico - Derecho,Testamento Publico - Derecho,Testamento Publico - Derecho,current_clean,,0.9758,0.0,Derecho,El Testamento Publico Simplificado | Testamento Publico Simplificado | Propuesta para la Creacion de UN Registro Nacional de Testamentos
micro,Area 3,Area3_M01,Area3_M01.json,C123,536,Sociedades Anonimas - Derecho,Sociedades Anonimas - Derecho,Sociedades Anonimas - Derecho,Sociedades Anonimas - Derecho,current_clean,,0.9963,0.0,Derecho,Disolucion y Liquidacion de UNA Sociedad Anonima | El Derecho de Voto en la Sociedad Anonima | Proteccion de las Minorias en las Sociedades Anonimas
micro,Area 3,Area3_M01,Area3_M01.json,C146,211,Trabajadores Confianza - Derecho,Trabajadores Confianza - Derecho,Trabajadores Confianza - Derecho,Trabajadores Confianza - Derecho,current_clean,,0.9953,0.0,Derecho,La Personalidad Jurídica de los Sindicatos | Los Trabajadores de Confianza | El Regimen Juridico de los Trabajadores de Confianza
micro,Area 3,Area3_M01,Area3_M01.json,C148,207,Procuraduria Federal Consumidor - Derecho,Procuraduria Federal Consumidor -...,Procuraduria Federal Consumidor - Derecho,Procuraduria Federal Consumidor -...,current_clean,short_long,0.9952,0.0,Derecho,La Funcion Arbitral de la Procuraduria Federal del Consumidor | Breve Análisis A la LEY Federal de Proteccion AL Consumidor | Análisis Juridico de la Procuraduria Federal del Consumidor
micro,Area 3,Area3_M01,Area3_M01.json,C165,80,Sistema Nacional Anticorrupcion - Derecho,Sistema Nacional Anticorrupcion -...,Sistema Nacional Anticorrupcion - Derecho,Sistema Nacional Anticorrupcion -...,current_clean,short_long,0.8875,0.0,Derecho,El Comité de Participación Ciudadana en el Marco del Sistema Nacional Anticorru... | Hacia la Consolidación del Sistema Nacional Anticorrupción | Eficacia del Sistema Nacional Anticorrupción
micro,Area 3,Area3_M01,Area3_M01.json,C169,73,Comision Nacional Derechos - Derecho,Comision Nacional Derechos - Dere...,Comision Nacional Derechos - Derecho,Comision Nacional Derechos - Dere...,current_clean,short_long,1.0,0.0,Derecho,La Comision Nacional de Derechos Humanos | Naturaleza Jurídica de las Recomendaciones de la Comision Nacional de Derechos... | Naturaleza Jurídica de las Recomendaciones Emitidas por la Comision Nacional de...
micro,Area 3,Area3_M01,Area3_M01.json,C173,59,Islas Marias - Derecho,Islas Marias - Derecho,Islas Marias - Derecho,Islas Marias - Derecho,current_clean,,0.7966,0.0,Derecho,Análisis General A la Colonia Penal Federal de las Islas Marias Como Modelo de... | Aspectos Juridicos y Constitucionales de la Colonia Penal Federal en las Islas... | La Colonia Penal de las Islas Marias
micro,Area 3,Area3_M01,Area3_M01.json,C191,45,Juntas Conciliacion Arbitraje - Derecho,Juntas Conciliacion Arbitraje - D...,Juntas Conciliacion Arbitraje - Derecho,Juntas Conciliacion Arbitraje - D...,current_clean,short_long,1.0,0.0,Derecho,La Naturaleza Jurídica de las Juntas de Conciliacion y Arbitraje | Naturaleza Jurídica de las Juntas de Conciliacion y Arbitraje | Las Juntas de Conciliacion y Arbitraje y SU Naturaleza Jurídica
micro,Area 3,Area3_M01,Area3_M01.json,C200,37,Reparacion Dano - Derecho,Reparacion Dano - Derecho,Reparacion Dano - Derecho,Reparacion Dano - Derecho,current_clean,,1.0,0.0,Derecho,La Reparacion del Dano en Materia Penal | Reparacion del Dano en Materia Penal | Parte Ofendida y Reparacion del Dano Proveniente de Delito
micro,Area 3,Area3_M01,Area3_M01.json,C203,36,Clausula Exclusion - Derecho,Clausula Exclusion - Derecho,Clausula Exclusion - Derecho,Clausula Exclusion - Derecho,current_clean,,0.9444,0.0,Derecho,La Clausula de Exclusion | Las Clausulas de Exclusion | Anticonstitucionalidad de la Clausula de Exclusion por Separacion
micro,Area 3,Area3_M01,Area3_M01.json,C225,29,Codigo Penal - Derecho,Codigo Penal - Derecho,Codigo Penal - Derecho,Codigo Penal - Derecho,current_clean,,1.0,0.0,Derecho,Estudio Dogmatico del Delito de Fraude Equiparado Previsto en el Articulo 387 F... | El Delito de Fraude Especifico Previsto en la Fraccion Xvii del Articulo 387 de... | Estudio Juridico Sustancial del Delito de Fraude Especifico AL QUE SE Refiere l...
micro,Area 3,Area3_M01,Area3_M01.json,C315,18,Contrato Hospedaje - Derecho,Contrato Hospedaje - Derecho,Contrato Hospedaje - Derecho,Contrato Hospedaje - Derecho,current_clean,,1.0,0.0,Derecho,El Contrato de Hospedaje | Contrato de Hospedaje | La Naturaleza Jurídica del Contrato de Hospedaje
micro,Area 3,Area3_M01,Area3_M01.json,C334,17,LEY Salud - Derecho,LEY Salud - Derecho,LEY Salud - Derecho,LEY Salud - Derecho,current_clean,,1.0,0.0,Derecho,Estudio Dogmatico del Articulo 466 de la LEY General de Salud | El Estudio Dogmatico del ART. 467 de la LEY General de Salud | Estudio Dogmatico Juridico-penal del Articulo 461 de la LEY General de Salud
micro,Area 3,Area3_M01,Area3_M01.json,C335,17,Amparo Leyes - Derecho,Amparo Leyes - Derecho,Amparo Leyes - Derecho,Amparo Leyes - Derecho,current_clean,,1.0,0.0,Derecho,Amparo Contra Leyes | El Amparo Contra Leyes | La Procedencia del Amparo Contra Leyes
micro,Area 3,Area3_M01,Area3_M01.json,C347,17,Simulacion Actos Juridicos - Derecho,Simulacion Actos Juridicos - Dere...,Simulacion Actos Juridicos - Derecho,Simulacion Actos Juridicos - Dere...,current_clean,short_long,1.0,0.0,Derecho,La Simulacion de los Actos Juridicos | La Inexistencia en la Simulacion de los Actos Juridicos | La Simulacion en los Actos Juridicos
micro,Area 3,Area3_M01,Area3_M01.json,C372,16,Condena Condicional - Derecho,Condena Condicional - Derecho,Condena Condicional - Derecho,Condena Condicional - Derecho,current_clean,,1.0,0.0,Derecho,La Condena Condicional | Condena Condicional | Temas A Proposito de la Condena Condicional
micro,Area 3,Area3_M01,Area3_M01.json,C401,14,Delito Bigamia - Derecho,Delito Bigamia - Derecho,Delito Bigamia - Derecho,Delito Bigamia - Derecho,current_clean,,0.7857,0.0,Derecho,Ensayo Sobre el Delito de Bigamia | El Delito de Bigamia | Aspectos Criticos del Delito de Bigamia
micro,Area 3,Area3_M01,Area3_M01.json,C418,13,Trabajos Investigaciones - Contaduría,Trabajos Investigaciones - Contad...,Trabajos Investigaciones - Contaduría,Trabajos Investigaciones - Contad...,current_clean,short_long,1.0,0.0,Contaduría,Investigacion Bibliografica en Trabajos de Tesis | Investigacion Bibliografica de las Tesis | Investigacion Bibliografica en Trabajos de Tesis O Investigacion
micro,Area 3,Area3_M02,Area3_M02.json,C6,10518,Ninos Rendimiento Escolar - Psicología,Ninos Rendimiento Escolar - Psico...,Ninos Rendimiento Escolar - Psicología,Ninos Rendimiento Escolar - Psico...,current_clean,short_long,0.5435,0.0,Psicología,Trastorno por Déficit de Atención | La Custodia de los Menores | Estimulacion Temprana
micro,Area 3,Area3_M02,Area3_M02.json,C8,9027,Formacion Docente - Pedagogia,Formacion Docente - Pedagogia,Formacion Docente - Pedagogia,Formacion Docente - Pedagogia,current_clean,,0.4804,0.0,Pedagogia,Planetario Universitario | La Educación Como Base de la Estructura Social | Aspectos de Cultura y Desempeño Académico en Estudiantes Universitarios del Áre...
micro,Area 3,Area3_M02,Area3_M02.json,C54,3543,Papel Psicologo - Psicología,Papel Psicologo - Psicología,Papel Psicologo - Psicología,Papel Psicologo - Psicología,current_clean,,0.4584,0.0,Psicología,Informe Final del Servicio Social de la Carrera de Psicología | Centro de Readaptacion Social | El Estrés y SU Relación con el Clima Organizacional
micro,Area 3,Area3_M02,Area3_M02.json,C114,864,Centro Rehabilitacion - Psicología,Centro Rehabilitacion - Psicología,Centro Rehabilitacion - Psicología,Centro Rehabilitacion - Psicología,current_clean,low_area_purity,0.3634,0.0,Psicología,Centro de Rehabilitacion Infantil | Odontología para el Nino Incapacitado | Centro de Desarrollo para Niños Discapacitados
micro,Area 3,Area3_M02,Area3_M02.json,C196,40,Trastornos Alimentarios - Psicología,Trastornos Alimentarios - Psicolo...,Trastornos Alimentarios - Psicología,Trastornos Alimentarios - Psicolo...,current_clean,short_long,1.0,0.0,Psicología,El Estrés y SU Relación con los Trastornos Alimentarios en Alumnos de Secundaria | Nivel de Estrés y SU Relación con los Trastornos Alimentarios en Alumnos de Sec... | Relación Entre el Estrés y los Indicadores Psicológicos de los Trastornos Alime...
micro,Area 3,Area3_M02,Area3_M02.json,C223,29,Tercera Fase Reforma - Contaduría,Tercera Fase Reforma - Contaduría,Tercera Fase Reforma - Contaduría,Tercera Fase Reforma - Contaduría,current_clean,,1.0,0.0,Contaduría,Tercera Fase de la Reforma Educativa
micro,Area 3,Area3_M02,Area3_M02.json,C288,20,C288 - Contaduría,C288 - Contaduría,C288 - Contaduría,C288 - Contaduría,current_clean,,1.0,0.0,Contaduría,Investigacion Bibliografica de las Tesis y Seminarios de Investigacion de la F....
micro,Area 3,Area3_M02,Area3_M02.json,C359,16,Trabajos Seminarios - Contaduría,Trabajos Seminarios - Contaduría,Trabajos Seminarios - Contaduría,Trabajos Seminarios - Contaduría,current_clean,,1.0,0.0,Contaduría,Investigacion Bibliografica en Trabajos de Tesis y Seminarios de Investigacion | Investigacion Bibliografica A los Trabajos de Tesis y Seminarios de Investigaci... | Investigacion Bibliografica en Trabajo de Tesis y Seminarios de Investigacion
micro,Area 3,Area3_M02,Area3_M02.json,C400,14,Seminarios Biblioteca - Contaduría,Seminarios Biblioteca - Contaduría,Seminarios Biblioteca - Contaduría,Seminarios Biblioteca - Contaduría,current_clean,,1.0,0.0,Contaduría,Investigacion Bibliografica de las Tesis y Seminarios de Investigacion de la Bi... | Investigación Bibliográfica de las Tesis y Seminarios de Investigación de la Bi... | Investigacion Bibliografica de Tesis y Seminario de Investigacion de la Bibliot...
micro,Area 3,Area3_M02,Area3_M02.json,C430,11,Prevencion Retardo - Psicología,Prevencion Retardo - Psicología,Prevencion Retardo - Psicología,Prevencion Retardo - Psicología,current_clean,,0.5455,0.0,Psicología,La Estimulacion Temprana Como Estrategia de Prevencion del Retardo en el Desarr... | La Importancia de la Prevencion para el Retardo en el Desarrollo | La Estimulacion Temprana Como UNA Forma de Prevencion del Retardo en el Desarro...
micro,Area 3,Area3_M02,Area3_M02.json,C448,10,Hatha Yoga - Psicología,Hatha Yoga - Psicología,Hatha Yoga - Psicología,Hatha Yoga - Psicología,current_clean,,0.6,0.0,Psicología,Reportaje : el Hatha Yoga Como Metodo Alternativo de Salud Preventiva | Sistematicacion para la Ensenanza de UN Curso de Hatha Yoga Dirigido A Estudain... | Efectos de la Actividad del Hatha Yoga Sobre las Funciones Ejecutivas
micro,Area 3,Area3_M02,Area3_M02.json,C530,7,Ninos TEA - Psicología,Ninos TEA - Psicología,Ninos TEA - Psicología,Ninos TEA - Psicología,current_clean,,0.5714,0.0,Psicología,"Revisión de Intervenciones con Cuidadores de Niños Preescolares con TEA, para P... | Estudio de Prevalencia de Psicopatología en Pacientes con TEA Menores de 6 Años | Inclusión Familiar y Escolar y SU Relación con la Calidad de Vida en Niños con..."
micro,Area 3,Area3_M02,Area3_M02.json,C537,7,Maltrato Infantil - Periodismo,Maltrato Infantil - Periodismo,Maltrato Infantil - Periodismo,Maltrato Infantil - Periodismo,current_clean,,0.4286,0.0,Periodismo,"Propuesta de Campaña Social para Prevenir el Maltrato Infantil :  Ellos VEN, E... | NO ME Maltrates, Educame : Campaña de Sensibilizacion en Contra del Maltrato In... | Validacion Social de UN Programa Eco-conductual para la Prevencion y Tratamient..."
micro,Area 3,Area3_M02,Area3_M02.json,C643,6,Tercera Etapa Reforma - Contaduría,Tercera Etapa Reforma - Contaduría,Tercera Etapa Reforma - Contaduría,Tercera Etapa Reforma - Contaduría,current_clean,,1.0,0.0,Contaduría,La Tercera Etapa de la Reforma Educativa | Tercera Etapa de la Reforma Educativa
micro,Area 3,Area3_M02,Area3_M02.json,C650,6,C650 - Contaduría,C650 - Contaduría,C650 - Contaduría,C650 - Contaduría,current_clean,,1.0,0.0,Contaduría,Investigacion Bibliografica de Tesis y Seminarios de Investigacion | Investigacion Bibliografica en Tesis y Seminarios de Investigacion | Investigacion Bibliografica Sobre Tesis y Seminarios de Investigacion
micro,Area 3,Area3_M02,Area3_M02.json,C701,5,Escuela Primaria - Psicología,Escuela Primaria - Psicología,Escuela Primaria - Psicología,Escuela Primaria - Psicología,current_clean,,0.8,0.0,Psicología,Problemas de Aprendizaje y Conducta en Niños del Cris-chimalhuacán | Alteraciones de la Lecto-escritura en Niños con Trastorno Especifico del Aprend... | Los Bordados del Pueblo Masehual en Tlatokxochitl Como Obra en la Construcción...
micro,Area 3,Area3_M02,Area3_M02.json,C710,5,Papalote Museo Nino - Ciencias de la Comunicación,Papalote Museo Nino - Ciencias de...,Papalote Museo Nino - Ciencias de la Comunicación,Papalote Museo Nino - Ciencias de...,current_clean,short_long,0.4,0.0,Ciencias de la Comunicación,La Mejora de la Comunicación Interna en el Servicio Social del Papalote Museo d... | Memoria de Servicio Social en Papalote Museo del Niño | Comportamiento Humano en el Trabajo. Conducta Organizacional.el Proceso de Indu...
micro,Area 3,Area3_M02,Area3_M02.json,C860,5,Noticias Falsas - Psicología,Noticias Falsas - Psicología,Noticias Falsas - Psicología,Noticias Falsas - Psicología,current_clean,,0.8,0.0,Psicología,"""Veritas : Chatbot con Inteligencia Artificial para el Análisis de Emociones Co... | Andamio Cognitivo : UN Chatbot en Redes Sociales para Analizar Noticias Falsas | Chatbot Como Andamio Cognitivo para la Gestión de Emociones y Toma de Decisione..."
micro,Area 3,Area3_M03,Area3_M03.json,C1,14110,Empresa Constructora - Administración,Empresa Constructora - Administra...,Empresa Constructora - Administración,Empresa Constructora - Administra...,current_clean,short_long,0.5234,0.0,Administración,El Procedimiento Administrativo | Administración de la Comercializacion | Organización Contable de UNA Empresa Constructora
micro,Area 3,Area3_M03,Area3_M03.json,C45,3951,Política Alimentaria - Derecho,Política Alimentaria - Derecho,Política Alimentaria - Derecho,Política Alimentaria - Derecho,current_clean,,0.6191,0.0,Derecho,Sistema Publicitario de Empresa Dedicada A la Venta de Café | Anteproyecto de la Instalación Eléctrica para UNA Empresa QUE Diseña y Fabrica... | Las Caracteristicas de Calidad en el Análisis de Riesgo de Fallas de Productos...
micro,Area 3,Area3_M03,Area3_M03.json,C48,3869,Etica Ambiental - Derecho,Etica Ambiental - Derecho,Etica Ambiental - Derecho,Etica Ambiental - Derecho,current_clean,low_area_purity,0.367,0.0,Derecho,Biopulpectomia | El Dano Moral | La Etica Profesional del Contador Publico
micro,Area 3,Area3_M03,Area3_M03.json,C49,3786,Materia Agraria - Derecho,Materia Agraria - Derecho,Materia Agraria - Derecho,Materia Agraria - Derecho,current_clean,,0.7309,0.0,Derecho,Escuela Tecnica Agropecuaria | La Sucesion en Materia Agraria | El Comite Particular Ejecutivo Agrario
micro,Area 3,Area3_M03,Area3_M03.json,C219,29,Auditoria Operacional - Contaduría,Auditoria Operacional - Contaduría,Auditoria Operacional - Contaduría,Auditoria Operacional - Contaduría,current_clean,,1.0,0.0,Contaduría,Auditoria Operacional | Auditoria Operacional
micro,Area 3,Area3_M03,Area3_M03.json,C278,21,Participacion Trabajadores Utilid... - Contaduría,Participacion Trabajadores Utilid...,Participacion Trabajadores Utilid... - Contaduría,Participacion Trabajadores Utilid...,current_clean,short_long,1.0,0.0,Contaduría,La Participacion de los Trabajadores en las Utilidades de las Empresas | Participacion de los Trabajadores en las Utilidades de las Empresas | Participacion A los Trabajadores en las Utilidades de las Empresas
micro,Area 3,Area3_M03,Area3_M03.json,C311,18,Seminarios Facultad Contaduría - Contaduría,Seminarios Facultad Contaduría -...,Seminarios Facultad Contaduría - Contaduría,Seminarios Facultad Contaduría -...,current_clean,short_long,1.0,0.0,Contaduría,Investigacion Bibliografica de las Tesis y Seminario de Investigacion de la Fac... | Investigacion Bibliografica de las Tesis y Seminarios de Investigacion de la Fa... | Investigacion Bibliografica de la Tesis y Seminarios de Investigacion de la Fac...
micro,Area 3,Area3_M03,Area3_M03.json,C339,17,Auditoria Inventarios - Contaduría,Auditoria Inventarios - Contaduría,Auditoria Inventarios - Contaduría,Auditoria Inventarios - Contaduría,current_clean,,1.0,0.0,Contaduría,Auditoria de Inventarios | Auditoria de Inventarios
micro,Area 3,Area3_M03,Area3_M03.json,C388,15,Facultad Comercio Administración - Contaduría,Facultad Comercio Administración...,Facultad Comercio Administración - Contaduría,Facultad Comercio Administración...,current_clean,short_long,1.0,0.0,Contaduría,Estudio Bibliografico en la Biblioteca de la Facultad de Comercio y Administrac... | Investigacion Bibliografica Sobre Tesis de la Facultad de Comercio y Administra... | Trabajo de Investigacion de Estudios Bibliograficos para la Facultad de Comerci...
micro,Area 3,Area3_M03,Area3_M03.json,C412,13,Biblioteca Facultad Contaduría - Contaduría,Biblioteca Facultad Contaduría -...,Biblioteca Facultad Contaduría - Contaduría,Biblioteca Facultad Contaduría -...,current_clean,short_long,1.0,0.0,Contaduría,Investigacion Bibliografica de las Tesis y Seminarios de Investigacion de la Bi... | Investigacion Bibliografica de la Tesis y Seminario de Investigacion de la Bibl... | Seminario de Investigacion Bibliografica de las Tesis y Seminario de Investigac...
micro,Area 3,Area3_M03,Area3_M03.json,C580,7,Auditoria Operaciones - Contaduría,Auditoria Operaciones - Contaduría,Auditoria Operaciones - Contaduría,Auditoria Operaciones - Contaduría,current_clean,,1.0,0.0,Contaduría,Auditoria de Operaciones
micro,Area 3,Area3_M03,Area3_M03.json,C593,6,Inspeccion Ocular - Derecho,Inspeccion Ocular - Derecho,Inspeccion Ocular - Derecho,Inspeccion Ocular - Derecho,current_clean,,0.6667,0.0,Derecho,"La Idoneidad de la Inspeccion Ocular Como Medio Probatorio para Acreditar la Re... | Tecnicas Juridico Funcionales para la Realizacion Eficaz de la Inspeccion Ocula... | Estudio Teórico, Crítico y Legal de la Prueba de Inspección Ocular y SU Repercu..."
micro,Area 3,Area3_M03,Area3_M03.json,C653,6,Centro Confianza - Derecho,Centro Confianza - Derecho,Centro Confianza - Derecho,Centro Confianza - Derecho,current_clean,,0.6667,0.0,Derecho,Indicadores de Desempeño de UN Centro de Evaluación y Control de Confianza | Sistematizacion de Evaluaciones Psicologicas para el Centro de Control de Confi... | Metodologia para Evaluar y Medir el Rango de Confianza del Control Interno
micro,Area 3,Area3_M03,Area3_M03.json,C689,5,Facultad Contaduría Administración - Contaduría,Facultad Contaduría Administració...,Facultad Contaduría Administración - Contaduría,Facultad Contaduría Administració...,current_clean,short_long,1.0,0.0,Contaduría,Investigacion Bibliografica de Tesis de la Facultad de Contaduría y Administrac... | Estudio Bibliografico en la Facultad de Contaduría y Administración | Investigacion Bibliografica de las Tesis de la Facultad de Contaduría y Adminis...
micro,Area 3,Area3_M03,Area3_M03.json,C700,5,Coordinador Produccion Partir - Periodismo y Comunica...,Coordinador Produccion Partir - P...,Coordinador Produccion Partir - Periodismo y Comunica...,Coordinador Produccion Partir - P...,current_clean,short_long,0.6,0.0,Periodismo y Comunicación Colectiva,"Elaboracion del Perfil Profesional del Coordinador de Produccion, A Partir de l... | Seleccion y Perfil del Ejecutivo en los Videoclubs | Propuesta del Perfil Profesional QUE Debe Cubrir UN Coordinador de Produccion A..."
micro,Area 3,Area3_M03,Area3_M03.json,C707,5,Ciudad Oaxaca - Psicología,Ciudad Oaxaca - Psicología,Ciudad Oaxaca - Psicología,Ciudad Oaxaca - Psicología,current_clean,,1.0,0.0,Psicología,"Informe de Investigacion Vinculada AL Aparato Productivo : Proyectos Sociales d... | Autoestima, Factor QUE Favorece el Rendimiento Laboral en la Organización CFE,... | Manual para la Creación y Operación de Microempresas en la Colonia Montealba de..."
micro,Area 3,Area3_M03,Area3_M03.json,C715,5,Organizacional Dentro Produccion - Ciencias de la COM...,Organizacional Dentro Produccion...,Organizacional Dentro Produccion - Ciencias de la COM...,Organizacional Dentro Produccion...,current_clean,short_long,0.6,0.0,Ciencias de la Comunicación,La Comunicación Organizacional Dentro de la Producción Cinematográfica : Report... | El Oficio del Director de Cine en SUS Propias Palabras : la Experiencia de Hace... | Proceso de Aprendizaje Como Director de Escena en el Ogrito de Suzanne Lebeau
micro,Area 3,Area3_M03,Area3_M03.json,C737,5,Productos Servicios Sector - Administración,Productos Servicios Sector - Admi...,Productos Servicios Sector - Administración,Productos Servicios Sector - Admi...,current_clean,short_long,1.0,0.0,Administración,Productos y Servicios en el Sector Ejidal | El Mercado de Productos y Servicios en el Sector Ejidal | Mercado de Productos y Servicios en el Sector Ejidal
micro,Area 3,Area3_M03,Area3_M03.json,C738,5,Participacion Paises Vias - Derecho,Participacion Paises Vias - Derec...,Participacion Paises Vias - Derecho,Participacion Paises Vias - Derec...,current_clean,short_long,1.0,0.0,Derecho,Participacion de los Paises en Vias de Desarrollo en el Gatt | El Gatt y los Paises en Desarrollo | El Artículo XXI B)iii del Gatt : UNA Medida de Defensa para los Países en Desar...
micro,Area 3,Area3_M03,Area3_M03.json,C748,5,Puerto Madero - Economía,Puerto Madero - Economía,Puerto Madero - Economía,Puerto Madero - Economía,current_clean,,0.8,0.0,Economía,El Aprovechamiento Optimo del Tiburon | Proyecto para la Implantacion de UNA Planta Industrializadora de Tiburon en el... | El Curtimiento de la Piel de Tiburon. UN Proyecto de Inversion A Establecerse e...
micro,Area 3,Area3_M03,Area3_M03.json,C780,5,Empresa Productora Triplay - Contaduría,Empresa Productora Triplay - Cont...,Empresa Productora Triplay - Contaduría,Empresa Productora Triplay - Cont...,current_clean,short_long,1.0,0.0,Contaduría,El Control de los Costos de Produccion en UNA Empresa Dedicada A la Fabricacion... | Contabilidad de Costos en la Industria del Triplay | Teoría y Práctica de Auditoria en UNA Empresa Productora de Triplay
micro,Area 3,Area3_M03,Area3_M03.json,C843,5,Empowerment Herramienta - Psicología,Empowerment Herramienta - Psicolo...,Empowerment Herramienta - Psicología,Empowerment Herramienta - Psicolo...,current_clean,short_long,1.0,0.0,Psicología,El Empowerment Como Proceso para Optimizar la Cultura de la Efectividad en el T... | El Empowerment Como Herramienta Gerencial para Optimizar la Gestión de la Empre... | Empowerment Como Herramienta de Liderazgo Directivo
micro,Area 3,Area3_M03,Area3_M03.json,C845,5,Tratamiento Aguas - Economía,Tratamiento Aguas - Economía,Tratamiento Aguas - Economía,Tratamiento Aguas - Economía,current_clean,,0.4,0.0,Economía,Adopcion y Mejoramiento de UNA Planta Existente para el Tratamiento de Aguas Re... | Proyecto para la Instalacion de UN Auto Lavado con Planta Tratadora de Agua en... | Carro de Servicio para Lavar Autos
micro,Area 3,Area3_M03,Area3_M03.json,C872,5,Trabajadores Utilidades Empresas - Derecho,Trabajadores Utilidades Empresas...,Trabajadores Utilidades Empresas - Derecho,Trabajadores Utilidades Empresas...,current_clean,short_long,1.0,0.0,Derecho,Naturaleza Contable de la Participacion de los Trabajadores en las Utilidades d... | Cuestiones QUE Plantea la Participacion de los Trabajadores en las Utilidades d... | Algunos Problemas Derivados de la Participacion de los Trabajadores en las Util...
micro,Area 3,Area3_M04,Area3_M04.json,C4,11415,Política Economica - Economía,Política Economica - Economía,Política Economica - Economía,Política Economica - Economía,current_clean,,0.891,0.0,Economía,La Empresa Pública Factor de Crecimiento Economico y Social en México | Incentivos Fiscales Como Instrumento de la Administración Pública en el Desarro... | Perfil del Ejecutivo de Finanzas en México
micro,Area 3,Area3_M04,Area3_M04.json,C52,3572,Socio Juridico Educación - Derecho,Socio Juridico Educación - Derecho,Socio Juridico Educación - Derecho,Socio Juridico Educación - Derecho,current_clean,,0.5423,0.0,Derecho,Desarrollo de la Psicología Industrial en el Ambito Empresarial Mexicano | Casa Hogar para Niños de la Calle | El Problema del Nino Maltratado en México
micro,Area 3,Area3_M04,Area3_M04.json,C53,3556,Actualidad Pensamiento Jose - Estudios Latinoamerican...,Actualidad Pensamiento Jose - EST...,Actualidad Pensamiento Jose - Estudios Latinoamerican...,Actualidad Pensamiento Jose - Est...,current_clean,short_long,0.5824,0.0,Estudios Latinoamericanos,El Canal de Panama | Utopías y Configuración del Proyecto de Nación : Estudio Comparativo Sobre Luga... | La Integracion Economica Latinoamericana
micro,Area 3,Area3_M04,Area3_M04.json,C55,3538,Asilado Politico - Derecho,Asilado Politico - Derecho,Asilado Politico - Derecho,Asilado Politico - Derecho,current_clean,,0.9652,0.0,Derecho,La Doble Nacionalidad en México | El Regimen Juridico del Subsuelo Mexicano | La Condicion Jurídica del Extranjero en México
micro,Area 3,Area3_M04,Area3_M04.json,C69,2752,Representaciones Sociales - Derecho,Representaciones Sociales - Derec...,Representaciones Sociales - Derecho,Representaciones Sociales - Derec...,current_clean,short_long,0.6043,0.0,Derecho,"Regeneracion de Monumentos Historicos del Siglo Xvii y Xviii en Huichapan, HGO | Secretaria de Relaciones Exteriores | Museo de Historia Natural"
micro,Area 3,Area3_M04,Area3_M04.json,C71,2739,Medios Comunicación - Derecho,Medios Comunicación - Derecho,Medios Comunicación - Derecho,Medios Comunicación - Derecho,current_clean,,0.6345,0.0,Derecho,"La Industria de Radio y Television en México, 1972 y la Organización de SU Cama... | Televisión Digital Terrestre en México | Investigacion de RED Inteligente con Desarrollo e Implementacion de UN Tutorial..."
micro,Area 3,Area3_M04,Area3_M04.json,C78,2466,Jurídica Social - Derecho,Jurídica Social - Derecho,Jurídica Social - Derecho,Jurídica Social - Derecho,current_clean,,0.7417,0.0,Derecho,La Despenalizacion del Aborto en México | Construcción de la Identidad Sexual y de Género en Hombres y Mujeres Adultas en... | El Delito de Incesto
micro,Area 3,Area3_M04,Area3_M04.json,C81,2374,Laboral Mexicano - Derecho,Laboral Mexicano - Derecho,Laboral Mexicano - Derecho,Laboral Mexicano - Derecho,current_clean,,0.8875,0.0,Derecho,Integracion del Sistema Mexicano de Seguridad Social | La Fuerza de Trabajo en Función A la Población en México | El Seguro Social en México
micro,Area 3,Area3_M04,Area3_M04.json,C87,2038,Transporte Ferroviario - Ingeniería Civil,Transporte Ferroviario - Ingenier...,Transporte Ferroviario - Ingeniería Civil,Transporte Ferroviario - Ingenier...,current_clean,short_long,0.4725,0.0,Ingeniería Civil,La Industria Automotriz en México | El Seguro Agricola en México | La Plataforma Continental Maritima de México y el Aprovechamiento Economico de...
micro,Area 3,Area3_M04,Area3_M04.json,C93,1758,Penal Mexicano - Derecho,Penal Mexicano - Derecho,Penal Mexicano - Derecho,Penal Mexicano - Derecho,current_clean,,0.934,0.0,Derecho,El Defensor de Oficio en el Procedimiento Penal Mexicano | Análisis del Sistema Penitenciario Mexicano | Los Tratados Internacionales Sobre Derechos Humanos y la Legislacion Mexicana
micro,Area 3,Area3_M04,Area3_M04.json,C117,820,Relaciones Comerciales Japon - Relaciones Internacion...,Relaciones Comerciales Japon - RE...,Relaciones Comerciales Japon - Relaciones Internacion...,Relaciones Comerciales Japon - Re...,current_clean,short_long,0.8024,0.0,Relaciones Internacionales,Las Inversiones Extranjeras en America Latina | Siete Migraciones Japonesas A México : 1890-1978 | Japon : la Tercera Potencia Mundial
micro,Area 3,Area3_M04,Area3_M04.json,C141,245,Sociedad Cooperativa - Derecho,Sociedad Cooperativa - Derecho,Sociedad Cooperativa - Derecho,Sociedad Cooperativa - Derecho,current_clean,,0.9755,0.0,Derecho,El Movimiento Cooperativo en México | El Cooperativismo en México | Las Sociedades Anonimas en México
micro,Area 3,Area3_M04,Area3_M04.json,C178,56,Legislacion Mexicana - Derecho,Legislacion Mexicana - Derecho,Legislacion Mexicana - Derecho,Legislacion Mexicana - Derecho,current_clean,,0.9821,0.0,Derecho,La Tortura en México | La Tortura en el Sistema Penal Mexicano | Análisis Sociojuridico de la Tortura y SU Erradicacion en México
micro,Area 3,Area3_M04,Area3_M04.json,C180,54,Credito Agricola - Derecho,Credito Agricola - Derecho,Credito Agricola - Derecho,Credito Agricola - Derecho,current_clean,,0.9815,0.0,Derecho,El Credito Agricola en México | Estudio Juridico e Historico del Credito Agrario en México : Funciones de la Ba... | Breve Estudio del Credito Agricola en México
micro,Area 3,Area3_M04,Area3_M04.json,C189,46,Television Azteca - Ciencias de la Comunicación,Television Azteca - Ciencias de L...,Television Azteca - Ciencias de la Comunicación,Television Azteca - Ciencias de l...,current_clean,short_long,0.6087,0.0,Ciencias de la Comunicación,Análisis Comparativo de los Noticieros de Televisa y TV Azteca | Los Corresponsales Nacionales de TV Azteca | El Proceso de Producción del Noticiario AM Revista Informativa de TV Azteca
micro,Area 3,Area3_M04,Area3_M04.json,C241,26,Futuro Sindicalismo - Derecho,Futuro Sindicalismo - Derecho,Futuro Sindicalismo - Derecho,Futuro Sindicalismo - Derecho,current_clean,,1.0,0.0,Derecho,El Sindicalismo en México | El Sindicalismo en México | Finalidad del Sindicalismo en México
micro,Area 3,Area3_M04,Area3_M04.json,C272,22,Impuesto Predial - Derecho,Impuesto Predial - Derecho,Impuesto Predial - Derecho,Impuesto Predial - Derecho,current_clean,,0.9091,0.0,Derecho,"México : Recaudacion Municipal del Impuesto Predial, Problemas y Perspectivas | Administración Catastral en la Ciudad de México y SU Relación con el Impuesto P... | Manual para la Determinación del Impuesto Predial en el Municipio de Tecamac Es..."
micro,Area 3,Area3_M04,Area3_M04.json,C299,19,Grupos Presion - Derecho,Grupos Presion - Derecho,Grupos Presion - Derecho,Grupos Presion - Derecho,current_clean,,1.0,0.0,Derecho,Las Agrupaciones Patronales Como Grupos de Presion en el Sistema Politico Mexic... | Los Grupos de Presion en el Sistema Politico Mexicano | Los Grupos de Presion en México : la Confederacion Patronal de la REP. Mexicana...
micro,Area 3,Area3_M04,Area3_M04.json,C538,7,Constitucion Política Estados - Derecho,Constitucion Política Estados - D...,Constitucion Política Estados - Derecho,Constitucion Política Estados - D...,current_clean,short_long,1.0,0.0,Derecho,"Reforma del Articulo 239 del Codigo Fiscal de la Federacion, en Terminos de LO... | Necesidad de Adicionar AL Artículo 123 Fracción X de la Constitución Política d... | La Creacion de la Corte Constitucional del Estado de México en el Codigo Fiscal..."
micro,Area 3,Area3_M04,Area3_M04.json,C557,7,Seguridad Pública - Psicología,Seguridad Pública - Psicología,Seguridad Pública - Psicología,Seguridad Pública - Psicología,current_clean,,0.5714,0.0,Psicología,Correlación Entre el Estrés y el Desgaste Ocupacional en los Elementos de la Po... | Relación Entre el Estrés y el Desgaste Ocupacional en los Oficiales de la Direc... | La Capacitacion de los Recursos Humanos en los Cuerpos de Seguridad Privada del...
micro,Area 3,Area3_M04,Area3_M04.json,C563,7,Uniforme Titulos Valores - Derecho,Uniforme Titulos Valores - Derecho,Uniforme Titulos Valores - Derecho,Uniforme Titulos Valores - Derecho,current_clean,,1.0,0.0,Derecho,El Delito de Comision por Omision en el Codigo de Tipo Latinoamericano | Estudio Sociojuridico de los Menores Infractores en America Latina y la Necesid... | La Imputabilidad en el Codigo Penal Tipo Latinoamericano
micro,Area 3,Area3_M04,Area3_M04.json,C574,7,Suprema Corte Justicia - Derecho,Suprema Corte Justicia - Derecho,Suprema Corte Justicia - Derecho,Suprema Corte Justicia - Derecho,current_clean,,1.0,0.0,Derecho,"La Consolidación de la Suprema Corte de Justicia de la Nación, Como el Árbitro... | La Suprema Corte de Justicia y la Relación de los Poderes Públicos en la Transi... | Aportaciones y Retrocesos de la Suprema Corte de Justicia de la Nación AL Proce..."
micro,Area 3,Area3_M04,Area3_M04.json,C604,6,Registro Publico Propiedad - Derecho,Registro Publico Propiedad - Dere...,Registro Publico Propiedad - Derecho,Registro Publico Propiedad - Dere...,current_clean,short_long,1.0,0.0,Derecho,Las Anotaciones Preventivas en el Sistema Registral Mexicano | Del Sistema de Transcripcion y la Irregularidad de los Asientos Registrales en... | Improcedencia de Protocolizar las Informaciones de Dominio en el Distrito Feder...
micro,Area 3,Area3_M04,Area3_M04.json,C627,6,Identificacion Criminal - Derecho,Identificacion Criminal - Derecho,Identificacion Criminal - Derecho,Identificacion Criminal - Derecho,current_clean,,1.0,0.0,Derecho,La Identificacion en el Proceso Penal Mexicano | La Identificacion Criminal en México | La Creación de Bases de Datos de ADN con Fines de Identificación Criminal en Mé...
micro,Area 3,Area3_M04,Area3_M04.json,C673,6,Sistema Penitenciario - Derecho,Sistema Penitenciario - Derecho,Sistema Penitenciario - Derecho,Sistema Penitenciario - Derecho,current_clean,,1.0,0.0,Derecho,"Sistema Penitenciario Mexicano y SU Privatización | Constitucionalidad de Privatizar el Sistema Penitenciario en Otumba, Estado de... | Efectos Economicos de la Privatizacion de los Reclusorios en México"
micro,Area 3,Area3_M04,Area3_M04.json,C687,5,Mercadotecnia Estrategica Enfoque - Ciencia Política,Mercadotecnia Estrategica Enfoque...,Mercadotecnia Estrategica Enfoque - Ciencia Política,Mercadotecnia Estrategica Enfoque...,current_clean,short_long,0.6,0.0,Ciencia Política,"Mercadotecnia Estrategica Como Enfoque de Gestion Pública, SU Aplicacion en Méx... | Nuevas Estrategias de Mercadotecnia Política para Gobiernos Caso Estado de Méxi... | Ordenamiento Territorial de Mercados Públicos y Tianguis : UNA Política para Ne..."
micro,Area 3,Area3_M04,Area3_M04.json,C733,5,Reservas Internacionales - Economía,Reservas Internacionales - Econom...,Reservas Internacionales - Economía,Reservas Internacionales - Econom...,current_clean,short_long,1.0,0.0,Economía,Aspectos Teóricos y Empíricos de las Dimensiones de Reservas Internacionales de... | El Banco de México y la Reserva Federal de los Estados Unidos de America (FED)... | La Acumulación de Reservas Internacionales en el Régimen Cambiario de Libre Flo...
micro,Area 3,Area3_M04,Area3_M04.json,C753,5,Bilaterales India - Relaciones Internacionales,Bilaterales India - Relaciones IN...,Bilaterales India - Relaciones Internacionales,Bilaterales India - Relaciones In...,current_clean,short_long,1.0,0.0,Relaciones Internacionales,Oportunidades de Inversión en la Relación México-india en el Nuevo Siglo | Impulso A las Negociaciones Comerciales Bilaterales con India A Partir de la Es... | Relaciones Bilaterales Mexico-india de 1951 A 2000
micro,Area 3,Area3_M04,Area3_M04.json,C773,5,Representacion Proporcional - Derecho,Representacion Proporcional - DER...,Representacion Proporcional - Derecho,Representacion Proporcional - Der...,current_clean,short_long,1.0,0.0,Derecho,Análisis para la Desaparicion del Principio de Representacion Proporcional en e... | La Representacion Proporcional en el Sistema Electoral Mexicano y SU Utilizacio... | Análisis del Principio de Representación Proporcional y SU Posible Modificación...
micro,Area 3,Area3_M04,Area3_M04.json,C774,5,Organización Naciones Unidas - Derecho,Organización Naciones Unidas - de...,Organización Naciones Unidas - Derecho,Organización Naciones Unidas - De...,current_clean,short_long,0.8,0.0,Derecho,La Participacion de la Organización de las Naciones Unidas en el Proceso Electo... | Integracion del Congreso de la Union en México : el Caso de la Coalicion Alianz... | La Presencia de la Organización de las Naciones Unidas Durante el Proceso Elect...
micro,Area 3,Area3_M05,Area3_M05.json,C155,151,Industria Calzado - Economía,Industria Calzado - Economía,Industria Calzado - Economía,Industria Calzado - Economía,current_clean,,0.7219,0.0,Economía,Sistema Punto de Venta para la Comercializacion en la Industria del Calzado | Estudio de la Factibilidad para la Introduccion de UNA Nueva Marca de Calzado d... | La Industria del Calzado en México
micro,Area 3,Area3_M05,Area3_M05.json,C533,7,Plan Negocios Exportacion - Administración,Plan Negocios Exportacion - Admin...,Plan Negocios Exportacion - Administración,Plan Negocios Exportacion - Admin...,current_clean,short_long,0.5714,0.0,Administración,Procedimiento para la Exportacion de Velas Decorativas A Canada | Candelero de Pewter para Exportacion A Canada | Linea de Candelabros para Exportacion
micro,Area 3,Area3_M05,Area3_M05.json,C659,6,Nanotecnologia Enfoque Prospectivo - Economía,Nanotecnologia Enfoque Prospectiv...,Nanotecnologia Enfoque Prospectivo - Economía,Nanotecnologia Enfoque Prospectiv...,current_clean,short_long,0.6667,0.0,Economía,"La Nanotecnología en México : UN Enfoque Prospectivo | Factores A Considerar en la Elaboración de UN Plan Nacional de Nanotecnología e... | USO y Aplicación de la Nanotecnología en la Industria en Colombia, Brasil, Chil..."
micro,Area 3,Area3_M06,Area3_M06.json,C7,9251,Cuentas Cobrar - Contaduría,Cuentas Cobrar - Contaduría,Cuentas Cobrar - Contaduría,Cuentas Cobrar - Contaduría,current_clean,,0.8472,0.0,Contaduría,El Arrendamiento Como Fuente de Financiamiento | La Hipoteca Maritima | Auditoria de Activo Fijo
micro,Area 3,Area3_M06,Area3_M06.json,C43,3984,Materia Fiscal - Derecho,Materia Fiscal - Derecho,Materia Fiscal - Derecho,Materia Fiscal - Derecho,current_clean,,0.9779,0.0,Derecho,El Contador Publico y el Dictamen para Efectos Fiscales | El Recurso de Oposicion AL Procedimiento Administrativo de Ejecucion | Dividendos
micro,Area 3,Area3_M06,Area3_M06.json,C128,443,Estados Financieros - Contaduría,Estados Financieros - Contaduría,Estados Financieros - Contaduría,Estados Financieros - Contaduría,current_clean,,1.0,0.0,Contaduría,La Auditoria de Estados Financieros | Desarrollo de UNA Auditoria de Estados Financieros | Consolidacion de Estados Financieros
micro,Area 3,Area3_M06,Area3_M06.json,C136,297,Informacion Financiera - Contaduría,Informacion Financiera - Contadur...,Informacion Financiera - Contaduría,Informacion Financiera - Contadur...,current_clean,short_long,0.8923,0.0,Contaduría,Efectos de la Inflacion en la Informacion Financiera | Efectos de la Inflacion en la Informacion Financiera | La Informacion Financiera en Epocas de Inflacion
micro,Area 3,Area3_M06,Area3_M06.json,C185,51,Dictamen Estados Financieros - Contaduría,Dictamen Estados Financieros - CO...,Dictamen Estados Financieros - Contaduría,Dictamen Estados Financieros - Co...,current_clean,short_long,1.0,0.0,Contaduría,Dictamen de Estados Financieros para Fines Fiscales | Auditoria de Estados Financieros para Efectos Fiscales | El Dictamen de Estados Financieros para Efectos Fiscales
micro,Area 3,Area3_M06,Area3_M06.json,C208,34,Seguro Desempleo - Derecho,Seguro Desempleo - Derecho,Seguro Desempleo - Derecho,Seguro Desempleo - Derecho,current_clean,,0.8529,0.0,Derecho,El Seguro de Desempleo | La Seguridad Social y el Seguro de Desempleo | El Seguro de Desempleo
micro,Area 3,Area3_M06,Area3_M06.json,C209,33,Auditoria Estados Financieros - Contaduría,Auditoria Estados Financieros - C...,Auditoria Estados Financieros - Contaduría,Auditoria Estados Financieros - C...,current_clean,short_long,1.0,0.0,Contaduría,Importancia del Estudio y Evaluación del Control Interno en la Auditoria de Est... | El Control Interno en la Auditoria de Estados Financieros | Influencia del Control Interno en la Auditoria de Estados Financieros
micro,Area 3,Area3_M06,Area3_M06.json,C252,23,Presupuesto Base Cero - Contaduría,Presupuesto Base Cero - Contaduría,Presupuesto Base Cero - Contaduría,Presupuesto Base Cero - Contaduría,current_clean,,1.0,0.0,Contaduría,El Presupuesto Base Cero | Presupuesto Base Cero | Planificacion y Presupuestacion : Presupuesto por Programas y Presupuesto Base...
micro,Area 3,Area3_M06,Area3_M06.json,C264,22,Planeacion Financiera - Contaduría,Planeacion Financiera - Contaduría,Planeacion Financiera - Contaduría,Planeacion Financiera - Contaduría,current_clean,,0.9545,0.0,Contaduría,Planeacion Financiera | La Planeacion Financiera | Breve Estudio de la Planeacion Financiera
micro,Area 3,Area3_M06,Area3_M06.json,C281,20,Contabilidad Areas Responsabilidad - Contaduría,Contabilidad Areas Responsabilida...,Contabilidad Areas Responsabilidad - Contaduría,Contabilidad Areas Responsabilida...,current_clean,short_long,1.0,0.0,Contaduría,Contabilidad por Areas de Responsabilidad | Contabilidad por Areas de Responsabilidad
micro,Area 3,Area3_M06,Area3_M06.json,C325,18,Auditoria Cuentas Cobrar - Contaduría,Auditoria Cuentas Cobrar - Contad...,Auditoria Cuentas Cobrar - Contaduría,Auditoria Cuentas Cobrar - Contad...,current_clean,short_long,1.0,0.0,Contaduría,Auditoria de Cuentas por Cobrar | Cuentas por Cobrar | Auditoria en Cuentas por Cobrar
micro,Area 3,Area3_M06,Area3_M06.json,C348,17,Interno Ciclos Transacciones - Contaduría,Interno Ciclos Transacciones - CO...,Interno Ciclos Transacciones - Contaduría,Interno Ciclos Transacciones - Co...,current_clean,short_long,1.0,0.0,Contaduría,Estudio y Evaluación del Control Interno por Ciclos de Transacciones | Estudio y Evaluación del Control Interno por Ciclos de Transacciones | Estudio y Evaluación del Control Interno en el Ciclo de Transacciones
micro,Area 3,Area3_M06,Area3_M06.json,C349,16,Inflacion Informacion Financiera - Contaduría,Inflacion Informacion Financiera...,Inflacion Informacion Financiera - Contaduría,Inflacion Informacion Financiera...,current_clean,short_long,1.0,0.0,Contaduría,Reconocimiento de los Efectos de la Inflacion en la Informacion Financiera | Aplicacion y Revision en el Reconocimiento de los Efectos de la Inflacion en la... | La Importancia del Reconocimiento de los Efectos de la Inflacion en la Informac...
micro,Area 3,Area3_M06,Area3_M06.json,C353,16,Interpretacion - Contaduría,Interpretacion - Contaduría,Interpretacion - Contaduría,Interpretacion - Contaduría,current_clean,,1.0,0.0,Contaduría,Análisis e Interpretacion de Estados Financieros | Análisis e Interpretacion de Estados Financieros | Análisis e Interpretacion Contable de los Estados Financieros
micro,Area 3,Area3_M06,Area3_M06.json,C366,16,Arrendamiento Financiero - Contaduría,Arrendamiento Financiero - Contad...,Arrendamiento Financiero - Contaduría,Arrendamiento Financiero - Contad...,current_clean,short_long,1.0,0.0,Contaduría,Arrendamiento Financiero | Arrendamiento Financiero
micro,Area 3,Area3_M06,Area3_M06.json,C367,16,Contabilidad Areas - Contaduría,Contabilidad Areas - Contaduría,Contabilidad Areas - Contaduría,Contabilidad Areas - Contaduría,current_clean,,1.0,0.0,Contaduría,La Contabilidad por Areas de Responsabilidad | La Contabilidad por Areas de Responsabilidad
micro,Area 3,Area3_M06,Area3_M06.json,C368,16,Reexpresion Estados Financieros - Contaduría,Reexpresion Estados Financieros -...,Reexpresion Estados Financieros - Contaduría,Reexpresion Estados Financieros -...,current_clean,short_long,1.0,0.0,Contaduría,La Reexpresion de los Estados Financieros | Reexpresion de Estados Financieros | Reexpresión de Estados Financieros
micro,Area 3,Area3_M06,Area3_M06.json,C370,16,Dictamen Efectos Fiscales - Contaduría,Dictamen Efectos Fiscales - Conta...,Dictamen Efectos Fiscales - Contaduría,Dictamen Efectos Fiscales - Conta...,current_clean,short_long,1.0,0.0,Contaduría,El Dictamen para Efectos Fiscales | Dictamen para Efectos Fiscales | Dictamen para Efectos Fiscales
micro,Area 3,Area3_M06,Area3_M06.json,C404,14,Consolidacion Estados Financieros - Contaduría,Consolidacion Estados Financieros...,Consolidacion Estados Financieros - Contaduría,Consolidacion Estados Financieros...,current_clean,short_long,1.0,0.0,Contaduría,La Consolidacion de Estados Financieros de Grupos Empresariales | Consolidacion de Estados Financieros en Companias Afiliadas | Consideraciones para la Formaulacion de Estados Financieros Consolidados de Emp...
micro,Area 3,Area3_M06,Area3_M06.json,C425,12,Global Personas Fisicas - Contaduría,Global Personas Fisicas - Contadu...,Global Personas Fisicas - Contaduría,Global Personas Fisicas - Contadu...,current_clean,short_long,1.0,0.0,Contaduría,Del Impuesto AL Ingreso Global de las Personas Fisicas | Impuesto AL Ingreso Global de las Personas Fisicas | Breve Estudio del Impuesto AL Ingreso Global de las Personas Fisicas
micro,Area 3,Area3_M06,Area3_M06.json,C429,11,Reexpresion Estados - Contaduría,Reexpresion Estados - Contaduría,Reexpresion Estados - Contaduría,Reexpresion Estados - Contaduría,current_clean,,1.0,0.0,Contaduría,Tratamiento Contable de la Reexpresion de Estados Financieros en UNA Empresa Ga... | Reexpresion de Estados Financieros en Sociedades Marcantiles | La Reexpresion de Estados Financieros en UNA Empresa Hulera
micro,Area 3,Area3_M06,Area3_M06.json,C458,10,Sistema Contabilidad - Contaduría,Sistema Contabilidad - Contaduría,Sistema Contabilidad - Contaduría,Sistema Contabilidad - Contaduría,current_clean,,1.0,0.0,Contaduría,Implantacion de UN Sistema de Contabilidad por Areas de Responsabilidad | Sistema de Contabilidad por Areas de Responsabilidad | Como Implantar UN Sistema de Contabilidad por Areas de Responsabilidad
micro,Area 3,Area3_M06,Area3_M06.json,C520,8,C520 - Derecho,C520 - Derecho,C520 - Derecho,C520 - Derecho,current_clean,,1.0,0.0,Derecho,El Arrendamiento Financiero | El Arrendamiento Financiero
micro,Area 3,Area3_M06,Area3_M06.json,C526,7,Asesoria Fiscal Gratuita - Contaduría,Asesoria Fiscal Gratuita - Contad...,Asesoria Fiscal Gratuita - Contaduría,Asesoria Fiscal Gratuita - Contad...,current_clean,short_long,1.0,0.0,Contaduría,"Asesoría Fiscal Gratuita | Asesoria Fiscal Gratuita | ""Asesoría Fiscal Gratuita"""
micro,Area 3,Area3_M06,Area3_M06.json,C536,7,Profesional Contador - Contaduría,Profesional Contador - Contaduría,Profesional Contador - Contaduría,Profesional Contador - Contaduría,current_clean,,0.8571,0.0,Contaduría,"El Entorno Profesional del Contador en Corrufacil, S.A. de C.V | Actuacion del Contador | Importancia de las Tics en la Práctica Profesional del Contador"
micro,Area 3,Area3_M06,Area3_M06.json,C541,7,Estados Financieros Práctica - Contaduría,Estados Financieros Práctica - CO...,Estados Financieros Práctica - Contaduría,Estados Financieros Práctica - Co...,current_clean,short_long,1.0,0.0,Contaduría,"La Reexpresion de los Estados Financieros y SU Aplicacion Práctica | Métodos de Reexpresion de los Estados Financieros | La Reexpresion de Estados Financieros; SUS Causa, Métodos y Aplicaciones"
micro,Area 3,Area3_M06,Area3_M06.json,C589,7,Zonas Fronterizas Litorales - Derecho,Zonas Fronterizas Litorales - DER...,Zonas Fronterizas Litorales - Derecho,Zonas Fronterizas Litorales - Der...,current_clean,short_long,1.0,0.0,Derecho,Fideicomisos en Zonas Fronterizas y Litorales | Fideicomiso en Zonas Fronterizas y Litorales | El Fideicomiso en Fronteras y Litorales
micro,Area 3,Area3_M06,Area3_M06.json,C613,6,Indice Rendimientos Netos - Actuaría,Indice Rendimientos Netos - Actua...,Indice Rendimientos Netos - Actuaría,Indice Rendimientos Netos - Actua...,current_clean,short_long,0.5,0.0,Actuaría,Propuesta de UN Índice de Rendimientos Netos Reales del Mercado de Administrado... | Estudio de Eficiencia y Costeo para Banca de Inversion de Citibank de México | Implementacion de la Estimacion del Valor en Riesgo (VAR) de las Carteras de In...
micro,Area 3,Area3_M06,Area3_M06.json,C764,5,Banco Mundial - Economía,Banco Mundial - Economía,Banco Mundial - Economía,Banco Mundial - Economía,current_clean,,0.8,0.0,Economía,Análisis de la Iniciativa de Alivio A la Deuda para los Paises Pobres MUY Endeu... | El Banco Mundial y SU Enfoque Sobre la Pobreza | Sistema de Contribución y Atribución de Rendimientos en Carteras de Inversión d...
micro,Area 3,Area3_M06,Area3_M06.json,C788,5,Auditoria Cuentas - Contaduría,Auditoria Cuentas - Contaduría,Auditoria Cuentas - Contaduría,Auditoria Cuentas - Contaduría,current_clean,,1.0,0.0,Contaduría,Aspectos Sobre la Auditoria de Cuentas por Cobrar | Breve Estudio Sobre la Auditoria de Cuentas por Cobrar | Aspectos Generales en la Auditoria de Cuentas por Pagar
micro,Area 3,Area3_M07,Area3_M07.json,C47,3920,Industria Farmaceutica - Derecho,Industria Farmaceutica - Derecho,Industria Farmaceutica - Derecho,Industria Farmaceutica - Derecho,current_clean,,0.5064,0.0,Derecho,Reacciones Adversas A Medicamentos | La Administración por Objetivos en México | Programa de Maestria y Doctorado en Psicología Residencia en Psicología de las...
micro,Area 3,Area3_M07,Area3_M07.json,C740,5,Trabajadores Expuestos - Psicología,Trabajadores Expuestos - Psicolog...,Trabajadores Expuestos - Psicología,Trabajadores Expuestos - Psicolog...,current_clean,short_long,0.6,0.0,Psicología,Toxicos y Satisfaccion en el Trabajo : UN Estudio con Trabajadores Expuestos A... | Deteccion Temprana de Alteraciones Psicologicas en Trabajadores Expuestos A Tox... | La Percepcion de la Satisfaccion Laboral de UN Grupo de Trabajadores de Telefon...
micro,Area 3,Area3_M08,Area3_M08.json,C116,827,Union Europea - Relaciones Internacionales,Union Europea - Relaciones Intern...,Union Europea - Relaciones Internacionales,Union Europea - Relaciones Intern...,current_clean,short_long,0.7074,0.0,Relaciones Internacionales,El Sistema Monetario Europeo | Las Platicas Sobre la Limitación de las Armas Estratégicas (Plae) y la Segurida... | Análisis de la Naturaleza Jurídica de la Union Europea
micro,Area 3,Area3_M08,Area3_M08.json,C239,26,Medio Oriente - Relaciones Internacionales,Medio Oriente - Relaciones Intern...,Medio Oriente - Relaciones Internacionales,Medio Oriente - Relaciones Intern...,current_clean,short_long,0.9615,0.0,Relaciones Internacionales,"La Viabilidad de Turquía A Ingresar A la Unión Europea | La Integracion de Turquia A la Union Europea : de Enemigos Historicos A Socios... | Turquía, SUS Implicaciones Político-económicas de SU Posible Adhesión A la Unió..."
micro,Area 3,Area3_M08,Area3_M08.json,C479,9,Conflicto - Relaciones Internacionales,Conflicto - Relaciones Internacio...,Conflicto - Relaciones Internacionales,Conflicto - Relaciones Internacio...,current_clean,short_long,0.5556,0.0,Relaciones Internacionales,El Resurgimiento de los Nacionalismos : el Caso de Irlanda del Norte | Análisis del Conflicto Politico Irlandes-ingles Desde UN Punto de Vista Geograf... | Análisis del Conflicto Irlandes
micro,Area 3,Area3_M08,Area3_M08.json,C549,7,Algunas Consideraciones Legales - Derecho,Algunas Consideraciones Legales -...,Algunas Consideraciones Legales - Derecho,Algunas Consideraciones Legales -...,current_clean,short_long,1.0,0.0,Derecho,"La Guerra de Vietnam y el Derecho Internacional | Algunas Consideraciones Legales Sobre la Presencia de Estados Unidos en Vietnam | La Reforma Economica de Vietnam, UN Paso de Avance en los Esfuerzos Estabilizad..."
micro,Area 3,Area3_M08,Area3_M08.json,C675,6,Estado Bienestar - Relaciones Internacionales,Estado Bienestar - Relaciones INT...,Estado Bienestar - Relaciones Internacionales,Estado Bienestar - Relaciones Int...,current_clean,short_long,1.0,0.0,Relaciones Internacionales,Socialdemocracia y la Reestructuración del Estado de Bienestar en Suecia | El Estado de Bienestar y el Desarrollo Humano en los Países Nórdicos : Evolució... | El Papel del Estado y de los Ciudadanos para la Permanencia y Reproducción del...
micro,Area 3,Area3_M08,Area3_M08.json,C794,5,Confederacion Suiza - Relaciones Internacionales,Confederacion Suiza - Relaciones...,Confederacion Suiza - Relaciones Internacionales,Confederacion Suiza - Relaciones...,current_clean,short_long,0.6,0.0,Relaciones Internacionales,"Cultura Política y Cohesion Social : el Caso de la Confederacion Suiza | Cimas del Bienestar : Termas en Adelboden, Suiza | Suiza : Bello Lugar. Futuro Incierto"
micro,Area 3,Area3_M09,Area3_M09.json,C143,232,Adopcion Internacional - Derecho,Adopcion Internacional - Derecho,Adopcion Internacional - Derecho,Adopcion Internacional - Derecho,current_clean,,0.9741,0.0,Derecho,Adopcion Internacional | La Adopcion | La Adopcion por Comportamiento
micro,Area 3,Area3_M09,Area3_M09.json,C341,17,Residencia Terapia Familiar - Psicología,Residencia Terapia Familiar - PSI...,Residencia Terapia Familiar - Psicología,Residencia Terapia Familiar - Psi...,current_clean,short_long,0.5882,0.0,Psicología,Residencia en Terapia Familiar Sistemica
micro,Area 3,Area3_M09,Area3_M09.json,C396,15,Residencia Terapia - Psicología,Residencia Terapia - Psicología,Residencia Terapia - Psicología,Residencia Terapia - Psicología,current_clean,,0.6667,0.0,Psicología,Residencia en Terapia Familiar Sistémica | Residencia en Terapia Familiar | Residencia en Terapia Familiar : Reporte de Experiencia Profesional
micro,Area 4,Area4_M00,Area4_M00.json,C5,11291,Centro Parroquial - Filosofia,Centro Parroquial - Filosofia,Centro Parroquial - Filosofia,Centro Parroquial - Filosofia,current_clean,,0.6439,0.0,Filosofia,Centro Parroquial | Centro Parroquial en el Estado de México | Centro Cultural Santa FE
micro,Por clasificar,Area4_M00,Area4_M00.json,C197,39,C197 - Cirujano Dentista,C197 - Cirujano Dentista,C197 - Cirujano Dentista,C197 - Cirujano Dentista,current_clean,,0.6154,0.0,Cirujano Dentista,Ortodoncia Preventiva | Ortodoncia Preventiva | Ortodoncia Preventiva
micro,Area 4,Area4_M00,Area4_M00.json,C550,7,Harry Potter - Ciencias de la Comunicación,Harry Potter - Ciencias de la COM...,Harry Potter - Ciencias de la Comunicación,Harry Potter - Ciencias de la Com...,current_clean,short_long,0.5714,0.0,Ciencias de la Comunicación,"Harry Potter Como Heroe* | Quimera y Realidad en el Mundo de Harry Potter | Harry Potter, el Héroe QUE Falla : Modificaciones A la Figura Heroica"
micro,Area 4,Area4_M00,Area4_M00.json,C607,6,Estor Jordan - Biología,Estor Jordan - Biología,Estor Jordan - Biología,Estor Jordan - Biología,current_clean,low_area_purity,0.3333,0.0,Biología,"Investigaciones Relacionadas con el Cultivo del Pescado Blanco de Patzcuaro (Ch... | Análisis Textual de la Verdadera Historia de los Peces Blancos de Patzcuaro | El PEZ Blanco, UNA Especie en Peligro de Extincion : Radioreportaje"
micro,Area 4,Area4_M00,Area4_M00.json,C611,6,Virginia Woolf - Lengua y Literaturas Modern...,Virginia Woolf - Lengua y Literat...,Virginia Woolf - Lengua y Literaturas Modern...,Virginia Woolf - Lengua y Literat...,current_clean,short_long,1.0,0.0,Lengua y Literaturas Modernas Inglesas,Virginia Woolf y la Novela Femenina | Intento de Apreciacion Critica en AL Faro de Virginia Woolf | El Recurso Poetico en Cuatro Novelas Experimentales de Virginia Woolf
micro,Area 4,Area4_M00,Area4_M00.json,C657,6,Pensamiento Magico - Historia,Pensamiento Magico - Historia,Pensamiento Magico - Historia,Pensamiento Magico - Historia,current_clean,,0.6667,0.0,Historia,Ambiente Social y Mentalidad Mágica : (las Bases del Pensamiento Mágico en el M... | El Origen y la Reconstrucción del Mito Guadalupano Como Medio de Control Social... | UNA Mirada A la Otredad en el Realismo Mágico en México A Finales del Siglo XX...
micro,Area 4,Area4_M00,Area4_M00.json,C688,5,Pacheco Sangre Medusa - Lengua y Literaturas Hispan...,Pacheco Sangre Medusa - Lengua y...,Pacheco Sangre Medusa - Lengua y Literaturas Hispan...,Pacheco Sangre Medusa - Lengua y...,current_clean,short_long,0.6,0.0,Lengua y Literaturas Hispanicas,"La Mirada de Medusa : Ernesto Betancourt | UNA Mirada A la Narrativa de Pacheco : la Sangre de Medusa | Análisis de la Reescritura de DOS Cuentos de José Emilio Pacheco : ""la Sangre d..."
micro,Area 4,Area4_M00,Area4_M00.json,C758,5,Corte Justicia Nacion - Diseño Grafico,Corte Justicia Nacion - Diseño GR...,Corte Justicia Nacion - Diseño Grafico,Corte Justicia Nacion - Diseño Gr...,current_clean,short_long,0.6,0.0,Diseño Grafico,Identidad Gráfica del Centro de Documentacion y Análisis Suprema Corte de Justi... | La Comunicación Organizacional Como Apoyo A la Reingenieria. Caso : Suprema Cor... | El Periodico Mural : UNA Alternativa de Comunicación en la Suprema Corte de Jus...
micro,Area 4,Area4_M00,Area4_M00.json,C877,5,Modernizacion Sistema Iluminacion - Ingeniería Mecáni...,Modernizacion Sistema Iluminacion...,Modernizacion Sistema Iluminacion - Ingeniería Mecáni...,Modernizacion Sistema Iluminacion...,current_clean,short_long,0.6,0.0,Ingeniería Mecánica Eléctrica,Proyecto de Modernizacion del Sistema de Iluminacion del Modulo de Extension Un... | El Quehacer Historico de Tito Livio A la LUZ del Libro V de AB Verde Condita (E... | La Teoría de la Iluminacion en el Maestro de SAN Agustin
micro,Area 4,Area4_M01,Area4_M01.json,C21,5649,Nacional Antropología - Artes Visuales,Nacional Antropología - Artes VIS...,Nacional Antropología - Artes Visuales,Nacional Antropología - Artes Vis...,current_clean,short_long,0.5716,0.0,Artes Visuales,Instituto Nacional de Antropología e Historia | Floating TOY Museum | Análisis del Mural en la Obra de Diego Rivera Sueno de UNA Tarde Dominical en l...
micro,Area 4,Area4_M01,Area4_M01.json,C190,45,AMA Esto Dejalo - Psicología,AMA Esto Dejalo - Psicología,AMA Esto Dejalo - Psicología,AMA Esto Dejalo - Psicología,current_clean,,0.4889,0.0,Psicología,"Tatuaje UNA Expresion de la Violencia Contemporanea | Apuntes Sobre el Tatuaje | ""AMA Esto O Déjalo"" : Reflexiones Sociológicas Acerca del Oficio de Tatuador en..."
micro,Area 4,Area4_M01,Area4_M01.json,C449,10,Impresiones Digitales - Artes Visuales,Impresiones Digitales - Artes VIS...,Impresiones Digitales - Artes Visuales,Impresiones Digitales - Artes Vis...,current_clean,short_long,0.5,0.0,Artes Visuales,"De la Expresión Gráfica Espontánea Hacia Algunas Técnicas del Grabado | Reactivos para Revelar Impresiones Digitales, Sobre Todo en Papel | El Grabado y la Estampa, Sensaciones en el Mundo de la Gráfica : Reportaje"
micro,Area 4,Area4_M01,Area4_M01.json,C497,8,Arte Clown - Literatura Dramatica y Teat...,Arte Clown - Literatura Dramatica...,Arte Clown - Literatura Dramatica y Teat...,Arte Clown - Literatura Dramatica...,current_clean,short_long,0.75,0.0,Literatura Dramatica y Teatro,Propuesta de Actividades para Realizar UN Taller de Aprendizaje de la Tecnica d... | La Dramaturgia del Clown : UN Acercamiento Teórico AL Arte del Clown A Partir d... | El Teatro Desde la Visión del Clown
micro,Area 4,Area4_M01,Area4_M01.json,C567,7,Servicio Mesa - Periodismo y Comunicación C...,Servicio Mesa - Periodismo y Comu...,Servicio Mesa - Periodismo y Comunicación C...,Servicio Mesa - Periodismo y Comu...,current_clean,short_long,0.4286,0.0,Periodismo y Comunicación Colectiva,Sobre la Mesa del DIA | Servicio para Mesa Tona | Linea de Articulos para el Servicio de Mesa
micro,Area 4,Area4_M01,Area4_M01.json,C625,6,Composicion,Composicion,Composicion,Composicion,current_clean,,1.0,0.0,Composicion,"Notas AL Programa y Composiciones | Notas AL Programa, Obras de Galo Ortiz"
micro,Area 4,Area4_M01,Area4_M01.json,C731,5,Sistema Senalizacion - Diseño Industrial,Sistema Senalizacion - Diseño IND...,Sistema Senalizacion - Diseño Industrial,Sistema Senalizacion - Diseño Ind...,current_clean,short_long,0.6,0.0,Diseño Industrial,Sistema de Senalizacion | Metodologia y Análisis de UN Diseño de Senalizacion | Proyecto de Senalizacion Itam
micro,Area 4,Area4_M01,Area4_M01.json,C813,5,Pensamiento Critico - Psicología,Pensamiento Critico - Psicología,Pensamiento Critico - Psicología,Pensamiento Critico - Psicología,current_clean,,0.8,0.0,Psicología,Evaluación de Pensamiento Crítico y Pensamiento Creativo | Experimentar la Instalación Artística Como Espacio Detonador del Pensamiento Cr... | Conceptos Básicos para el Desarrollo del Pensamiento Crítico en el Diseñador Gr...
micro,Area 4,Area4_M02,Area4_M02.json,C31,4675,Grabacion Música Mexicana - Ciencias de la Comunicaci...,Grabacion Música Mexicana - Cienc...,Grabacion Música Mexicana - Ciencias de la Comunicaci...,Grabacion Música Mexicana - Cienc...,current_clean,short_long;low_area_purity,0.3814,0.0,Ciencias de la Comunicación,Conservatorio Nacional de Música | Intérprete en la Grabación de Música Mexicana | La Problematica del Ruido
micro,Area 4,Area4_M03,Area4_M03.json,C35,4480,Oral Escrita - Psicología,Oral Escrita - Psicología,Oral Escrita - Psicología,Oral Escrita - Psicología,current_clean,low_area_purity,0.3929,0.0,Psicología,"Patologia de la Lengua | Lesiones, Alteraciones y Enfermedades de la Lengua | Biblioteca Facultad de Ciencias"
micro,Area 4,Area4_M03,Area4_M03.json,C355,16,C355 - Instrumentista,C355 - Instrumentista,C355 - Instrumentista,C355 - Instrumentista,current_clean,,1.0,0.0,Instrumentista,Notas AL Programa
micro,Area 4,Area4_M03,Area4_M03.json,C356,16,C356 - Instrumentista,C356 - Instrumentista,C356 - Instrumentista,C356 - Instrumentista,current_clean,,1.0,0.0,Instrumentista,Notas AL Programa
micro,Area 4,Area4_M03,Area4_M03.json,C617,6,C617 - Instrumentista,C617 - Instrumentista,C617 - Instrumentista,C617 - Instrumentista,current_clean,,1.0,0.0,Instrumentista,Notas AL Programa
micro,Area 4,Area4_M03,Area4_M03.json,C649,6,C649 - Instrumentista,C649 - Instrumentista,C649 - Instrumentista,C649 - Instrumentista,current_clean,,1.0,0.0,Instrumentista,Notas AL Programa
micro,Area 4,Area4_M03,Area4_M03.json,C810,5,Cartel Actividades Paraescolares - Diseño Grafico,Cartel Actividades Paraescolares...,Cartel Actividades Paraescolares - Diseño Grafico,Cartel Actividades Paraescolares...,current_clean,short_long,0.6,0.0,Diseño Grafico,Propuesta de Cartel para las Actividades Paraescolares del Semestre 95-a en el... | Cartel Promocional del Centro de Orientacion Educativa (COE) de la Direccion Ge... | Plan Publicitario para la Escuela Primaria Particular Colegio General Manuel Áv...
micro,Area 4,Area4_M03,Area4_M03.json,C833,5,Clasificacion Decimal Dewey - Bibliotecologia,Clasificacion Decimal Dewey - BIB...,Clasificacion Decimal Dewey - Bibliotecologia,Clasificacion Decimal Dewey - Bib...,current_clean,short_long,1.0,0.0,Bibliotecologia,Introduccion A la Teoría y A la Práctica de la Clasificacion Decimal de Dewey:... | Guía Práctica del Sistema de Clasificación Decimal Dewey | La Secuencia NO Natural en la Clasificación Decimal Dewey
micro,Area 4,Area4_M04,Area4_M04.json,C66,2993,Literatura Mexicana - Lengua y Literaturas Hispan...,Literatura Mexicana - Lengua y LI...,Literatura Mexicana - Lengua y Literaturas Hispan...,Literatura Mexicana - Lengua y Li...,current_clean,short_long,0.6098,0.0,Lengua y Literaturas Hispanicas,Odontología Prehispanica en México | Informe Académico por Servicio Social en el Programa de Apoyo A la Comisión de... | Relación Publico Lector-prensa en la Ciudad de México y SU Vinculacion Ideologi...
micro,Area 4,Area4_M04,Area4_M04.json,C466,10,Tornado Comunidad - Geografía,Tornado Comunidad - Geografía,Tornado Comunidad - Geografía,Tornado Comunidad - Geografía,current_clean,,1.0,0.0,Geografía,Contribucion AL Conocimiento y Reconocimiento de la Existencia de los Tornados... | La Emergencia y las Condiciones Meteorolgicas del DA 16 de Abril de 2006 en el... | El Proceso de la Emergencia Ante UN Tornado : el Caso de la Comunidad la Peñuel...
micro,Area 4,Area4_M04,Area4_M04.json,C702,5,Historia de las Artes Plasticas,Historia de las Artes Plasticas,Historia de las Artes Plasticas,Historia de las Artes Plasticas,current_clean,,0.6,0.0,Historia de las Artes Plasticas,"Wolfgang Paalen : Introductor del Surrealismo en México | El Surrealismo en México: Alice Rahón, Remedios Varo y Leonora Carrington | Los Surrealistas en México : Reportaje"
micro,Area 4,Area4_M04,Area4_M04.json,C749,5,Evaluación y Conservacion de Recursos Natura,Evaluación y Conservacion de Recu...,Evaluación y Conservacion de Recursos Natura,Evaluación y Conservacion de Recu...,current_clean,short_long,0.6,0.0,Evaluación y Conservacion de Recursos Naturales,"Dinámica Geomorfológica del Valle de Zapotlan y de la Sierra del Tigre (Jalisco) | Proyecto de la Presa de Almacenamiento el Tigre, EDO. de México | Vida de UN Tigre. UNA Nueva Vision Sobre el Historiador Mexicano Joaquin Garcia..."
micro,Area 4,Area4_M05,Area4_M05.json,C130,371,Escuela Danza - Arquitectura,Escuela Danza - Arquitectura,Escuela Danza - Arquitectura,Escuela Danza - Arquitectura,current_clean,,0.4367,0.0,Arquitectura,"Academia de Danza en el Puerto de Ensenada, B.C. | Escuela de Danza | Centro Universitario de Danza"
micro,Area 4,Area4_M05,Area4_M05.json,C395,15,Poesia Flamenco - Letras,Poesia Flamenco - Letras,Poesia Flamenco - Letras,Poesia Flamenco - Letras,current_clean,,0.8,0.0,Letras,"La Poesía y el Flamenco Manuel Machado, José Bergamín y García Lorca | El Flamenco en México | El Duende en el Ritual Flamenco : el Jaleo"
