level,area,macro_id,source_file,node_id,size,current_label,current_short_label,suggested_label,suggested_short_label,suggestion_rule,issue_flags,dominant_area_share,interdisciplinarity,programs_top,sample_titles
macro,Area 2,Area2_M02,macro,Area2_M02,88410,"Medicina Clínica, Cirugía y Especialidades","Medicina Clínica, Cirugía y Espec...","Medicina Clínica, Cirugía y Especialidades","Medicina Clínica, Cirugía y Espec...",current_clean,short_long,0.8959,0.1041,Cardiologia,
macro,Area 2,Area2_M00,macro,Area2_M00,29410,"Química, Ingeniería Química y Procesos","Química, Ingeniería Química y PRO...","Química, Ingeniería Química y Procesos","Química, Ingeniería Química y Pro...",current_clean,short_long,0.5959,0.4041,Ingeniería Química,
macro,Area 2,Area2_M13,macro,Area2_M13,17152,"Veterinaria, Producción Animal y Biología Aplicada","Veterinaria, Producción Animal y...","Veterinaria, Producción Animal y Biología Aplicada","Veterinaria, Producción Animal y...",current_clean,short_long,0.827,0.173,Medicina Veterinaria y Zootecnia,
macro,Area 2,Area2_M05,macro,Area2_M05,13447,"Biomedicina, QFB e Infectología","Biomedicina, QFB e Infectología","Biomedicina, QFB e Infectología","Biomedicina, QFB e Infectología",current_clean,,0.8749,0.1252,Medicina Veterinaria y Zootecnia,
macro,Area 2,Area2_M04,macro,Area2_M04,8909,"Psicología Clínica, Salud Familiar y Psiquiatría","Psicología Clínica, Salud Familia...","Psicología Clínica, Salud Familiar y Psiquiatría","Psicología Clínica, Salud Familia...",current_clean,short_long,0.7098,0.2902,Medicina Familiar,
macro,Area 2,Area2_M06,macro,Area2_M06,8051,"Oncología, Urología y Patología Clínica","Oncología, Urología y Patología C...","Oncología, Urología y Patología Clínica","Oncología, Urología y Patología C...",current_clean,short_long,0.9283,0.0717,Cirujano Dentista,
macro,Area 2,Area2_M08,macro,Area2_M08,7944,"Ginecología, Obstetricia y Neonatología","Ginecología, Obstetricia y Neonat...","Ginecología, Obstetricia y Neonatología","Ginecología, Obstetricia y Neonat...",current_clean,short_long,0.9206,0.0794,Ginecologia y Obstetricia,
macro,Area 2,Area2_M01,macro,Area2_M01,6461,"Biomedicina, Neurociencias y Ciencias Biológicas","Biomedicina, Neurociencias y Cien...","Biomedicina, Neurociencias y Ciencias Biológicas","Biomedicina, Neurociencias y Cien...",current_clean,short_long,0.7694,0.2306,Biología,
macro,Area 2,Area2_M07,macro,Area2_M07,5222,"Medicina Familiar, Interna y Urgencias","Medicina Familiar, Interna y Urge...","Medicina Familiar, Interna y Urgencias","Medicina Familiar, Interna y Urge...",current_clean,short_long,0.9334,0.0666,Medicina Familiar,
macro,Area 2,Area2_M11,macro,Area2_M11,4367,"Bioquímica, Alimentos y Biotecnología","Bioquímica, Alimentos y Biotecnol...","Bioquímica, Alimentos y Biotecnología","Bioquímica, Alimentos y Biotecnol...",current_clean,short_long,0.6129,0.3871,Biología,
macro,Area 2,Area2_M14,macro,Area2_M14,2724,"Psicología, Salud y Práctica Clínica","Psicología, Salud y Práctica Clín...","Psicología, Salud y Práctica Clínica","Psicología, Salud y Práctica Clín...",current_clean,short_long,0.5658,0.4342,Psicología,
macro,Area 2,Area2_M10,macro,Area2_M10,1429,"Cirugía, Endocrinología e Imagenología","Cirugía, Endocrinología e Imageno...","Cirugía, Endocrinología e Imagenología","Cirugía, Endocrinología e Imageno...",current_clean,short_long,0.9803,0.0197,Cirugía General,
macro,Area 2,Area2_M12,macro,Area2_M12,1340,Reumatología e Inmunología Clínica,Reumatología e Inmunología Clínica,Reumatología e Inmunología Clínica,Reumatología e Inmunología Clínica,current_clean,,0.9715,0.0285,Reumatologia,
macro,Area 2,Area2_M03,macro,Area2_M03,1331,"Medicina General, Neumología e Infectología","Medicina General, Neumología e IN...","Medicina General, Neumología e Infectología","Medicina General, Neumología e In...",current_clean,short_long,0.8948,0.1052,Medico Cirujano,
macro,Area 2,Area2_M09,macro,Area2_M09,969,"Salud Materna, Dental y Medicina Familiar","Salud Materna, Dental y Medicina...","Salud Materna, Dental y Medicina Familiar","Salud Materna, Dental y Medicina...",current_clean,short_long,0.7855,0.2145,Ginecologia y Obstetricia,
meso,Area 2,Area2_M00,Area2_M00.json,C3,11642,Sintesis Caracterizacion - Ingeniería Química,Sintesis Caracterizacion - Ingeni...,Sintesis Caracterizacion - Ingeniería Química,Sintesis Caracterizacion - Ingeni...,current_clean,short_long,0.6924,0.0,Ingeniería Química,Simulación de UN Reactor de Oxicloración de Etileno | Estudio Tecnico Economico para la Instalacion de UNA Planta Productora de Propi... | Análisis Economico y Planeacion de UNA Planta Productora de Nitrogeno
meso,Area 2,Area2_M00,Area2_M00.json,C46,3927,Tecnico Economico - Ingeniería Química,Tecnico Economico - Ingeniería QU...,Tecnico Economico - Ingeniería Química,Tecnico Economico - Ingeniería Qu...,current_clean,short_long,0.4708,0.0,Ingeniería Química,Clarificacion y Encalado de los Jugos de Cana | Determinación de Metales en Jugos Naturales y Enlatados por Absorcion Atomica | Proyecto y Evaluación Economica de UNA Fabrica de Dulces
meso,Area 2,Area2_M00,Area2_M00.json,C51,3747,Ingeniería Química Metalurgica,Ingeniería Química Metalurgica,Ingeniería Química Metalurgica,Ingeniería Química Metalurgica,current_clean,,0.4182,0.0,Ingeniería Química Metalurgica,Generalidades en Amalgama de Plata | Protesis Fija en Porcelana | Proposición del Metal Pulverizado y Compactado Como Sustituto de la Laminación...
meso,Area 2,Area2_M00,Area2_M00.json,C57,3341,Pasos Elaboracion Prostodoncia - Cirujano Dentista,Pasos Elaboracion Prostodoncia -...,Pasos Elaboracion Prostodoncia - Cirujano Dentista,Pasos Elaboracion Prostodoncia -...,current_clean,short_long;low_area_purity,0.3834,0.0,Cirujano Dentista,Labio Hendido | Pasos para la Elaboracion de UNA Prostodoncia Total | Enfisema Lobar Congenito
meso,Area 2,Area2_M00,Area2_M00.json,C80,2448,Industria Textil - Química Farmacéutico Biológ...,Industria Textil - Química Farmac...,Industria Textil - Química Farmacéutico Biológ...,Industria Textil - Química Farmac...,current_clean,short_long;low_area_purity,0.3987,0.0,Química Farmacéutico Biológica,"Estudio de Factibilidad para la Instalacion de UNA Planta de Hielo en la PAZ, B... | Las Reglas de Origen Como Factor de Integracion Regional de la Cadena Textil | Diseño y Construccion de UN Colorimetro"
meso,Area 2,Area2_M00,Area2_M00.json,C84,2196,Resinas Compuestas - Cirujano Dentista,Resinas Compuestas - Cirujano DEN...,Resinas Compuestas - Cirujano Dentista,Resinas Compuestas - Cirujano Den...,current_clean,short_long,0.7659,0.0,Cirujano Dentista,Materiales de Obturacion en Odontología | Principios Fundamentales en la Práctica de la Protesis Fija de Coronas y Piezas... | Selladores de Fosetas y Fisuras
meso,Area 2,Area2_M00,Area2_M00.json,C161,110,Terceros Molares - Cirujano Dentista,Terceros Molares - Cirujano Denti...,Terceros Molares - Cirujano Dentista,Terceros Molares - Cirujano Denti...,current_clean,short_long,0.8273,0.0,Cirujano Dentista,Extraccion Quirurgica de Terceros Molares Inferiores Retenidos | Extraccion de los Terceros Molares Inferiores Retenidos | Extraccion Quirurgica de los Terceros Molares Inferiores Incluidos
meso,Area 2,Area2_M01,Area2_M01.json,C30,4748,Cerebro Raton - Biología,Cerebro Raton - Biología,Cerebro Raton - Biología,Cerebro Raton - Biología,current_clean,,0.7376,0.0,Biología,Susceptibilidad del Ratón CD1 ET | Sistema Experto Tutorial de Redes Neuronales Artificiales | Papel de la Glutamato Sintasa en Saccharomyces Cerevisiae
meso,Area 2,Area2_M01,Area2_M01.json,C110,1050,Espectro Autista - Psicología,Espectro Autista - Psicología,Espectro Autista - Psicología,Espectro Autista - Psicología,current_clean,,0.681,0.0,Psicología,"Amiloidosis Cutanea Primitiva : Revision de Cinco Años | Depresión, Sobrecarga y Ansiedad en Cuidadores de Pacientes con Demencia en ""Al... | Autismo"
meso,Area 2,Area2_M01,Area2_M01.json,C121,663,Neurología Pediatrica,Neurología Pediatrica,Neurología Pediatrica,Neurología Pediatrica,current_clean,,0.902,0.0,Neurología Pediatrica,La Vaguectomia Tiroidea en el Tratamiento de la Epilepsia | Ligeras Consideraciones Sobre la Patogenia de la Epilepsia | Epilepsia y Embarazo
meso,Area 2,Area2_M02,Area2_M02.json,C11,7607,Cardiologia,Cardiologia,Cardiologia,Cardiologia,current_clean,,0.9579,0.0,Cardiologia,Cardiopatia y Embarazo | Alteraciones Electrocardiograficas en Pacientes con Enfermedades Neurologicas | Paro Cardiaco
meso,Area 2,Area2_M02,Area2_M02.json,C19,6541,Hospital Regional - Cirugía General,Hospital Regional - Cirugía Gener...,Hospital Regional - Cirugía General,Hospital Regional - Cirugía Gener...,current_clean,short_long,0.9771,0.0,Cirugía General,Embarazo Abdominal | Complicaciones en Cirugía Gastrica | La Exploracion Funcional del Estomago
meso,Area 2,Area2_M02,Area2_M02.json,C24,5538,Enfermeria y Obstetricia,Enfermeria y Obstetricia,Enfermeria y Obstetricia,Enfermeria y Obstetricia,current_clean,,0.647,0.0,Enfermeria y Obstetricia,Centro de Salud | Residencia en Medicina Conductual | Análisis de Procesos e Implantacion del Modelo ABC para el Control de Inventari...
meso,Area 2,Area2_M02,Area2_M02.json,C25,5396,Anestesiología,Anestesiología,Anestesiología,Anestesiología,current_clean,,0.9705,0.0,Anestesiología,Anestesia Local | Anestesia en la Práctica Odontologica | Diferencia del Consumo de Opioide Entre DOS Esquemas de Analgesia Multimodal pa...
meso,Area 2,Area2_M02,Area2_M02.json,C28,5175,Hospital Infantil Federico - Pediatría,Hospital Infantil Federico - Pedi...,Hospital Infantil Federico - Pediatría,Hospital Infantil Federico - Pedi...,current_clean,short_long,0.8073,0.0,Pediatría,Encajando Conos en Hiperespacios | Comparacion de Metolazone y Furosemide en el Tratamiento del Edema Secundario A... | Seguimiento y Valoracion en el Tratamiento de la Enterocolitis Necrosante
meso,Area 2,Area2_M02,Area2_M02.json,C29,4858,Caries Dental - Cirujano Dentista,Caries Dental - Cirujano Dentista,Caries Dental - Cirujano Dentista,Caries Dental - Cirujano Dentista,current_clean,,0.8726,0.0,Cirujano Dentista,Riesgos y Complicaciones Inmediatas AL Procedimiento de Extracción Dental | Cementos Dentales | Terapéutica Pulpar en Dientes Temporales y Permanentes Jovenes
meso,Area 2,Area2_M02,Area2_M02.json,C33,4633,Enfermedades Respiratorias - Pediatría,Enfermedades Respiratorias - Pedi...,Enfermedades Respiratorias - Pediatría,Enfermedades Respiratorias - Pedi...,current_clean,short_long,0.9443,0.0,Pediatría,Diagnóstico de Conexión Anomala de Venas Pulmonares por Ecocardiografía Versus... | Evaluación Funcional Respiratoria en Niños Mayores de 5 Años con Antecedente de... | Manejo Anestesico del Paciente Hipertenso
meso,Area 2,Area2_M02,Area2_M02.json,C36,4390,Ortopedia,Ortopedia,Ortopedia,Ortopedia,current_clean,,0.9508,0.0,Ortopedia,Tratamiento de las Fracturas del Cuello Anatomico del Femur por el Enclavijamie... | Osteomielitis de los Maxilares | Osteogenesis Imperfecta
meso,Area 2,Area2_M02,Area2_M02.json,C37,4358,Instituto Nacional Neurología - Cirujano Dentista,Instituto Nacional Neurología - C...,Instituto Nacional Neurología - Cirujano Dentista,Instituto Nacional Neurología - C...,current_clean,short_long,0.9045,0.0,Cirujano Dentista,"Evaluación Funcional de los Pacientes Postoperados de Malformacion Anorectal Al... | ""Atención Multidisciplinaria en Pacientes con Diagnóstico de Infarto Cerebral A... | Cambios en el Análisis de Marcha en Pacientes con Parálisis Cerebral Posterior..."
meso,Area 2,Area2_M02,Area2_M02.json,C59,3319,Tratamiento Parodontal - Cirujano Dentista,Tratamiento Parodontal - Cirujano...,Tratamiento Parodontal - Cirujano Dentista,Tratamiento Parodontal - Cirujano...,current_clean,short_long,0.784,0.0,Cirujano Dentista,Manejo del Recien Nacido con Labio y Paladar Hendido | La Odontopediatria en la Práctica General | Principios de Odontopediatria
meso,Area 2,Area2_M02,Area2_M02.json,C65,3048,Nefrologia,Nefrologia,Nefrologia,Nefrologia,current_clean,,0.9698,0.0,Nefrologia,Incidencia y Evolución de la Lesión Renal Aguda en Pacientes Hospitalizados en... | Evaluación del Estado Bioquimico de Pacientes Pediatricos con Insuficiencia Ren... | Utilidad de la Fórmula de Cockroft-gault para Detectar Insuficiencia Renal en P...
meso,Area 2,Area2_M02,Area2_M02.json,C67,2967,Desprendimiento Retina - Oftalmologia,Desprendimiento Retina - Oftalmol...,Desprendimiento Retina - Oftalmologia,Desprendimiento Retina - Oftalmol...,current_clean,short_long,0.8743,0.0,Oftalmologia,Desprendimiento de Retina Regmatogeno : Análisis de Resultados Anatomicos y Fun... | Oclusion de Vena Central de la Retina | Oftalmia Simpatica
meso,Area 2,Area2_M02,Area2_M02.json,C74,2559,Dermatologia,Dermatologia,Dermatologia,Dermatologia,current_clean,,0.9547,0.0,Dermatologia,Asma Bronquial | Psoriasis | Sinusitis
meso,Area 2,Area2_M02,Area2_M02.json,C76,2529,Odontología Pediatrica - Cirujano Dentista,Odontología Pediatrica - Cirujano...,Odontología Pediatrica - Cirujano Dentista,Odontología Pediatrica - Cirujano...,current_clean,short_long,0.8913,0.0,Cirujano Dentista,"Hospital Materno Infantil en Puebla, PUE | Parodoncia en Ninos | Estudio Epidemiologico del Paciente Hospitalizado en el Servicio de Urgencias P..."
meso,Area 2,Area2_M02,Area2_M02.json,C77,2470,Trastornos Hemorragicos - Cirujano Dentista,Trastornos Hemorragicos - Cirujan...,Trastornos Hemorragicos - Cirujano Dentista,Trastornos Hemorragicos - Cirujan...,current_clean,short_long,0.947,0.0,Cirujano Dentista,Enfermedad de Niemann-pick | Infecciones Fúngicas Invasivas en Niños con Cáncer en el Instituto Nacional de... | Hemorragia Bucal
meso,Area 2,Area2_M02,Area2_M02.json,C82,2334,Cirrosis Hepatica - Cirugía General,Cirrosis Hepatica - Cirugía Gener...,Cirrosis Hepatica - Cirugía General,Cirrosis Hepatica - Cirugía Gener...,current_clean,short_long,0.9644,0.0,Cirugía General,Histopatologia Pulpar | Hepatitis Intercelular | Hepatitis Cronica
meso,Area 2,Area2_M02,Area2_M02.json,C85,2151,Cavidad Oral - Cirujano Dentista,Cavidad Oral - Cirujano Dentista,Cavidad Oral - Cirujano Dentista,Cavidad Oral - Cirujano Dentista,current_clean,,0.7903,0.0,Cirujano Dentista,Lesiones Blancas de la Mucosa Bucal | Rehabilitacion Oral | Habitos Orales
meso,Area 2,Area2_M02,Area2_M02.json,C86,2134,Lesiones Cervicales - Ginecologia y Obstetricia,Lesiones Cervicales - Ginecologia...,Lesiones Cervicales - Ginecologia y Obstetricia,Lesiones Cervicales - Ginecologia...,current_clean,short_long,0.9569,0.0,Ginecologia y Obstetricia,Prolactinoma y Embarazo | Vulvovaginitis en Pediatría | Lesiones Quisticas
meso,Area 2,Area2_M02,Area2_M02.json,C88,1999,Protesis Fija - Cirujano Dentista,Protesis Fija - Cirujano Dentista,Protesis Fija - Cirujano Dentista,Protesis Fija - Cirujano Dentista,current_clean,,0.8554,0.0,Cirujano Dentista,Injerto Gingival Libre | Protesis Removible | Principios Fundamentales en Protesis Fija
meso,Area 2,Area2_M02,Area2_M02.json,C89,1996,Exploracion Sanitaria Municipio - Medico Cirujano,Exploracion Sanitaria Municipio -...,Exploracion Sanitaria Municipio - Medico Cirujano,Exploracion Sanitaria Municipio -...,current_clean,short_long,0.9659,0.0,Medico Cirujano,"Exploracion Sanitaria del Municipio de Villanueva, Zacatecas | Estudio Sanitario del Municipio de Coeneo, Michoacan | Informe General de la Exploracion Sanitaria de Estacion Santa Engracia Dependie..."
meso,Area 2,Area2_M02,Area2_M02.json,C92,1831,Seno Maxilar - Cirujano Dentista,Seno Maxilar - Cirujano Dentista,Seno Maxilar - Cirujano Dentista,Seno Maxilar - Cirujano Dentista,current_clean,,0.8897,0.0,Cirujano Dentista,Crecimiento y Desarrollo Craneo Facial | Fracturas de los Maxilares | Fracturas del Tercio Inferior de la Cara
meso,Area 2,Area2_M02,Area2_M02.json,C98,1371,Otorrinolaringologia,Otorrinolaringologia,Otorrinolaringologia,Otorrinolaringologia,current_clean,,0.8191,0.0,Otorrinolaringologia,Adenomiosis | Funcion de la Trompa de Eustaquio en Pacientes Postplastia de Paladar Hendido | Evaluación Clínica Comparativa Posterior A Tratamiento Topico en el Oido Cronic...
meso,Area 2,Area2_M02,Area2_M02.json,C102,1251,Enfermedad Periodontal - Cirujano Dentista,Enfermedad Periodontal - Cirujano...,Enfermedad Periodontal - Cirujano Dentista,Enfermedad Periodontal - Cirujano...,current_clean,short_long,0.8777,0.0,Cirujano Dentista,Injertos Periodontales | Alteraciones de la Articulacion Temporomandibular | Articulacion Temporomandibular Dolorosa
meso,Area 2,Area2_M02,Area2_M02.json,C106,1117,Anemia Prematuro - Química Farmacéutico Biológ...,Anemia Prematuro - Química Farmac...,Anemia Prematuro - Química Farmacéutico Biológ...,Anemia Prematuro - Química Farmac...,current_clean,short_long,0.9463,0.0,Química Farmacéutico Biológica,Toxoplasmosis Ocular | Utilidad de la Aplicacion de Vitamina K en el Recien Nacido | Determinar las Frecuencias de Anticuerpos Autoinmunes y de Aloanticuerpos en Pa...
meso,Area 2,Area2_M02,Area2_M02.json,C115,847,Ortodoncia Preventiva - Cirujano Dentista,Ortodoncia Preventiva - Cirujano...,Ortodoncia Preventiva - Cirujano Dentista,Ortodoncia Preventiva - Cirujano...,current_clean,short_long,0.8536,0.0,Cirujano Dentista,Principios Basicos de Ortodoncia | Generalidades en Ortodoncia Preventiva | Conceptos Generales de Ortodoncia Preventiva
meso,Area 2,Area2_M02,Area2_M02.json,C122,605,Consideraciones Endodoncia - Cirujano Dentista,Consideraciones Endodoncia - Ciru...,Consideraciones Endodoncia - Cirujano Dentista,Consideraciones Endodoncia - Ciru...,current_clean,short_long,0.795,0.0,Cirujano Dentista,Conceptos Generales de Endodoncia | Conceptos Generales en Endodoncia | Estabilizadores Endodonticos Intraoseos
meso,Area 2,Area2_M02,Area2_M02.json,C132,337,Cirugía Plastica y Reconstructiva,Cirugía Plastica y Reconstructiva,Cirugía Plastica y Reconstructiva,Cirugía Plastica y Reconstructiva,current_clean,,0.8665,0.0,Cirugía Plastica y Reconstructiva,Quemaduras en Pediatría | La Radiologia Como Metodo de Identificacion de Cadaveres en Odontología Forense | Programa de Difusion en la Prevencion de Accidentes por Quemadura para el Insti...
meso,Area 2,Area2_M02,Area2_M02.json,C134,306,Toxina Botulinica - Oftalmologia,Toxina Botulinica - Oftalmologia,Toxina Botulinica - Oftalmologia,Toxina Botulinica - Oftalmologia,current_clean,,0.9412,0.0,Oftalmologia,Características Clínicas en Pacientes Pediátricos con Migraña y Repercusión del... | Tratamiento del Ataque Agudo de Migrana en Ninos : Estudio Comparativo con Acet... | Migraña en Niños
meso,Area 2,Area2_M02,Area2_M02.json,C135,300,Ulcera Peptica - Cirugía General,Ulcera Peptica - Cirugía General,Ulcera Peptica - Cirugía General,Ulcera Peptica - Cirugía General,current_clean,,0.9767,0.0,Cirugía General,UN Tratamiento Medico de las Ulceras Gastroduodenales | Enfermedades Ulcerativas de la Boca | Ulceras en Estomatologia
meso,Area 2,Area2_M02,Area2_M02.json,C137,297,Pediatría Médica,Pediatría Médica,Pediatría Médica,Pediatría Médica,current_clean,,0.9798,0.0,Pediatría Médica,Recurrencia de Meningiomas de Acuerdo A Resección de Simpson | Meningitis Meningococcica | Meningitis Bacteriana
meso,Area 2,Area2_M02,Area2_M02.json,C139,284,Consultorio Dental - Cirujano Dentista,Consultorio Dental - Cirujano DEN...,Consultorio Dental - Cirujano Dentista,Consultorio Dental - Cirujano Den...,current_clean,short_long,0.8873,0.0,Cirujano Dentista,El Cirujano Dentista Ante el Diabetico | Estudio y Manejo del Paciente Cardiaco en el Consultorio Dental | Hiperestesia Dentinaria
meso,Area 2,Area2_M02,Area2_M02.json,C145,214,Enfermedad Parodontal - Cirujano Dentista,Enfermedad Parodontal - Cirujano...,Enfermedad Parodontal - Cirujano Dentista,Enfermedad Parodontal - Cirujano...,current_clean,short_long,0.8879,0.0,Cirujano Dentista,Absceso Parodontal | Colecistitis Alitiasica | Patologia Periapical
meso,Area 2,Area2_M02,Area2_M02.json,C154,151,Enfermedades Parodontales - Cirujano Dentista,Enfermedades Parodontales - Ciruj...,Enfermedades Parodontales - Cirujano Dentista,Enfermedades Parodontales - Ciruj...,current_clean,short_long,0.8212,0.0,Cirujano Dentista,Tratamiento de las Enfermedades Parodontales | Prevencion de las Enfermedades Parodontales | Enfermedades Parodontales y SU Tratamiento
meso,Area 2,Area2_M02,Area2_M02.json,C156,142,Gingivitis Tratamiento - Cirujano Dentista,Gingivitis Tratamiento - Cirujano...,Gingivitis Tratamiento - Cirujano Dentista,Gingivitis Tratamiento - Cirujano...,current_clean,short_long,0.8451,0.0,Cirujano Dentista,Gingivitis y SU Tratamiento | Gingivitis y Parodontitis | Enfermedad Gingival
meso,Area 2,Area2_M02,Area2_M02.json,C157,135,Glandulas Salivales - Cirujano Dentista,Glandulas Salivales - Cirujano de...,Glandulas Salivales - Cirujano Dentista,Glandulas Salivales - Cirujano De...,current_clean,short_long,0.8667,0.0,Cirujano Dentista,Enfermedades de las Glandulas Salivales | Afecciones de las Glandulas Salivales | Generalidades Sobre Tumores de las Glandulas Salivales
meso,Area 2,Area2_M02,Area2_M02.json,C160,120,Shock Anafilactico - Cirujano Dentista,Shock Anafilactico - Cirujano DEN...,Shock Anafilactico - Cirujano Dentista,Shock Anafilactico - Cirujano Den...,current_clean,short_long,0.9083,0.0,Cirujano Dentista,Hipoacusia Subita | Shock Anafilactico | Choque Septico
meso,Area 2,Area2_M02,Area2_M02.json,C162,104,Consideraciones Exodoncia - Cirujano Dentista,Consideraciones Exodoncia - Ciruj...,Consideraciones Exodoncia - Cirujano Dentista,Consideraciones Exodoncia - Ciruj...,current_clean,short_long,0.8462,0.0,Cirujano Dentista,Tratado de Exodoncia | Breves Consideraciones Sobre Exodoncia | Breve Estudio Sobre Exodoncia
meso,Area 2,Area2_M03,Area2_M03.json,C111,1007,Tuberculosis Pulmonar - Medico Cirujano,Tuberculosis Pulmonar - Medico CI...,Tuberculosis Pulmonar - Medico Cirujano,Tuberculosis Pulmonar - Medico Ci...,current_clean,short_long,0.8957,0.0,Medico Cirujano,Tuberculosis Genital Como Causa de Esterilidad en la Mujer | El Neumotorax Terapeutico en la Tuberculosis Pulmonar | Frecuencia de Diabetes Mellitus en Pacientes con Tuberculosis Pulmonar QUE Acud...
meso,Area 2,Area2_M03,Area2_M03.json,C151,167,Virus Dengue - Química Farmacéutico Biológ...,Virus Dengue - Química Farmacéuti...,Virus Dengue - Química Farmacéutico Biológ...,Virus Dengue - Química Farmacéuti...,current_clean,short_long,0.7964,0.0,Química Farmacéutico Biológica,Conocimiento Sobre la Prevención del Dengue Clásico | Participacion del Virus del Dengue en el Proceso Fibrinolitico | Epidemiologia del Dengue en el Hospital Infantil del Estado de Sonora
meso,Area 2,Area2_M03,Area2_M03.json,C153,157,Previo Paludismo - Medico Cirujano,Previo Paludismo - Medico Cirujano,Previo Paludismo - Medico Cirujano,Previo Paludismo - Medico Cirujano,current_clean,,0.949,0.0,Medico Cirujano,"Estudio Previo Sobre Paludismo y Exploracion Sanitaria en el Municipio de Rosar... | Informe General Sobre la Exploracion Sanitaria de Isla, VER. y Breve Estudio So... | Estudio Previo del Paludismo en Ciudad Guerrero, Tamps"
meso,Area 2,Area2_M04,Area2_M04.json,C42,4045,Adultos Mayores - Medicina Familiar,Adultos Mayores - Medicina Famili...,Adultos Mayores - Medicina Familiar,Adultos Mayores - Medicina Famili...,current_clean,short_long,0.5256,0.0,Medicina Familiar,Centro Geriatrico | Cirugía Preprotesica en el Paciente Geriatrico | El Sistema de Ahorro para el Retiro
meso,Area 2,Area2_M04,Area2_M04.json,C44,3974,Obesidad Ninos - Medicina Familiar,Obesidad Ninos - Medicina Familiar,Obesidad Ninos - Medicina Familiar,Obesidad Ninos - Medicina Familiar,current_clean,,0.8226,0.0,Medicina Familiar,Nutricion y Caries | Diagnóstico para la Promoción y Convicción de la Importancia de la Lactancia Ma... | Estudio Comparativo de Formulas Lacteas Especiales para Recien Nacidos Prematur...
meso,Area 2,Area2_M04,Area2_M04.json,C63,3090,Unidad Medicina Familiar - Psicología,Unidad Medicina Familiar - Psicol...,Unidad Medicina Familiar - Psicología,Unidad Medicina Familiar - Psicol...,current_clean,short_long,0.7683,0.0,Psicología,Examen Odontopsicologico de el Miedo y la Ansiedad en el Nino | Embarazo y Depresion | Frecuencia de Ansiedad y
meso,Area 2,Area2_M04,Area2_M04.json,C113,916,Trastornos Sueno - Medicina Familiar,Trastornos Sueno - Medicina Famil...,Trastornos Sueno - Medicina Familiar,Trastornos Sueno - Medicina Famil...,current_clean,short_long,0.7795,0.0,Medicina Familiar,Evaluación de UN Programa Psicoeducativo de Tratamiento Cognitivo Conductual pa... | Descripción del Estado Cognitivo y Calidad de Vida en el Paciente Geriátrico co... | Validación del Cuestionario Stop Bang para Identificar Apnea Obstructiva del Su...
meso,Area 2,Area2_M04,Area2_M04.json,C127,450,Sindrome Burnout - Psicología,Sindrome Burnout - Psicología,Sindrome Burnout - Psicología,Sindrome Burnout - Psicología,current_clean,,0.7689,0.0,Psicología,Síndrome de Burnout | Conocimiento de los Cirujanos Dentistas Pasantes de Odontología y Estudiantes S... | Sindrome de Burnout en los Medicos Legistas de la Secretaria de Salud del Distr...
meso,Area 2,Area2_M04,Area2_M04.json,C131,346,Sindrome Down - Cirujano Dentista,Sindrome Down - Cirujano Dentista,Sindrome Down - Cirujano Dentista,Sindrome Down - Cirujano Dentista,current_clean,,0.5116,0.0,Cirujano Dentista,Estudio Estomatologico del Sindrome de Down | Manejo del Nino con Sindrome de Down en el Consultorio Dental | Sindrome de Down
meso,Area 2,Area2_M04,Area2_M04.json,C158,133,Anorexia Bulimia - Psicología,Anorexia Bulimia - Psicología,Anorexia Bulimia - Psicología,Anorexia Bulimia - Psicología,current_clean,,0.5338,0.0,Psicología,Alteraciones Bucales en Pacientes con Anorexia y Bulimia | La Belleza QUE Mata : Reportaje Sobre Anorexia y Bulimia | Anorexia Nerviosa : UN Problema Nosologico
meso,Area 2,Area2_M05,Area2_M05.json,C14,7167,Respuesta Inmune - Medicina Veterinaria y Zoot...,Respuesta Inmune - Medicina Veter...,Respuesta Inmune - Medicina Veterinaria y Zoot...,Respuesta Inmune - Medicina Veter...,current_clean,short_long,0.8624,0.0,Medicina Veterinaria y Zootecnia,Aplicación del Protocolo para la Prevención de Transmisión Perinatal de VIH en... | Cambios Citologicos en Cavidad Oral de Pacientes Expuestos A Factores Irritativ... | Penicilina
meso,Area 2,Area2_M05,Area2_M05.json,C22,5587,Contribucion Puerperio Examen - Química Farmacéutico...,Contribucion Puerperio Examen - Q...,Contribucion Puerperio Examen - Química Farmacéutico....,Contribucion Puerperio Examen - Q...,current_clean,short_long,0.877,0.0,Química Farmacéutico Biológica,USO de Antibióticos en UN Hospital Pediátrico de Alta Especialidad | Complicaciones de Varicela en Niños Sanos | Halitosis
meso,Area 2,Area2_M05,Area2_M05.json,C142,238,Helicobacter Pylori - Química Farmacéutico Biológ...,Helicobacter Pylori - Química FAR...,Helicobacter Pylori - Química Farmacéutico Biológ...,Helicobacter Pylori - Química Far...,current_clean,short_long,0.9244,0.0,Química Farmacéutico Biológica,Hallazgos Endoscópicos en Pacientes con Infección por Helicobacter Pylori en el... | Modificaciones de los Criterios Histopatologicos en el Diagnostico de Infeccion... | Ulcera Peptica Perforada Asociada A Helicobacter Pylori
meso,Area 2,Area2_M05,Area2_M05.json,C152,158,Parasitosis Intestinales - Medico Cirujano,Parasitosis Intestinales - Medico...,Parasitosis Intestinales - Medico Cirujano,Parasitosis Intestinales - Medico...,current_clean,short_long,0.943,0.0,Medico Cirujano,"Estudio Sobre la Parasitosis Intestinal y Exploracion Sanitaria de Cocula, Guer... | El Problema de las Parasitosis Intestinales en la Poblacion de Xico, Veracruz | El Problema de la Parasitosis Intestinal en Camaron, VER"
meso,Area 2,Area2_M06,Area2_M06.json,C12,7226,Cancer Mama - Cirujano Dentista,Cancer Mama - Cirujano Dentista,Cancer Mama - Cirujano Dentista,Cancer Mama - Cirujano Dentista,current_clean,,0.9226,0.0,Cirujano Dentista,Evaluación del Efecto Microbicida de Leucocitos Humanos en Pacientes con Cancer... | Cancer Laringeo | Biopsia por Aspiracion con Aguja Fina
meso,Area 2,Area2_M06,Area2_M06.json,C103,1247,Hematologia,Hematologia,Hematologia,Hematologia,current_clean,,0.927,0.0,Hematologia,"Catastro Sanitario del Municipio de Tecozautla, Hidalgo | Epidemiologia de la Lesion Medular Traumatica en el Distrito Federal | Epidemiologia de la Enfermedad Parodontal"
meso,Area 2,Area2_M06,Area2_M06.json,C120,692,Urologia,Urologia,Urologia,Urologia,current_clean,,0.9783,0.0,Urologia,El Ultrasonido Transrectal y Biopsia en el Cancer de la Prostata | Algunas Consideraciones Sobre la Tecnica de la Prostatectomia Parcial con Trans... | Biopsia Transrectal de Prostata Guiada por Ultrasonido
meso,Area 2,Area2_M06,Area2_M06.json,C159,133,Cancer Cavidad Oral - Cirujano Dentista,Cancer Cavidad Oral - Cirujano de...,Cancer Cavidad Oral - Cirujano Dentista,Cancer Cavidad Oral - Cirujano De...,current_clean,short_long,0.9248,0.0,Cirujano Dentista,Tumores Benignos y Malignos de la Cavidad Oral | Carcinomas Orales | Cancer en Cavidad Oral
meso,Area 2,Area2_M07,Area2_M07.json,C34,4506,Diabetes Mellitus - Medicina Familiar,Diabetes Mellitus - Medicina Fami...,Diabetes Mellitus - Medicina Familiar,Diabetes Mellitus - Medicina Fami...,current_clean,short_long,0.9245,0.0,Medicina Familiar,La Insulina en la Cicatrizacion de Algunas Ulceras Venereas | Tratamiento de la Diabetes | Factores de Riesgo en Pacientes con Diabetes Mellitus Tipo 2
meso,Area 2,Area2_M07,Area2_M07.json,C119,716,Pancreatitis Aguda - Cirugía General,Pancreatitis Aguda - Cirugía Gene...,Pancreatitis Aguda - Cirugía General,Pancreatitis Aguda - Cirugía Gene...,current_clean,short_long,0.9874,0.0,Cirugía General,Pancreatitis Aguda | Tratamiento Medico Quirurgico de la Pancreatitis Aguda Grave | Asociación Entre las Variables Utilizadas en Escalas de Severidad con la Presen...
meso,Area 2,Area2_M08,Area2_M08.json,C13,7212,Parto Pretermino - Ginecologia y Obstetricia,Parto Pretermino - Ginecologia y...,Parto Pretermino - Ginecologia y Obstetricia,Parto Pretermino - Ginecologia y...,current_clean,short_long,0.9117,0.0,Ginecologia y Obstetricia,Neuroinfeccion en Neonatos Criticamente Enfermos con Sospecha Fundada de Sepsis | Neurodistonias Gravidicas | Embarazo Gemelar
meso,Area 2,Area2_M08,Area2_M08.json,C124,528,Diabetes Gestacional - Ginecologia y Obstetricia,Diabetes Gestacional - Ginecologi...,Diabetes Gestacional - Ginecologia y Obstetricia,Diabetes Gestacional - Ginecologi...,current_clean,short_long,0.9811,0.0,Ginecologia y Obstetricia,Diabetes Gestacional | Diabetes y Embarazo | Estudio de Valor Diagnostico Entre la Prueba de Tamiz de Glucosa y la Curva de...
meso,Area 2,Area2_M08,Area2_M08.json,C149,204,Ruptura Prematura Membranas - Ginecologia y Obstetric...,Ruptura Prematura Membranas - GIN...,Ruptura Prematura Membranas - Ginecologia y Obstetric...,Ruptura Prematura Membranas - Gin...,current_clean,short_long,0.9755,0.0,Ginecologia y Obstetricia,Ruptura Prematura de Membranas | Actualizacion del Estudio de la Flora Bacteriana Implicada en la Ruptura Premat... | Ruptura Prematura de Membranas
meso,Area 2,Area2_M09,Area2_M09.json,C125,503,Virus Papiloma Humano - Ginecologia y Obstetricia,Virus Papiloma Humano - Ginecolog...,Virus Papiloma Humano - Ginecologia y Obstetricia,Virus Papiloma Humano - Ginecolog...,current_clean,short_long,0.9085,0.0,Ginecologia y Obstetricia,Prevalencia del Virus del Papiloma Humano en Mujeres Infectadas con el Virus de... | Actitudes de la Pareja Ante el Reporte de Infección por Virus del Papiloma Huma... | Enmienda AL Estudio Validación de Biomarcadores Asociados AL Desarrollo y Pronó...
meso,Area 2,Area2_M09,Area2_M09.json,C138,286,Sida Odontología - Derecho,Sida Odontología - Derecho,Sida Odontología - Derecho,Sida Odontología - Derecho,current_clean,,0.4301,0.0,Derecho,El Sida y la Odontología | Cartel Folleto y Encuesta Contra el Sida | El Sida Como Riesgo de Trabajo
meso,Area 2,Area2_M09,Area2_M09.json,C150,180,Manifestaciones Bucales - Medico Cirujano,Manifestaciones Bucales - Medico...,Manifestaciones Bucales - Medico Cirujano,Manifestaciones Bucales - Medico...,current_clean,short_long,0.9611,0.0,Medico Cirujano,Sifilis Bucal | Sifilis | Breves Consideraciones Sobre la Sifilis Hereditaria
meso,Area 2,Area2_M10,Area2_M10.json,C97,1429,Cancer Tiroides - Cirugía General,Cancer Tiroides - Cirugía General,Cancer Tiroides - Cirugía General,Cancer Tiroides - Cirugía General,current_clean,,0.9811,0.0,Cirugía General,Resultados del Tratamiento con 131 I en Pacientes Hipertiroideos | Tratamiento Quirurgico de las Hemorroides | Respuesta Clínica y de Laboratorio AL Manejo con Calcitriol en Pacientes con Ra...
meso,Area 2,Area2_M11,Area2_M11.json,C61,3156,Germinacion Maiz - Biología,Germinacion Maiz - Biología,Germinacion Maiz - Biología,Germinacion Maiz - Biología,current_clean,,0.5057,0.0,Biología,"El Albaceazgo y SU Naturaleza Jurídica | Centro Regulador de Produccion y Venta de Maiz Lerma, EDO. de México | Perspectivas de la Instrumentacion de UN Modelo para Actividades Productivas en..."
meso,Area 2,Area2_M11,Area2_M11.json,C129,423,Trypanosoma Cruzi - Biología,Trypanosoma Cruzi - Biología,Trypanosoma Cruzi - Biología,Trypanosoma Cruzi - Biología,current_clean,,0.7305,0.0,Biología,Caracterizacion Molecular de Aislados Mexicanos de Trypanosoma Cruzi | Perfil Proteico de la Hemolinfa de Triatoma Pallidipennis Infectado con Trypano... | Participacion de las Cisteinas en la Estabilidad y Estructura de la Triosafosfa...
meso,Area 2,Area2_M11,Area2_M11.json,C133,328,Phaseolus Vulgaris - Biología,Phaseolus Vulgaris - Biología,Phaseolus Vulgaris - Biología,Phaseolus Vulgaris - Biología,current_clean,,0.7348,0.0,Biología,Caracterizacion Molecular de las Adenil Ciclasas de Rhizobium Etli | Construccion de Mutaciones en las Regiones NIF de Rhizobium Phaseoli | Estudio del Papel de las Proteínas Avin34710 y Avin34720 en el Metabolismo de P...
meso,Area 2,Area2_M11,Area2_M11.json,C140,253,Ciencias Bioquimicas,Ciencias Bioquimicas,Ciencias Bioquimicas,Ciencias Bioquimicas,current_clean,,0.7154,0.0,Ciencias Bioquimicas,Análisis Bioinformático de las Calmodulinas de Plantas en Arabidopsis Thaliana | UN Modelo de RED de Regulación Genica para la Determinación de Organos Florales... | Caracterización de UNA Mutante de Arabidopsis Thaliana Afectada en el Desarroll...
meso,Area 2,Area2_M11,Area2_M11.json,C147,207,Drosophila Melanogaster - Biología,Drosophila Melanogaster - Biología,Drosophila Melanogaster - Biología,Drosophila Melanogaster - Biología,current_clean,,0.5266,0.0,Biología,Evaluación del Efecto del Resveratrol Sobre la Genotoxicidad de la Nicotina en... | Evaluación del Posible Efecto Modulador del Resveratrol en Cotratamiento con Ni... | Estudio de UN Elemento Regulatorio Interno del Locus de Notch en Drosophila Mel...
meso,Area 2,Area2_M12,Area2_M12.json,C99,1340,Reumatologia,Reumatologia,Reumatologia,Reumatologia,current_clean,,0.9701,0.0,Reumatologia,Calidad de Vida en Pacientes Pediátricos con Lupus Eritematoso Sistémico | Características Clínicas y de Laboratorio de Pacientes Pediátricos Mexicanos co... | Lupus Eritematoso
meso,Area 2,Area2_M13,Area2_M13.json,C2,11849,Parametros Reproductivos - Medicina Veterinaria y ZOO...,Parametros Reproductivos - Medici...,Parametros Reproductivos - Medicina Veterinaria y ZOO...,Parametros Reproductivos - Medici...,current_clean,short_long,0.8411,0.0,Medicina Veterinaria y Zootecnia,Índice Lactato | Correlacion Histopatologica Entre Biopsia de Endometrio por Canula y Legrado | Organización Administrativa de UNA Empresa Avicola Productora de Pollo de Engor...
meso,Area 2,Area2_M13,Area2_M13.json,C26,5303,Exploracion Sanitaria - Medicina Veterinaria y Zoot...,Exploracion Sanitaria - Medicina...,Exploracion Sanitaria - Medicina Veterinaria y Zoot...,Exploracion Sanitaria - Medicina...,current_clean,short_long,0.7809,0.0,Medicina Veterinaria y Zootecnia,Determinación de las Diferencias QUE Existen Entre los Principales Musculos del... | Aplicación de Periostio para Fracturas : Estudio Experimental en Ratas | Caninos Superiores Retenidos
meso,Area 2,Area2_M14,Area2_M14.json,C72,2724,Consumo Alcohol - Psicología,Consumo Alcohol - Psicología,Consumo Alcohol - Psicología,Consumo Alcohol - Psicología,current_clean,,0.547,0.0,Psicología,Análisis de UNA Política del Desarrollo Regional Tabasqueno : Centros Integrado... | Reporte de UN Caso Atendido Bajo el Programa de Tratamiento Auto-cambio Dirigid... | La Familia del Farmacodependiente
micro,Area 2,Area2_M00,Area2_M00.json,C3,11642,Sintesis Caracterizacion - Ingeniería Química,Sintesis Caracterizacion - Ingeni...,Sintesis Caracterizacion - Ingeniería Química,Sintesis Caracterizacion - Ingeni...,current_clean,short_long,0.6924,0.0,Ingeniería Química,Simulación de UN Reactor de Oxicloración de Etileno | Estudio Tecnico Economico para la Instalacion de UNA Planta Productora de Propi... | Análisis Economico y Planeacion de UNA Planta Productora de Nitrogeno
micro,Area 2,Area2_M00,Area2_M00.json,C46,3927,Tecnico Economico - Ingeniería Química,Tecnico Economico - Ingeniería QU...,Tecnico Economico - Ingeniería Química,Tecnico Economico - Ingeniería Qu...,current_clean,short_long,0.4708,0.0,Ingeniería Química,Clarificacion y Encalado de los Jugos de Cana | Determinación de Metales en Jugos Naturales y Enlatados por Absorcion Atomica | Proyecto y Evaluación Economica de UNA Fabrica de Dulces
micro,Area 2,Area2_M00,Area2_M00.json,C51,3747,Aleaciones Metalicas Ingeniería - Ingeniería Química...,Aleaciones Metalicas Ingeniería -...,Aleaciones Metalicas Ingeniería - Ingeniería Química....,Aleaciones Metalicas Ingeniería -...,current_clean,short_long,0.4182,0.0,Ingeniería Química Metalurgica,Generalidades en Amalgama de Plata | Protesis Fija en Porcelana | Proposición del Metal Pulverizado y Compactado Como Sustituto de la Laminación...
micro,Area 2,Area2_M00,Area2_M00.json,C57,3341,Pasos Elaboracion Prostodoncia - Cirujano Dentista,Pasos Elaboracion Prostodoncia -...,Pasos Elaboracion Prostodoncia - Cirujano Dentista,Pasos Elaboracion Prostodoncia -...,current_clean,short_long;low_area_purity,0.3834,0.0,Cirujano Dentista,Labio Hendido | Pasos para la Elaboracion de UNA Prostodoncia Total | Enfisema Lobar Congenito
micro,Area 2,Area2_M00,Area2_M00.json,C80,2448,Industria Textil - Química Farmacéutico Biológ...,Industria Textil - Química Farmac...,Industria Textil - Química Farmacéutico Biológ...,Industria Textil - Química Farmac...,current_clean,short_long;low_area_purity,0.3987,0.0,Química Farmacéutico Biológica,"Estudio de Factibilidad para la Instalacion de UNA Planta de Hielo en la PAZ, B... | Las Reglas de Origen Como Factor de Integracion Regional de la Cadena Textil | Diseño y Construccion de UN Colorimetro"
micro,Area 2,Area2_M00,Area2_M00.json,C84,2196,Resinas Compuestas - Cirujano Dentista,Resinas Compuestas - Cirujano DEN...,Resinas Compuestas - Cirujano Dentista,Resinas Compuestas - Cirujano Den...,current_clean,short_long,0.7659,0.0,Cirujano Dentista,Materiales de Obturacion en Odontología | Principios Fundamentales en la Práctica de la Protesis Fija de Coronas y Piezas... | Selladores de Fosetas y Fisuras
micro,Area 2,Area2_M00,Area2_M00.json,C161,110,Terceros Molares - Cirujano Dentista,Terceros Molares - Cirujano Denti...,Terceros Molares - Cirujano Dentista,Terceros Molares - Cirujano Denti...,current_clean,short_long,0.8273,0.0,Cirujano Dentista,Extraccion Quirurgica de Terceros Molares Inferiores Retenidos | Extraccion de los Terceros Molares Inferiores Retenidos | Extraccion Quirurgica de los Terceros Molares Inferiores Incluidos
micro,Area 2,Area2_M00,Area2_M00.json,C166,77,Materiales Impresion - Cirujano Dentista,Materiales Impresion - Cirujano D...,Materiales Impresion - Cirujano Dentista,Materiales Impresion - Cirujano D...,current_clean,short_long,0.7792,0.0,Cirujano Dentista,Materiales de Impresion | Diferentes Materiales de Impresion y SUS Tecnicas | Impresiones en Prostodoncia Total
micro,Area 2,Area2_M00,Area2_M00.json,C168,74,Mantenedores Espacio - Cirujano Dentista,Mantenedores Espacio - Cirujano D...,Mantenedores Espacio - Cirujano Dentista,Mantenedores Espacio - Cirujano D...,current_clean,short_long,0.7973,0.0,Cirujano Dentista,USO de Mantenedores de Espacio en Odontología | El Manejo de los Problemas de Mantenimiento de Espacio | Mantenedores de Espacio en Ortodoncia Preventiva
micro,Area 2,Area2_M00,Area2_M00.json,C186,48,Prostodoncia Total - Cirujano Dentista,Prostodoncia Total - Cirujano DEN...,Prostodoncia Total - Cirujano Dentista,Prostodoncia Total - Cirujano Den...,current_clean,short_long,0.6042,0.0,Cirujano Dentista,Prostodoncia Total | Prostodoncia Total
micro,Area 2,Area2_M00,Area2_M00.json,C193,42,Matrices SOL GEL - Química Farmacéutico Biológ...,Matrices SOL GEL - Química Farmac...,Matrices SOL GEL - Química Farmacéutico Biológ...,Matrices SOL GEL - Química Farmac...,current_clean,short_long,0.9286,0.0,Química Farmacéutico Biológica,Evaluación de Perfiles de Disolución de Productos Comerciales Conteniendo 200 M... | Síntesis de Dendrímeros Tipo Janus Conjugados con Ibuprofeno y Clorambucilo | Efecto de la Concentración de Catalizador y del Secado de Matrices Sol-gel en l...
micro,Area 2,Area2_M00,Area2_M00.json,C202,36,Importancia Mantenedores Espacio - Cirujano Dentista,Importancia Mantenedores Espacio...,Importancia Mantenedores Espacio - Cirujano Dentista,Importancia Mantenedores Espacio...,current_clean,short_long,0.8611,0.0,Cirujano Dentista,Generalidades de los Mantenedores de Espacio | Importancia de los Mantenedores de Espacio | Importancia de los Mantenedores de Espacio
micro,Area 2,Area2_M00,Area2_M00.json,C204,35,Tercer Molar Inferior - Cirujano Dentista,Tercer Molar Inferior - Cirujano...,Tercer Molar Inferior - Cirujano Dentista,Tercer Molar Inferior - Cirujano...,current_clean,short_long,0.8,0.0,Cirujano Dentista,Tercer Molar Inferior Incluido | Terceros Molares Inferiores Incluidos | Cirugía de Terceros Molares Inferiores Incluidos
micro,Area 2,Area2_M00,Area2_M00.json,C210,33,Protesis Fija - Cirujano Dentista,Protesis Fija - Cirujano Dentista,Protesis Fija - Cirujano Dentista,Protesis Fija - Cirujano Dentista,current_clean,,0.5152,0.0,Cirujano Dentista,Protesis Fija | Protesis Fija | Protesis Fija
micro,Area 2,Area2_M00,Area2_M00.json,C237,26,Aditamentos Precision - Cirujano Dentista,Aditamentos Precision - Cirujano...,Aditamentos Precision - Cirujano Dentista,Aditamentos Precision - Cirujano...,current_clean,short_long,0.8846,0.0,Cirujano Dentista,Aditamentos de Precision y Semiprecision | Aditamentos de Precision | Adtamentos de Precision
micro,Area 2,Area2_M00,Area2_M00.json,C240,26,Cirugía Terceros Molares - Cirujano Dentista,Cirugía Terceros Molares - Ciruja...,Cirugía Terceros Molares - Cirujano Dentista,Cirugía Terceros Molares - Ciruja...,current_clean,short_long,0.9231,0.0,Cirujano Dentista,Cirugía de Terceros Molares | Cirugía de Terceros Molares Incluidos | Terceros Molares Incluidos
micro,Area 2,Area2_M00,Area2_M00.json,C244,25,Obturacion Conductos Radiculares - Cirujano Dentista,Obturacion Conductos Radiculares...,Obturacion Conductos Radiculares - Cirujano Dentista,Obturacion Conductos Radiculares...,current_clean,short_long,0.84,0.0,Cirujano Dentista,Materiales y Tecnicas de Obturacion de Conductos Radiculares | Materiales de Obturacion para Conductos Radiculares | Tecnicas y Materiales de Obturacion de Conductos Radiculares
micro,Area 2,Area2_M00,Area2_M00.json,C256,23,Conductos Radiculares - Cirujano Dentista,Conductos Radiculares - Cirujano...,Conductos Radiculares - Cirujano Dentista,Conductos Radiculares - Cirujano...,current_clean,short_long,1.0,0.0,Cirujano Dentista,Técnica de Preparación de Conductos con el Sistema Rotatorio Protaper® Universa... | Técnica de Preparación de Conductos : Mediante el Sistema Rotatorio Hyflex CM C... | Técnica para la Desobturación de Conductos Radiculares : con el Sistema Mtwo® R...
micro,Area 2,Area2_M00,Area2_M00.json,C265,22,Obturacion Conductos - Cirujano Dentista,Obturacion Conductos - Cirujano D...,Obturacion Conductos - Cirujano Dentista,Obturacion Conductos - Cirujano D...,current_clean,short_long,0.7727,0.0,Cirujano Dentista,Tecnica de Obturacion de Conductos Radiculares | Tecnicas para la Obturacion de Conductos Radiculares | Tecnicas de Obturacion de Conductos Radiculares
micro,Area 2,Area2_M00,Area2_M00.json,C269,22,Prostodoncia Total Inmediata - Cirujano Dentista,Prostodoncia Total Inmediata - CI...,Prostodoncia Total Inmediata - Cirujano Dentista,Prostodoncia Total Inmediata - Ci...,current_clean,short_long,0.8182,0.0,Cirujano Dentista,Prostodoncia Total Inmediata | Prostodoncia Total Inmediata
micro,Area 2,Area2_M00,Area2_M00.json,C274,21,Protesis Total Inmediata - Cirujano Dentista,Protesis Total Inmediata - Ciruja...,Protesis Total Inmediata - Cirujano Dentista,Protesis Total Inmediata - Ciruja...,current_clean,short_long,0.8095,0.0,Cirujano Dentista,Protesis Total Inmediata | Protesis Total Inmediata
micro,Area 2,Area2_M00,Area2_M00.json,C276,21,Funda Porcelana - Cirujano Dentista,Funda Porcelana - Cirujano Dentis...,Funda Porcelana - Cirujano Dentista,Funda Porcelana - Cirujano Dentis...,current_clean,short_long,0.8571,0.0,Cirujano Dentista,Coronas de Porcelana | Coronas Fundas de Porcelana | Coronas Funda de Porcelana
micro,Area 2,Area2_M00,Area2_M00.json,C284,20,Obturacion Conducto Radicular - Cirujano Dentista,Obturacion Conducto Radicular - C...,Obturacion Conducto Radicular - Cirujano Dentista,Obturacion Conducto Radicular - C...,current_clean,short_long,0.65,0.0,Cirujano Dentista,Obturacion de Conductos Radiculares | Obturacion del Conducto Radicular | Obturacion de Conductos Radiculares
micro,Area 2,Area2_M00,Area2_M00.json,C292,20,Protesis Parcial Removible - Cirujano Dentista,Protesis Parcial Removible - Ciru...,Protesis Parcial Removible - Cirujano Dentista,Protesis Parcial Removible - Ciru...,current_clean,short_long,0.85,0.0,Cirujano Dentista,Protesis Parcial Removible | Protesis Parcial Removible
micro,Area 2,Area2_M00,Area2_M00.json,C296,19,C296 - Cirujano Dentista,C296 - Cirujano Dentista,C296 - Cirujano Dentista,C296 - Cirujano Dentista,current_clean,,1.0,0.0,Cirujano Dentista,Mantenedores de Espacio
micro,Area 2,Area2_M00,Area2_M00.json,C297,19,C297 - Cirujano Dentista,C297 - Cirujano Dentista,C297 - Cirujano Dentista,C297 - Cirujano Dentista,current_clean,,0.6842,0.0,Cirujano Dentista,Generalidades de Protesis Fija | Generalidades de Protesis Fija | Generalidades de Protesis Fija
micro,Area 2,Area2_M00,Area2_M00.json,C302,19,Preparacion Obturacion - Cirujano Dentista,Preparacion Obturacion - Cirujano...,Preparacion Obturacion - Cirujano Dentista,Preparacion Obturacion - Cirujano...,current_clean,short_long,1.0,0.0,Cirujano Dentista,Preparacion y Obturacion de Conductos Radiculares | Preparacion y Obturacion del Conducto Radicular | Preparacion de los Conductos Radiculares
micro,Area 2,Area2_M00,Area2_M00.json,C304,19,Paladar Hendido - Cirujano Dentista,Paladar Hendido - Cirujano Dentis...,Paladar Hendido - Cirujano Dentista,Paladar Hendido - Cirujano Dentis...,current_clean,short_long,0.8947,0.0,Cirujano Dentista,Labio Leporino y Paladar Hendido | Labio y Paladar Hendido | Labio y Paladar Hendidos
micro,Area 2,Area2_M00,Area2_M00.json,C308,19,Preparacion Cavidades - Cirujano Dentista,Preparacion Cavidades - Cirujano...,Preparacion Cavidades - Cirujano Dentista,Preparacion Cavidades - Cirujano...,current_clean,short_long,0.5789,0.0,Cirujano Dentista,Preparacion de Cavidades | Preparacion de Cavidades
micro,Area 2,Area2_M00,Area2_M00.json,C324,18,Injertos Parodontales - Cirujano Dentista,Injertos Parodontales - Cirujano...,Injertos Parodontales - Cirujano Dentista,Injertos Parodontales - Cirujano...,current_clean,short_long,0.8333,0.0,Cirujano Dentista,Injertos en Parodoncia | Injertos Parodontales | Parodoncia
micro,Area 2,Area2_M01,Area2_M01.json,C30,4748,Cerebro Raton - Biología,Cerebro Raton - Biología,Cerebro Raton - Biología,Cerebro Raton - Biología,current_clean,,0.7376,0.0,Biología,Susceptibilidad del Ratón CD1 ET | Sistema Experto Tutorial de Redes Neuronales Artificiales | Papel de la Glutamato Sintasa en Saccharomyces Cerevisiae
micro,Area 2,Area2_M01,Area2_M01.json,C110,1050,Espectro Autista - Psicología,Espectro Autista - Psicología,Espectro Autista - Psicología,Espectro Autista - Psicología,current_clean,,0.681,0.0,Psicología,"Amiloidosis Cutanea Primitiva : Revision de Cinco Años | Depresión, Sobrecarga y Ansiedad en Cuidadores de Pacientes con Demencia en ""Al... | Autismo"
micro,Area 2,Area2_M01,Area2_M01.json,C121,663,Pacientes Pediatricos - Neurología Pediatrica,Pacientes Pediatricos - Neurologí...,Pacientes Pediatricos - Neurología Pediatrica,Pacientes Pediatricos - Neurologí...,current_clean,short_long,0.902,0.0,Neurología Pediatrica,La Vaguectomia Tiroidea en el Tratamiento de la Epilepsia | Ligeras Consideraciones Sobre la Patogenia de la Epilepsia | Epilepsia y Embarazo
micro,Area 2,Area2_M01,Area2_M01.json,C172,60,Indice Neutrofilo - Medicina Interna,Indice Neutrofilo - Medicina Inte...,Indice Neutrofilo - Medicina Interna,Indice Neutrofilo - Medicina Inte...,current_clean,short_long,1.0,0.0,Medicina Interna,Índice Neutrófilo | El Índice Neutrófilos | Relación del Índice Neutrófilos
micro,Area 2,Area2_M01,Area2_M01.json,C232,27,Xenopus Laevis - Neurobiologia,Xenopus Laevis - Neurobiologia,Xenopus Laevis - Neurobiologia,Xenopus Laevis - Neurobiologia,current_clean,,0.8889,0.0,Neurobiologia,En el Musculo Liso de las Vías Aéreas el ATP Favorece la Entrada de CA2+ AL Ret... | Localizacion del Canal de Potasio Girk5 en los Ovocitos de la Rana Xenopus Laev... | Interactoma del Canal de Potasio Girk5 de los Ovocitos de la Rana Xenopus Laevis
micro,Area 2,Area2_M01,Area2_M01.json,C247,24,Canal Trpv1 - Biología,Canal Trpv1 - Biología,Canal Trpv1 - Biología,Canal Trpv1 - Biología,current_clean,,0.5833,0.0,Biología,"Efecto del Ácido Lisofosfatídico en la Conductancia del Canal Trpv1 | Papel de las Glicinas, Bisagra, de los Segmentos S6 en el Mecanismo de Activaci... | Regulación de la Expresión de los Canales TRP por Efecto del Receptor Sigma 1"
micro,Area 2,Area2_M01,Area2_M01.json,C250,24,Neuralgia Trigemino - Cirujano Dentista,Neuralgia Trigemino - Cirujano de...,Neuralgia Trigemino - Cirujano Dentista,Neuralgia Trigemino - Cirujano De...,current_clean,short_long,0.9167,0.0,Cirujano Dentista,Neuralgias del Trigemino | Neuralgia del Trigemino | Neuralgia del Trigemino
micro,Area 2,Area2_M01,Area2_M01.json,C253,23,Medicina Critica,Medicina Critica,Medicina Critica,Medicina Critica,current_clean,,0.9565,0.0,Medicina Critica,"Índice Neutrofilo | ""Índice Neutrófilo | Relación Neutrófilo"
micro,Area 2,Area2_M01,Area2_M01.json,C309,19,Celulas Dendriticas - Química Farmacéutico Biológ...,Celulas Dendriticas - Química FAR...,Celulas Dendriticas - Química Farmacéutico Biológ...,Celulas Dendriticas - Química Far...,current_clean,short_long,0.9474,0.0,Química Farmacéutico Biológica,Papel de las Inhibinas en la Diferenciación y Maduración de Células Dendríticas | Papel de la Aminopeptidasa N (Cd13) en la Maduración de Células Dendríticas Hum... | Modulación de la Actividad de Celulas Dendriticas Expuestas A Antigenos de Taen...
micro,Area 2,Area2_M01,Area2_M01.json,C343,17,Glandulas Salivales - Cirujano Dentista,Glandulas Salivales - Cirujano de...,Glandulas Salivales - Cirujano Dentista,Glandulas Salivales - Cirujano De...,current_clean,short_long,0.7647,0.0,Cirujano Dentista,Glandulas Salivales | Glandulas Salivales
micro,Area 2,Area2_M01,Area2_M01.json,C421,12,Placenta Humana - Ciencias Biomedicas,Placenta Humana - Ciencias Biomed...,Placenta Humana - Ciencias Biomedicas,Placenta Humana - Ciencias Biomed...,current_clean,short_long,0.8333,0.0,Ciencias Biomedicas,Efecto del Potasio Sobre la Sintesis de Progesterona en Mitocondrias de la Plac... | Accion de CA2+ en Mitocondrias de Placenta Humana | Purificacion Parcial y Caraterizacion Cinetica de la Nucleotidasa de Mitocondri...
micro,Area 2,Area2_M01,Area2_M01.json,C484,9,Pacientes Epilepsia - Neurofisiologia Clínica,Pacientes Epilepsia - Neurofisiol...,Pacientes Epilepsia - Neurofisiologia Clínica,Pacientes Epilepsia - Neurofisiol...,current_clean,short_long,0.8889,0.0,Neurofisiologia Clínica,UN Estudio Clínico Controlado de Estimulación Eléctrica Catodal Transcraneal co... | Efectos de la Estimulacion Magnetica Transcraneal Repetitiva (Emtr) Sobre la Ex... | Utilidad de la Estimulacion Magnetica Transcraneal de Baja Frecuencia en Pacien...
micro,Area 2,Area2_M01,Area2_M01.json,C498,8,Estados Hipovolemicos - Medicina del Enfermo en EST...,Estados Hipovolemicos - Medicina...,Estados Hipovolemicos - Medicina del Enfermo en EST...,Estados Hipovolemicos - Medicina...,current_clean,short_long,1.0,0.0,Medicina del Enfermo en Estado Critico,Manejo de Estados Hipovolemicos Mediante la Combinacion Coloide Hiperoncotico-s... | Manejo de Estados Hipovolemicos Mediante la Combinacion Coloide Hiperoncotico S... | Manejo de los Estados Hipovolemicos Mediante la Combinacion Coloide Hiperoncoti...
micro,Area 2,Area2_M01,Area2_M01.json,C511,8,Bouvieri Ortmann - Química Farmacéutico Biológ...,Bouvieri Ortmann - Química Farmac...,Bouvieri Ortmann - Química Farmacéutico Biológ...,Bouvieri Ortmann - Química Farmac...,current_clean,short_long,0.75,0.0,Química Farmacéutico Biológica,"Aislamiento y Purificacion de UNA Hormona Neurodepresora de la Glandula Sinusal... | Caracterizacion de UNA Hormona Neurodepresora de la Glandula Sinusal del Acocil... | Aislamiento, Purificacion y Caracterizacion de UNA Hormona Neurodepresora de la..."
micro,Area 2,Area2_M01,Area2_M01.json,C513,8,Crevicular Gingival - Cirujano Dentista,Crevicular Gingival - Cirujano de...,Crevicular Gingival - Cirujano Dentista,Crevicular Gingival - Cirujano De...,current_clean,short_long,0.875,0.0,Cirujano Dentista,Componentes del Fluido Crevicular Gingival | El Fluido Crevicular Gingival y SU Importancia Clínica | Enfermedades Inflamatorias Gingivitis y Parodontitis
micro,Area 2,Area2_M01,Area2_M01.json,C519,8,Cobre Ratas - Química Farmacéutico Biológ...,Cobre Ratas - Química Farmacéutic...,Cobre Ratas - Química Farmacéutico Biológ...,Cobre Ratas - Química Farmacéutic...,current_clean,short_long,1.0,0.0,Química Farmacéutico Biológica,Evaluación del Efecto del Cobre en UN Modelo Experimental de la Enfermedad de H... | Niveles de Cobre en Ratas Intoxicadas por Talio | El Cobre y las Cuproproteinas en la Enfermedad de Parkinson
micro,Area 2,Area2_M01,Area2_M01.json,C553,7,Relación Centrica - Cirujano Dentista,Relación Centrica - Cirujano Dent...,Relación Centrica - Cirujano Dentista,Relación Centrica - Cirujano Dent...,current_clean,short_long,0.8571,0.0,Cirujano Dentista,Tecnicas para el Registro Introclusal en Relación Centrica | Obtencion y Mantenimiento de la Relación Centrica | Valoracion de las Diferentes Tecnicas para la Obtencion de la Relación Centrica...
micro,Area 2,Area2_M01,Area2_M01.json,C570,7,BCR ABL - Ciencias Bioquimicas,BCR ABL - Ciencias Bioquimicas,BCR ABL - Ciencias Bioquimicas,BCR ABL - Ciencias Bioquimicas,current_clean,,1.0,0.0,Ciencias Bioquimicas,Caracterización Energética del Reconocimiento de ATP por el Dominio Catalítico... | Determinantes Energéticos de la Interacción Entre Imatinib y el Dominio Tirosin... | Estabilidad Termodinámica y Bases Energéticas de la Unión del Dominio Tirosina...
micro,Area 2,Area2_M01,Area2_M01.json,C575,7,Urgencias Pediatricas,Urgencias Pediatricas,Urgencias Pediatricas,Urgencias Pediatricas,current_clean,,0.8571,0.0,Urgencias Pediatricas,Identificación de Biomarcadores de Origen Aminoacídico : Análisis de los Factor... | Identificación de Biomarcadores de Origen Aminoacídico en Pacientes con Traumat... | Identificación de Biomarcadores de Origen Aminoacídico en Pacientes con Traumat...
micro,Area 2,Area2_M01,Area2_M01.json,C592,6,Químico Pruebas Farmacologicas - Química Farmacéutico...,Químico Pruebas Farmacologicas -...,Químico Pruebas Farmacologicas - Química Farmacéutico...,Químico Pruebas Farmacologicas -...,current_clean,short_long,0.6667,0.0,Química Farmacéutico Biológica,Estudio Químico y Pruebas Farmacologicas Preliminares de Zanthoxylum la Corteza... | Estudio Químico y Pruebas Farmacologicas Preliminares de la Corteza de Juliania... | Evaluación Farmacologica de la Acción Antiulcerosa de la Infusion de la Corteza...
micro,Area 2,Area2_M01,Area2_M01.json,C599,6,Trombospondina TSP - Psicología,Trombospondina TSP - Psicología,Trombospondina TSP - Psicología,Trombospondina TSP - Psicología,current_clean,,1.0,0.0,Psicología,Expresión de Trombospondina-1 (Tsp-1) en Ratones C57bl | Expresión de Trombospondina-1 (Tsp-1) en la Microglía del Hipocampo de Ratón | Expresión de Trombospondina-1 (Tsp-1) en Hipocampo de Ratones Expuestos A Separ...
micro,Area 2,Area2_M01,Area2_M01.json,C614,6,Dioxido Titanio - Biología,Dioxido Titanio - Biología,Dioxido Titanio - Biología,Dioxido Titanio - Biología,current_clean,,0.8333,0.0,Biología,"Las Nanofibras de Dióxido de Titanio Promueven Marcadores Angiogénicos, de Tran... | Las Nanopartículas de Dióxido de Titanio Promueven la Invasión y la Proliferaci... | Efecto de la Exposición A Nanopartículas de Dióxido de Titanio en la Función Mi..."
micro,Area 2,Area2_M01,Area2_M01.json,C626,6,Relación Estructura Funcion - Neurobiologia,Relación Estructura Funcion - NEU...,Relación Estructura Funcion - Neurobiologia,Relación Estructura Funcion - Neu...,current_clean,short_long,1.0,0.0,Neurobiologia,Estudio Sobre la Relación Estructura-función de las Vasoinhibinas Recombinantes | Análisis de la Relación Estructura-función de la Vasoinhibina | Análisis de la Contribución de la Integrina Α5β1 AL Efecto Antiangiogénico de l...
micro,Area 2,Area2_M01,Area2_M01.json,C636,6,Bioquímica,Bioquímica,Bioquímica,Bioquímica,current_clean,,0.5,0.0,Bioquímica,Efectos y Mecanismo de Acción de la Toxina Pertussis Sobre la Activación Adrené... | Acciones y Mecanismos de Acción de la Toxina Pertussis | Estudio de la Regulación y de la Funcion de Receptores Alfa Adrenergicos y Coli...
micro,Area 2,Area2_M01,Area2_M01.json,C667,6,Psiquiatria,Psiquiatria,Psiquiatria,Psiquiatria,current_clean,,0.8333,0.0,Psiquiatria,Oxido Nitrico y Esquizofrenia : Medicion de SU VIA Metabolica en el Liquido Cef... | Oxido Nitrico y Esquizofrenia : Niveles de Nitritos y Nitratos en Liquido Cefal... | Cuantificacion de Arginina y Citrulina en el Liquido Cefalorraquideo de Pacient...
micro,Area 2,Area2_M01,Area2_M01.json,C691,5,Senos Paranasales - Cirujano Dentista,Senos Paranasales - Cirujano Dent...,Senos Paranasales - Cirujano Dentista,Senos Paranasales - Cirujano Dent...,current_clean,short_long,0.8,0.0,Cirujano Dentista,Consideraciones Generales Sobre Senos Paranasales | Algunos Aspectos Sobre la Paranoica | Seno Maxilar : Senos Paranasales
micro,Area 2,Area2_M01,Area2_M01.json,C714,5,Sindrome Shwachman - Ciencias Bioquimicas,Sindrome Shwachman - Ciencias BIO...,Sindrome Shwachman - Ciencias Bioquimicas,Sindrome Shwachman - Ciencias Bio...,current_clean,short_long,1.0,0.0,Ciencias Bioquimicas,Caracterización de la Interacción Entre la Proteína Efl1 y la Proteína del Sínd... | Caracterización de la Mutación Efl1-t137a Implicada en el Síndrome de Shwachman... | Síndrome Shwachman-diamond
micro,Area 2,Area2_M01,Area2_M01.json,C744,5,Vesiculas Extracelulares - Química Farmacéutico Bioló...,Vesiculas Extracelulares - Químic...,Vesiculas Extracelulares - Química Farmacéutico Bioló...,Vesiculas Extracelulares - Químic...,current_clean,short_long,1.0,0.0,Química Farmacéutico Biológica,Papel de las Vesículas Extracelulares y los Micrornas en el Desarrollo de la At... | Análisis de la Participación de los Micrornas en la Regulación Transcripcional... | Caracterización Molecular de las Vesículas Extracelulares Plasmáticas de Indivi...
micro,Area 2,Area2_M01,Area2_M01.json,C761,5,Investigacion Biomedica Basica,Investigacion Biomedica Basica,Investigacion Biomedica Basica,Investigacion Biomedica Basica,current_clean,,1.0,0.0,Investigacion Biomedica Basica,Análisis Funcional y Molecular de la Regulación Sexual Dimorfica del Contranspo... | Análisis Funcional de Quimeras del Extremo Aminoterminal Entre los Cotransporta... | Efecto del Genero Sobre la Respuesta A la Administración Aguda de Tiazida y la...
micro,Area 2,Area2_M01,Area2_M01.json,C781,5,Axolotl Ambystoma Mexicanum - Ciencias Biomedicas,Axolotl Ambystoma Mexicanum - CIE...,Axolotl Ambystoma Mexicanum - Ciencias Biomedicas,Axolotl Ambystoma Mexicanum - Cie...,current_clean,short_long,0.8,0.0,Ciencias Biomedicas,"Estudio Ontogenetico de los Peptidos Opioides en la Hipofisis del Axolotl Ambys... | Estudio Inmunohistoquimico de la Distribucion Anatomica de los Peptidos Opioide... | Ontogenia de los Peptidos Opioides en el Sistema Nervioso Central del Axolotl,..."
micro,Area 2,Area2_M02,Area2_M02.json,C11,7607,Cardiologia,Cardiologia,Cardiologia,Cardiologia,current_clean,,0.9579,0.0,Cardiologia,Cardiopatia y Embarazo | Alteraciones Electrocardiograficas en Pacientes con Enfermedades Neurologicas | Paro Cardiaco
micro,Area 2,Area2_M02,Area2_M02.json,C19,6541,Hospital Regional - Cirugía General,Hospital Regional - Cirugía Gener...,Hospital Regional - Cirugía General,Hospital Regional - Cirugía Gener...,current_clean,short_long,0.9771,0.0,Cirugía General,Embarazo Abdominal | Complicaciones en Cirugía Gastrica | La Exploracion Funcional del Estomago
micro,Area 2,Area2_M02,Area2_M02.json,C24,5538,Atencion Médica - Enfermeria y Obstetricia,Atencion Médica - Enfermeria y OB...,Atencion Médica - Enfermeria y Obstetricia,Atencion Médica - Enfermeria y Ob...,current_clean,short_long,0.647,0.0,Enfermeria y Obstetricia,Centro de Salud | Residencia en Medicina Conductual | Análisis de Procesos e Implantacion del Modelo ABC para el Control de Inventari...
micro,Area 2,Area2_M02,Area2_M02.json,C25,5396,Anestesia Local - Anestesiología,Anestesia Local - Anestesiología,Anestesia Local - Anestesiología,Anestesia Local - Anestesiología,current_clean,,0.9705,0.0,Anestesiología,Anestesia Local | Anestesia en la Práctica Odontologica | Diferencia del Consumo de Opioide Entre DOS Esquemas de Analgesia Multimodal pa...
micro,Area 2,Area2_M02,Area2_M02.json,C28,5175,Hospital Infantil Federico - Pediatría,Hospital Infantil Federico - Pedi...,Hospital Infantil Federico - Pediatría,Hospital Infantil Federico - Pedi...,current_clean,short_long,0.8073,0.0,Pediatría,Encajando Conos en Hiperespacios | Comparacion de Metolazone y Furosemide en el Tratamiento del Edema Secundario A... | Seguimiento y Valoracion en el Tratamiento de la Enterocolitis Necrosante
micro,Area 2,Area2_M02,Area2_M02.json,C29,4858,Caries Dental - Cirujano Dentista,Caries Dental - Cirujano Dentista,Caries Dental - Cirujano Dentista,Caries Dental - Cirujano Dentista,current_clean,,0.8726,0.0,Cirujano Dentista,Riesgos y Complicaciones Inmediatas AL Procedimiento de Extracción Dental | Cementos Dentales | Terapéutica Pulpar en Dientes Temporales y Permanentes Jovenes
micro,Area 2,Area2_M02,Area2_M02.json,C33,4633,Enfermedades Respiratorias - Pediatría,Enfermedades Respiratorias - Pedi...,Enfermedades Respiratorias - Pediatría,Enfermedades Respiratorias - Pedi...,current_clean,short_long,0.9443,0.0,Pediatría,Diagnóstico de Conexión Anomala de Venas Pulmonares por Ecocardiografía Versus... | Evaluación Funcional Respiratoria en Niños Mayores de 5 Años con Antecedente de... | Manejo Anestesico del Paciente Hipertenso
micro,Area 2,Area2_M02,Area2_M02.json,C36,4390,Ortopedia,Ortopedia,Ortopedia,Ortopedia,current_clean,,0.9508,0.0,Ortopedia,Tratamiento de las Fracturas del Cuello Anatomico del Femur por el Enclavijamie... | Osteomielitis de los Maxilares | Osteogenesis Imperfecta
micro,Area 2,Area2_M02,Area2_M02.json,C37,4358,Instituto Nacional Neurología - Cirujano Dentista,Instituto Nacional Neurología - C...,Instituto Nacional Neurología - Cirujano Dentista,Instituto Nacional Neurología - C...,current_clean,short_long,0.9045,0.0,Cirujano Dentista,"Evaluación Funcional de los Pacientes Postoperados de Malformacion Anorectal Al... | ""Atención Multidisciplinaria en Pacientes con Diagnóstico de Infarto Cerebral A... | Cambios en el Análisis de Marcha en Pacientes con Parálisis Cerebral Posterior..."
micro,Area 2,Area2_M02,Area2_M02.json,C59,3319,Tratamiento Parodontal - Cirujano Dentista,Tratamiento Parodontal - Cirujano...,Tratamiento Parodontal - Cirujano Dentista,Tratamiento Parodontal - Cirujano...,current_clean,short_long,0.784,0.0,Cirujano Dentista,Manejo del Recien Nacido con Labio y Paladar Hendido | La Odontopediatria en la Práctica General | Principios de Odontopediatria
micro,Area 2,Area2_M02,Area2_M02.json,C65,3048,Nefrologia,Nefrologia,Nefrologia,Nefrologia,current_clean,,0.9698,0.0,Nefrologia,Incidencia y Evolución de la Lesión Renal Aguda en Pacientes Hospitalizados en... | Evaluación del Estado Bioquimico de Pacientes Pediatricos con Insuficiencia Ren... | Utilidad de la Fórmula de Cockroft-gault para Detectar Insuficiencia Renal en P...
micro,Area 2,Area2_M02,Area2_M02.json,C67,2967,Desprendimiento Retina - Oftalmologia,Desprendimiento Retina - Oftalmol...,Desprendimiento Retina - Oftalmologia,Desprendimiento Retina - Oftalmol...,current_clean,short_long,0.8743,0.0,Oftalmologia,Desprendimiento de Retina Regmatogeno : Análisis de Resultados Anatomicos y Fun... | Oclusion de Vena Central de la Retina | Oftalmia Simpatica
micro,Area 2,Area2_M02,Area2_M02.json,C74,2559,Rinitis Alergica - Dermatologia,Rinitis Alergica - Dermatologia,Rinitis Alergica - Dermatologia,Rinitis Alergica - Dermatologia,current_clean,,0.9547,0.0,Dermatologia,Asma Bronquial | Psoriasis | Sinusitis
micro,Area 2,Area2_M02,Area2_M02.json,C76,2529,Odontología Pediatrica - Cirujano Dentista,Odontología Pediatrica - Cirujano...,Odontología Pediatrica - Cirujano Dentista,Odontología Pediatrica - Cirujano...,current_clean,short_long,0.8913,0.0,Cirujano Dentista,"Hospital Materno Infantil en Puebla, PUE | Parodoncia en Ninos | Estudio Epidemiologico del Paciente Hospitalizado en el Servicio de Urgencias P..."
micro,Area 2,Area2_M02,Area2_M02.json,C77,2470,Trastornos Hemorragicos - Cirujano Dentista,Trastornos Hemorragicos - Cirujan...,Trastornos Hemorragicos - Cirujano Dentista,Trastornos Hemorragicos - Cirujan...,current_clean,short_long,0.947,0.0,Cirujano Dentista,Enfermedad de Niemann-pick | Infecciones Fúngicas Invasivas en Niños con Cáncer en el Instituto Nacional de... | Hemorragia Bucal
micro,Area 2,Area2_M02,Area2_M02.json,C82,2334,Cirrosis Hepatica - Cirugía General,Cirrosis Hepatica - Cirugía Gener...,Cirrosis Hepatica - Cirugía General,Cirrosis Hepatica - Cirugía Gener...,current_clean,short_long,0.9644,0.0,Cirugía General,Histopatologia Pulpar | Hepatitis Intercelular | Hepatitis Cronica
micro,Area 2,Area2_M02,Area2_M02.json,C85,2151,Cavidad Oral - Cirujano Dentista,Cavidad Oral - Cirujano Dentista,Cavidad Oral - Cirujano Dentista,Cavidad Oral - Cirujano Dentista,current_clean,,0.7903,0.0,Cirujano Dentista,Lesiones Blancas de la Mucosa Bucal | Rehabilitacion Oral | Habitos Orales
micro,Area 2,Area2_M02,Area2_M02.json,C86,2134,Lesiones Cervicales - Ginecologia y Obstetricia,Lesiones Cervicales - Ginecologia...,Lesiones Cervicales - Ginecologia y Obstetricia,Lesiones Cervicales - Ginecologia...,current_clean,short_long,0.9569,0.0,Ginecologia y Obstetricia,Prolactinoma y Embarazo | Vulvovaginitis en Pediatría | Lesiones Quisticas
micro,Area 2,Area2_M02,Area2_M02.json,C88,1999,Fundamentales Protesis Fija - Cirujano Dentista,Fundamentales Protesis Fija - CIR...,Fundamentales Protesis Fija - Cirujano Dentista,Fundamentales Protesis Fija - Cir...,current_clean,short_long,0.8554,0.0,Cirujano Dentista,Injerto Gingival Libre | Protesis Removible | Principios Fundamentales en Protesis Fija
micro,Area 2,Area2_M02,Area2_M02.json,C89,1996,Exploracion Sanitaria Municipio - Medico Cirujano,Exploracion Sanitaria Municipio -...,Exploracion Sanitaria Municipio - Medico Cirujano,Exploracion Sanitaria Municipio -...,current_clean,short_long,0.9659,0.0,Medico Cirujano,"Exploracion Sanitaria del Municipio de Villanueva, Zacatecas | Estudio Sanitario del Municipio de Coeneo, Michoacan | Informe General de la Exploracion Sanitaria de Estacion Santa Engracia Dependie..."
micro,Area 2,Area2_M02,Area2_M02.json,C92,1831,Seno Maxilar - Cirujano Dentista,Seno Maxilar - Cirujano Dentista,Seno Maxilar - Cirujano Dentista,Seno Maxilar - Cirujano Dentista,current_clean,,0.8897,0.0,Cirujano Dentista,Crecimiento y Desarrollo Craneo Facial | Fracturas de los Maxilares | Fracturas del Tercio Inferior de la Cara
micro,Area 2,Area2_M02,Area2_M02.json,C98,1371,Hospital Infantil Estado - Otorrinolaringologia,Hospital Infantil Estado - Otorri...,Hospital Infantil Estado - Otorrinolaringologia,Hospital Infantil Estado - Otorri...,current_clean,short_long,0.8191,0.0,Otorrinolaringologia,Adenomiosis | Funcion de la Trompa de Eustaquio en Pacientes Postplastia de Paladar Hendido | Evaluación Clínica Comparativa Posterior A Tratamiento Topico en el Oido Cronic...
micro,Area 2,Area2_M02,Area2_M02.json,C102,1251,Enfermedad Periodontal - Cirujano Dentista,Enfermedad Periodontal - Cirujano...,Enfermedad Periodontal - Cirujano Dentista,Enfermedad Periodontal - Cirujano...,current_clean,short_long,0.8777,0.0,Cirujano Dentista,Injertos Periodontales | Alteraciones de la Articulacion Temporomandibular | Articulacion Temporomandibular Dolorosa
micro,Area 2,Area2_M02,Area2_M02.json,C106,1117,Anemia Prematuro - Química Farmacéutico Biológ...,Anemia Prematuro - Química Farmac...,Anemia Prematuro - Química Farmacéutico Biológ...,Anemia Prematuro - Química Farmac...,current_clean,short_long,0.9463,0.0,Química Farmacéutico Biológica,Toxoplasmosis Ocular | Utilidad de la Aplicacion de Vitamina K en el Recien Nacido | Determinar las Frecuencias de Anticuerpos Autoinmunes y de Aloanticuerpos en Pa...
micro,Area 2,Area2_M02,Area2_M02.json,C115,847,Ortodoncia Preventiva - Cirujano Dentista,Ortodoncia Preventiva - Cirujano...,Ortodoncia Preventiva - Cirujano Dentista,Ortodoncia Preventiva - Cirujano...,current_clean,short_long,0.8536,0.0,Cirujano Dentista,Principios Basicos de Ortodoncia | Generalidades en Ortodoncia Preventiva | Conceptos Generales de Ortodoncia Preventiva
micro,Area 2,Area2_M02,Area2_M02.json,C122,605,Consideraciones Endodoncia - Cirujano Dentista,Consideraciones Endodoncia - Ciru...,Consideraciones Endodoncia - Cirujano Dentista,Consideraciones Endodoncia - Ciru...,current_clean,short_long,0.795,0.0,Cirujano Dentista,Conceptos Generales de Endodoncia | Conceptos Generales en Endodoncia | Estabilizadores Endodonticos Intraoseos
micro,Area 2,Area2_M02,Area2_M02.json,C132,337,Cirugía Plastica y Reconstructiva,Cirugía Plastica y Reconstructiva,Cirugía Plastica y Reconstructiva,Cirugía Plastica y Reconstructiva,current_clean,,0.8665,0.0,Cirugía Plastica y Reconstructiva,Quemaduras en Pediatría | La Radiologia Como Metodo de Identificacion de Cadaveres en Odontología Forense | Programa de Difusion en la Prevencion de Accidentes por Quemadura para el Insti...
micro,Area 2,Area2_M02,Area2_M02.json,C134,306,Toxina Botulinica - Oftalmologia,Toxina Botulinica - Oftalmologia,Toxina Botulinica - Oftalmologia,Toxina Botulinica - Oftalmologia,current_clean,,0.9412,0.0,Oftalmologia,Características Clínicas en Pacientes Pediátricos con Migraña y Repercusión del... | Tratamiento del Ataque Agudo de Migrana en Ninos : Estudio Comparativo con Acet... | Migraña en Niños
micro,Area 2,Area2_M02,Area2_M02.json,C135,300,Ulcera Peptica - Cirugía General,Ulcera Peptica - Cirugía General,Ulcera Peptica - Cirugía General,Ulcera Peptica - Cirugía General,current_clean,,0.9767,0.0,Cirugía General,UN Tratamiento Medico de las Ulceras Gastroduodenales | Enfermedades Ulcerativas de la Boca | Ulceras en Estomatologia
micro,Area 2,Area2_M02,Area2_M02.json,C137,297,Meningitis Bacteriana - Pediatría Médica,Meningitis Bacteriana - Pediatría...,Meningitis Bacteriana - Pediatría Médica,Meningitis Bacteriana - Pediatría...,current_clean,short_long,0.9798,0.0,Pediatría Médica,Recurrencia de Meningiomas de Acuerdo A Resección de Simpson | Meningitis Meningococcica | Meningitis Bacteriana
micro,Area 2,Area2_M03,Area2_M03.json,C111,1007,Tuberculosis Pulmonar - Medico Cirujano,Tuberculosis Pulmonar - Medico CI...,Tuberculosis Pulmonar - Medico Cirujano,Tuberculosis Pulmonar - Medico Ci...,current_clean,short_long,0.8957,0.0,Medico Cirujano,Tuberculosis Genital Como Causa de Esterilidad en la Mujer | El Neumotorax Terapeutico en la Tuberculosis Pulmonar | Frecuencia de Diabetes Mellitus en Pacientes con Tuberculosis Pulmonar QUE Acud...
micro,Area 2,Area2_M03,Area2_M03.json,C151,167,Virus Dengue - Química Farmacéutico Biológ...,Virus Dengue - Química Farmacéuti...,Virus Dengue - Química Farmacéutico Biológ...,Virus Dengue - Química Farmacéuti...,current_clean,short_long,0.7964,0.0,Química Farmacéutico Biológica,Conocimiento Sobre la Prevención del Dengue Clásico | Participacion del Virus del Dengue en el Proceso Fibrinolitico | Epidemiologia del Dengue en el Hospital Infantil del Estado de Sonora
micro,Area 2,Area2_M03,Area2_M03.json,C153,157,Previo Paludismo - Medico Cirujano,Previo Paludismo - Medico Cirujano,Previo Paludismo - Medico Cirujano,Previo Paludismo - Medico Cirujano,current_clean,,0.949,0.0,Medico Cirujano,"Estudio Previo Sobre Paludismo y Exploracion Sanitaria en el Municipio de Rosar... | Informe General Sobre la Exploracion Sanitaria de Isla, VER. y Breve Estudio So... | Estudio Previo del Paludismo en Ciudad Guerrero, Tamps"
micro,Area 2,Area2_M03,Area2_M03.json,C358,16,Osteo Artritis - Medico Cirujano,Osteo Artritis - Medico Cirujano,Osteo Artritis - Medico Cirujano,Osteo Artritis - Medico Cirujano,current_clean,,1.0,0.0,Medico Cirujano,Los Injertos Oseos en la Terapia de las Formas Evolutivas de la Tuberculosis Os... | Las Osteoartritis Tuberculosas de los Miembros Inferiores y SU Tratamiento | Patologia Quirurgica. las Osteo-artritis Tuberculosa y SU Tratamiento
micro,Area 2,Area2_M03,Area2_M03.json,C711,5,Colesterol Total - Neumologia,Colesterol Total - Neumologia,Colesterol Total - Neumologia,Colesterol Total - Neumologia,current_clean,,1.0,0.0,Neumologia,"Asociacion Entre Colesterol Total Serico y las Cavitaciones en Pacientes con Tu... | Niveles Sericos de Colesterol Total, Linfocitos y SU Relación con Infeccion por... | El Colesterol Sanguineo Como Elemento para el Pronostico de la Tuberculosis Pul..."
micro,Area 2,Area2_M03,Area2_M03.json,C730,5,Tuberculosis Ocular - Oftalmologia,Tuberculosis Ocular - Oftalmologia,Tuberculosis Ocular - Oftalmologia,Tuberculosis Ocular - Oftalmologia,current_clean,,1.0,0.0,Oftalmologia,Los Padecimientos Tuberculosos del OJO | Manifestaciones Oculares de la Tuberculosis Miliar | Tuberculosis Ocular : Reto Diagnóstico y Resultados Clínicos en Población Mexic...
micro,Area 2,Area2_M04,Area2_M04.json,C42,4045,Adultos Mayores - Medicina Familiar,Adultos Mayores - Medicina Famili...,Adultos Mayores - Medicina Familiar,Adultos Mayores - Medicina Famili...,current_clean,short_long,0.5256,0.0,Medicina Familiar,Centro Geriatrico | Cirugía Preprotesica en el Paciente Geriatrico | El Sistema de Ahorro para el Retiro
micro,Area 2,Area2_M04,Area2_M04.json,C44,3974,Obesidad Ninos - Medicina Familiar,Obesidad Ninos - Medicina Familiar,Obesidad Ninos - Medicina Familiar,Obesidad Ninos - Medicina Familiar,current_clean,,0.8226,0.0,Medicina Familiar,Nutricion y Caries | Diagnóstico para la Promoción y Convicción de la Importancia de la Lactancia Ma... | Estudio Comparativo de Formulas Lacteas Especiales para Recien Nacidos Prematur...
micro,Area 2,Area2_M04,Area2_M04.json,C63,3090,Unidad Medicina Familiar - Psicología,Unidad Medicina Familiar - Psicol...,Unidad Medicina Familiar - Psicología,Unidad Medicina Familiar - Psicol...,current_clean,short_long,0.7683,0.0,Psicología,Examen Odontopsicologico de el Miedo y la Ansiedad en el Nino | Embarazo y Depresion | Frecuencia de Ansiedad y
micro,Area 2,Area2_M04,Area2_M04.json,C113,916,Trastornos Sueno - Medicina Familiar,Trastornos Sueno - Medicina Famil...,Trastornos Sueno - Medicina Familiar,Trastornos Sueno - Medicina Famil...,current_clean,short_long,0.7795,0.0,Medicina Familiar,Evaluación de UN Programa Psicoeducativo de Tratamiento Cognitivo Conductual pa... | Descripción del Estado Cognitivo y Calidad de Vida en el Paciente Geriátrico co... | Validación del Cuestionario Stop Bang para Identificar Apnea Obstructiva del Su...
micro,Area 2,Area2_M04,Area2_M04.json,C127,450,Sindrome Burnout - Psicología,Sindrome Burnout - Psicología,Sindrome Burnout - Psicología,Sindrome Burnout - Psicología,current_clean,,0.7689,0.0,Psicología,Síndrome de Burnout | Conocimiento de los Cirujanos Dentistas Pasantes de Odontología y Estudiantes S... | Sindrome de Burnout en los Medicos Legistas de la Secretaria de Salud del Distr...
micro,Area 2,Area2_M04,Area2_M04.json,C131,346,Sindrome Down - Cirujano Dentista,Sindrome Down - Cirujano Dentista,Sindrome Down - Cirujano Dentista,Sindrome Down - Cirujano Dentista,current_clean,,0.5116,0.0,Cirujano Dentista,Estudio Estomatologico del Sindrome de Down | Manejo del Nino con Sindrome de Down en el Consultorio Dental | Sindrome de Down
micro,Area 2,Area2_M04,Area2_M04.json,C158,133,Anorexia Bulimia - Psicología,Anorexia Bulimia - Psicología,Anorexia Bulimia - Psicología,Anorexia Bulimia - Psicología,current_clean,,0.5338,0.0,Psicología,Alteraciones Bucales en Pacientes con Anorexia y Bulimia | La Belleza QUE Mata : Reportaje Sobre Anorexia y Bulimia | Anorexia Nerviosa : UN Problema Nosologico
micro,Area 2,Area2_M04,Area2_M04.json,C217,30,Odontología Infantil - Cirujano Dentista,Odontología Infantil - Cirujano D...,Odontología Infantil - Cirujano Dentista,Odontología Infantil - Cirujano D...,current_clean,short_long,0.9667,0.0,Cirujano Dentista,Psicología Infantil en el Tratamiento Odontologico | Psicología en Odontología Infantil | Psicología Aplicada en Odontología Infantil
micro,Area 2,Area2_M04,Area2_M04.json,C273,21,Aditamentos Sobredentaduras - Cirujano Dentista,Aditamentos Sobredentaduras - CIR...,Aditamentos Sobredentaduras - Cirujano Dentista,Aditamentos Sobredentaduras - Cir...,current_clean,short_long,0.7143,0.0,Cirujano Dentista,Sobredentadura | Sobredentaduras | Sobredentaduras
micro,Area 2,Area2_M04,Area2_M04.json,C365,16,Atencion Médica Familiar - Medicina Familiar,Atencion Médica Familiar - Medici...,Atencion Médica Familiar - Medicina Familiar,Atencion Médica Familiar - Medici...,current_clean,short_long,1.0,0.0,Medicina Familiar,Modelo Sistematico de Atencion Médica Familiar | Modelo Sistematico de la Atencion Médica Familiar | Modelo Sistematico de la Atencion Medico Familiar
micro,Area 2,Area2_M04,Area2_M04.json,C419,12,Trastorno Espectro Autista - Neurología Pediatrica,Trastorno Espectro Autista - Neur...,Trastorno Espectro Autista - Neurología Pediatrica,Trastorno Espectro Autista - Neur...,current_clean,short_long,0.8333,0.0,Neurología Pediatrica,"Factores de Riesgo para el Desarrollo de Autismo en Pacientes Pediátricos con E... | Comparacion de la Frecuencia de Epilepsia, Tipo de Crisis, y Anormalidades Elec... | ""Proceso de Atención de Enfermería de UN Paciente Pediátrico con Alteración del..."
micro,Area 2,Area2_M04,Area2_M04.json,C734,5,Hipocalorica Niveles Leptina - Endocrinologia y Nutri...,Hipocalorica Niveles Leptina - en...,Hipocalorica Niveles Leptina - Endocrinologia y Nutri...,Hipocalorica Niveles Leptina - En...,current_clean,short_long,0.8,0.0,Endocrinologia y Nutriologia,"Efectos de UNA Dieta Hipocalorica en los Niveles de Leptina de Ayuno y Postpran... | Efecto de la Alimentación Hipocalórica Sobre los Niveles de Leptina Sérica en P... | Niveles Sericos de Leptina en Relación AL Indice de Masa Corporal, Concentracio..."
micro,Area 2,Area2_M05,Area2_M05.json,C14,7167,Respuesta Inmune - Medicina Veterinaria y Zoot...,Respuesta Inmune - Medicina Veter...,Respuesta Inmune - Medicina Veterinaria y Zoot...,Respuesta Inmune - Medicina Veter...,current_clean,short_long,0.8624,0.0,Medicina Veterinaria y Zootecnia,Aplicación del Protocolo para la Prevención de Transmisión Perinatal de VIH en... | Cambios Citologicos en Cavidad Oral de Pacientes Expuestos A Factores Irritativ... | Penicilina
micro,Area 2,Area2_M05,Area2_M05.json,C22,5587,Contribucion Puerperio Examen - Química Farmacéutico...,Contribucion Puerperio Examen - Q...,Contribucion Puerperio Examen - Química Farmacéutico....,Contribucion Puerperio Examen - Q...,current_clean,short_long,0.877,0.0,Química Farmacéutico Biológica,USO de Antibióticos en UN Hospital Pediátrico de Alta Especialidad | Complicaciones de Varicela en Niños Sanos | Halitosis
micro,Area 2,Area2_M05,Area2_M05.json,C142,238,Helicobacter Pylori - Química Farmacéutico Biológ...,Helicobacter Pylori - Química FAR...,Helicobacter Pylori - Química Farmacéutico Biológ...,Helicobacter Pylori - Química Far...,current_clean,short_long,0.9244,0.0,Química Farmacéutico Biológica,Hallazgos Endoscópicos en Pacientes con Infección por Helicobacter Pylori en el... | Modificaciones de los Criterios Histopatologicos en el Diagnostico de Infeccion... | Ulcera Peptica Perforada Asociada A Helicobacter Pylori
micro,Area 2,Area2_M05,Area2_M05.json,C152,158,Parasitosis Intestinales - Medico Cirujano,Parasitosis Intestinales - Medico...,Parasitosis Intestinales - Medico Cirujano,Parasitosis Intestinales - Medico...,current_clean,short_long,0.943,0.0,Medico Cirujano,"Estudio Sobre la Parasitosis Intestinal y Exploracion Sanitaria de Cocula, Guer... | El Problema de las Parasitosis Intestinales en la Poblacion de Xico, Veracruz | El Problema de la Parasitosis Intestinal en Camaron, VER"
micro,Area 2,Area2_M05,Area2_M05.json,C164,88,Chlamydia Trachomatis - Ginecologia y Obstetricia,Chlamydia Trachomatis - Ginecolog...,Chlamydia Trachomatis - Ginecologia y Obstetricia,Chlamydia Trachomatis - Ginecolog...,current_clean,short_long,0.9773,0.0,Ginecologia y Obstetricia,Incidencia de Infeccion por Chlamydia Trachomatis en la Paciente Embarazada | Incidencia de Chlamydia Trachomatis en las Conjuntivitis Foliculares Cronicas e... | Incidencia de Chlamydia Trachomatis en el Servicio de Ginecologia del Hospital...
micro,Area 2,Area2_M05,Area2_M05.json,C184,51,Fiebre Tifoidea - Medico Cirujano,Fiebre Tifoidea - Medico Cirujano,Fiebre Tifoidea - Medico Cirujano,Fiebre Tifoidea - Medico Cirujano,current_clean,,0.9804,0.0,Medico Cirujano,Fiebre Tifoidea | Experiencia con Fiebre Tifoidea en el Instituto Nacionl de Pediatría en los Ult... | La Fiebre Tifoidea
micro,Area 2,Area2_M05,Area2_M05.json,C205,35,Gingivitis Ulcerosa - Cirujano Dentista,Gingivitis Ulcerosa - Cirujano de...,Gingivitis Ulcerosa - Cirujano Dentista,Gingivitis Ulcerosa - Cirujano De...,current_clean,short_long,0.8571,0.0,Cirujano Dentista,Gingivitis Ulcero Necrosante Aguda | Gingivitis Necrosante Ulcerosa Aguda | Gingivitis Necrosante Ulcerosa
micro,Area 2,Area2_M05,Area2_M05.json,C245,25,Lentivirus Pequenos Rumiantes - Medicina Veterinaria...,Lentivirus Pequenos Rumiantes - M...,Lentivirus Pequenos Rumiantes - Medicina Veterinaria....,Lentivirus Pequenos Rumiantes - M...,current_clean,short_long,0.92,0.0,Medicina Veterinaria y Zootecnia,Comparación Filogenética Entre los Lentivirus de Pequeños Rumiantes : Revisión... | Detección de Lentivirus de Pequeños Rumiantes en Rebaños Mixtos de Ovinos y Cap... | Detección de DNA Proviral por PCR de Lentivirus de Pequeños Rumiantes del Epite...
micro,Area 2,Area2_M05,Area2_M05.json,C246,24,Pacientes Actinomicetoma - Cirujano Dentista,Pacientes Actinomicetoma - Ciruja...,Pacientes Actinomicetoma - Cirujano Dentista,Pacientes Actinomicetoma - Ciruja...,current_clean,short_long,0.9167,0.0,Cirujano Dentista,La Actinomicosis | Estudio Preliminar de la Respuesta Inmune Celular en Pacientes con Actinomiceto... | Generalidades Acerca de la Actinomicosis
micro,Area 2,Area2_M05,Area2_M05.json,C328,18,Importancia Clínica Farmacologica - Química Farmacéut...,Importancia Clínica Farmacologica...,Importancia Clínica Farmacologica - Química Farmacéut...,Importancia Clínica Farmacologica...,current_clean,short_long,0.9444,0.0,Química Farmacéutico Biológica,"Importancia Clínica y Farmacologica de las Cefalosporinas | Cefalosporinas | Usos, Aplicaciones y Contraindicaciones de Cefalosporinas en Pequeñas Especies..."
micro,Area 2,Area2_M05,Area2_M05.json,C364,16,Breve Alveolitis - Cirujano Dentista,Breve Alveolitis - Cirujano Denti...,Breve Alveolitis - Cirujano Dentista,Breve Alveolitis - Cirujano Denti...,current_clean,short_long,1.0,0.0,Cirujano Dentista,Alveolitis | Breve Estudio Sobre Alveolitis
micro,Area 2,Area2_M05,Area2_M05.json,C402,14,Nocardia Brasiliensis - Biología,Nocardia Brasiliensis - Biología,Nocardia Brasiliensis - Biología,Nocardia Brasiliensis - Biología,current_clean,,0.5714,0.0,Biología,Efecto de la Infeccion Experimental en Ratones con Nocardia Brasiliensis Sobre... | Papel de la Respuesta Celular y Humoral en Infecciones Producidas por Nocardia... | Respuesta Inmune en Animales Inoculados Experimentalmente con Nocardia Brasilie...
micro,Area 2,Area2_M05,Area2_M05.json,C420,12,Municipio Nieves - Medico Cirujano,Municipio Nieves - Medico Cirujano,Municipio Nieves - Medico Cirujano,Municipio Nieves - Medico Cirujano,current_clean,,0.5,0.0,Medico Cirujano,"Informe General Sobre la Exploración Sanitaria del Municipio de Nieves, Quinto... | Exploracion Sanitaria del Municipio de Nieves, Quinto Distrito del EDO. de Zaca... | Exploracion Sanitaria del Municipio de Nieves, Estado de Zacatecas"
micro,Area 2,Area2_M05,Area2_M05.json,C437,11,Estres Hierro - Biología,Estres Hierro - Biología,Estres Hierro - Biología,Estres Hierro - Biología,current_clean,,0.9091,0.0,Biología,"Respuesta A Estrés por Hierro en Gallibacterium Anatis | Expresion de Proteinas Reguladas por Hierro en Avibacterium Paragallinarum | El Hierro, Factor Regulador de la Expresion de Proteinas en Escherichia Coli En..."
micro,Area 2,Area2_M05,Area2_M05.json,C454,10,Estreptococo Beta Hemolitico - Química Farmacéutico B...,Estreptococo Beta Hemolitico - QU...,Estreptococo Beta Hemolitico - Química Farmacéutico B...,Estreptococo Beta Hemolitico - Qu...,current_clean,short_long,0.8,0.0,Química Farmacéutico Biológica,Asociacion de Antiestreptolisinas y Deficiencia en la Respuesta Inmune AL Estre... | Estudio de UN Medio de Cultivo Selectivo y Enriquecido para el Aislamiento de E... | Estudio Comparativo de Diferentes Métodos para el Aisalamiento e Identificacion...
micro,Area 2,Area2_M05,Area2_M05.json,C460,10,Neisseria Gonorrhoeae - Química Farmacéutico Biológ...,Neisseria Gonorrhoeae - Química F...,Neisseria Gonorrhoeae - Química Farmacéutico Biológ...,Neisseria Gonorrhoeae - Química F...,current_clean,short_long,0.8,0.0,Química Farmacéutico Biológica,"La Gonorreaccion | Estudio Epidemiologico de Neisseria Gonorrhoeae en Pacientes de Consulta Extern... | Etiologia, Patologia y Diagnostico de la Gonorrea"
micro,Area 2,Area2_M05,Area2_M05.json,C461,10,Pancratitis Aguda - Pediatría Médica,Pancratitis Aguda - Pediatría MÉD...,Pancratitis Aguda - Pediatría Médica,Pancratitis Aguda - Pediatría Méd...,current_clean,short_long,1.0,0.0,Pediatría Médica,Panencefalitis Esclerosante Sub-aguda | Análisis de los Indices Pronosticos en Pancratitis Aguda | Revision Bibliografica de Panencefalitis Esclerosante Subaguda : Presentacion d...
micro,Area 2,Area2_M05,Area2_M05.json,C492,8,Fosfatasa Alcalina - Cirugía General,Fosfatasa Alcalina - Cirugía Gene...,Fosfatasa Alcalina - Cirugía General,Fosfatasa Alcalina - Cirugía Gene...,current_clean,short_long,1.0,0.0,Cirugía General,Análisis de Factores de Riesgo de Fosfatasa Alcalina Serica Normal en Pacientes... | Determinación de Fosfatasa Alcalina en Leucocitos Humanos | Diferenciación Cinética de las Fosfatasas Alcalinas del Suero y SU Importancia...
micro,Area 2,Area2_M05,Area2_M05.json,C504,8,Dermatophagoides Pteronyssinus - Química Farmacéutico...,Dermatophagoides Pteronyssinus -...,Dermatophagoides Pteronyssinus - Química Farmacéutico...,Dermatophagoides Pteronyssinus -...,current_clean,short_long,1.0,0.0,Química Farmacéutico Biológica,"Estandarizacion Biológica de Extractos Alergenicos de Dermatophagoides Pteronys... | Estudio Comparativo de los Niveles de Anticuerpos (IG GI e IG G4) Entre Pacient... | Reactividad Cruzada Entre Anticuerpos IGE e Igg1, de Pacientes Alérgicos AL Áca..."
micro,Area 2,Area2_M05,Area2_M05.json,C623,6,Respuesta Inmune Humoral - Biología,Respuesta Inmune Humoral - Biolog...,Respuesta Inmune Humoral - Biología,Respuesta Inmune Humoral - Biolog...,current_clean,short_long,0.8333,0.0,Biología,Respuesta Inmune Humoral A Antigenos de Sporothrix Schenckii | Estudio de Algunos Aspectos Epidemiologicos y Patogenicos de Sporothris Schenck... | Estudio Inmunogenetico de Casos de Esporotricosis y Poblacion Expuesta A Sporot...
micro,Area 2,Area2_M05,Area2_M05.json,C656,6,Histophilus Somni - Ciencias de la Produccion y...,Histophilus Somni - Ciencias de L...,Histophilus Somni - Ciencias de la Produccion y...,Histophilus Somni - Ciencias de l...,current_clean,short_long,0.8333,0.0,Ciencias de la Produccion y de la Salud Animal,Estudio de los Perfiles de Proteinas Totales en Aislamientos de Histophilus Som... | Análisis de Proteínas Inmunogénicas Secretadas por Histophilus Somni | Estudio de Efecto de la Infección Causada por Trichimella Spiralis Sobre el Pat...
micro,Area 2,Area2_M05,Area2_M05.json,C721,5,Proteina Reactiva - Cirugía General,Proteina Reactiva - Cirugía Gener...,Proteina Reactiva - Cirugía General,Proteina Reactiva - Cirugía Gener...,current_clean,short_long,1.0,0.0,Cirugía General,"Utilidad de la Proteina C Reactiva en Diagnóstico Oportuno de Fuga Anastomótica... | Elevación de Proteína C Reactiva, Procalcitonina y Velocidad de Sedimentación G... | Proteina C Reactiva Como Factor de Riesgo de Morbilidad en Pacientes Sometidos..."
micro,Area 2,Area2_M05,Area2_M05.json,C723,5,Angina Ludwig - Cirujano Dentista,Angina Ludwig - Cirujano Dentista,Angina Ludwig - Cirujano Dentista,Angina Ludwig - Cirujano Dentista,current_clean,,1.0,0.0,Cirujano Dentista,"Angina de Ludwig, Como Complicación de Infección Odontogénica, Diagnóstico y Tr... | Angina de Ludwig, Como Complicación de UNA Infección Odontogénica : Diagnóstico... | Etiopatogenia y Manifestaciones Clínicas de Angina de Ludwig"
micro,Area 2,Area2_M05,Area2_M05.json,C728,5,LUZ Ultravioleta - Pediatría,LUZ Ultravioleta - Pediatría,LUZ Ultravioleta - Pediatría,LUZ Ultravioleta - Pediatría,current_clean,,0.8,0.0,Pediatría,Aplicacion de LUZ Ultravioleta para la Desinfeccion de Efluentes Secundarios co... | Determinación de la Presencia de Microorganismos Contaminantes Sobre Puntas de... | Efecto de la Desinfección Terminal con LUZ Ultravioleta Sobre la Incidencia de...
micro,Area 2,Area2_M05,Area2_M05.json,C732,5,Reservorio Ommaya - Neurocirugia,Reservorio Ommaya - Neurocirugia,Reservorio Ommaya - Neurocirugia,Reservorio Ommaya - Neurocirugia,current_clean,,1.0,0.0,Neurocirugia,USO de Bleomicina Local Mediante Reservorio de Ommaya en Craneofaringiomas Quis... | USO de Bleomicina con Reservorio Local en Craneofaringiomas Quisticos | USO de Bleomicina Local Mediante Reservorio de Ommaya en Craneofaringeomas Quis...
micro,Area 2,Area2_M05,Area2_M05.json,C754,5,Plasmodium Yoelii 17xl - Química Farmacéutico Biológ....,Plasmodium Yoelii 17xl - Química...,Plasmodium Yoelii 17xl - Química Farmacéutico Biológ....,Plasmodium Yoelii 17xl - Química...,current_clean,short_long,0.6,0.0,Química Farmacéutico Biológica,Estudio de la Influencia de Taenia Crassiceps en la Susceptibilidad A la Infecc... | Evaluación de la Especificidad de la Respuesta Inmune Durante UNA Infeccion Sec... | Estudio de la Inmunodulación en la Coinfección Taenia Crassiceps-plasmodium Yoe...
micro,Area 2,Area2_M05,Area2_M05.json,C782,5,Delecion 22q11 - Biología,Delecion 22q11 - Biología,Delecion 22q11 - Biología,Delecion 22q11 - Biología,current_clean,,0.8,0.0,Biología,Estudio Citogenético Mediante Fish en Pacientes con Probable Síndrome de Deleci... | Diagnosticar Mediante la Técnica de Fish A Pacientes con Probable Deleción 22q1... | Concordancia del Fish en Mucosa Oral y en Sangre Periférica en el Diagnóstico d...
micro,Area 2,Area2_M05,Area2_M05.json,C787,5,Blastocystis SPP - Pediatría,Blastocystis SPP - Pediatría,Blastocystis SPP - Pediatría,Blastocystis SPP - Pediatría,current_clean,,1.0,0.0,Pediatría,"Blastocystis Hominis, Correlación Clínica y Laboratorio | Estudio Sobre la Variabilidad Genética de la Catepsina B de Blastocystis SPP. d... | Estandarización de UN Sistema IN Vitro para Evaluación de Sensibilidad A Antipa..."
micro,Area 2,Area2_M05,Area2_M05.json,C790,5,Alergia e Inmunologia Clínica Pediatrica,Alergia e Inmunologia Clínica PED...,Alergia e Inmunologia Clínica Pediatrica,Alergia e Inmunologia Clínica Ped...,current_clean,short_long,1.0,0.0,Alergia e Inmunologia Clínica Pediatrica,Análisis Descriptivo del Comportamiento Inmunológico de los Pacientes con Ataxi... | Ataxia Telangiectasia : Revision del Patron Clinico. Experiencia de 25 Años en... | Estudio Inmunogenetico de la Ataxia Telangiectasia
micro,Area 2,Area2_M05,Area2_M05.json,C858,5,Farmacocinetica Ciprofloxacina - Química Farmacéutico...,Farmacocinetica Ciprofloxacina -...,Farmacocinetica Ciprofloxacina - Química Farmacéutico...,Farmacocinetica Ciprofloxacina -...,current_clean,short_long,1.0,0.0,Química Farmacéutico Biológica,Influencia del Tiempo de la Lesión Medular Sobre la Farmacocinética de la Cipro... | Farmacocinética de Ciprofloxacina Administrada por Infusión Intravenosa en Prim... | Farmacocinética de Ciprofloxacino en Mono Rhesus con Lesión Medular Experimenta...
micro,Area 2,Area2_M06,Area2_M06.json,C12,7226,Cancer Mama - Cirujano Dentista,Cancer Mama - Cirujano Dentista,Cancer Mama - Cirujano Dentista,Cancer Mama - Cirujano Dentista,current_clean,,0.9226,0.0,Cirujano Dentista,Evaluación del Efecto Microbicida de Leucocitos Humanos en Pacientes con Cancer... | Cancer Laringeo | Biopsia por Aspiracion con Aguja Fina
micro,Area 2,Area2_M06,Area2_M06.json,C103,1247,Leucemia Linfoblastica Aguda - Hematologia,Leucemia Linfoblastica Aguda - HE...,Leucemia Linfoblastica Aguda - Hematologia,Leucemia Linfoblastica Aguda - He...,current_clean,short_long,0.927,0.0,Hematologia,"Catastro Sanitario del Municipio de Tecozautla, Hidalgo | Epidemiologia de la Lesion Medular Traumatica en el Distrito Federal | Epidemiologia de la Enfermedad Parodontal"
micro,Area 2,Area2_M06,Area2_M06.json,C120,692,Cancer Prostata - Urologia,Cancer Prostata - Urologia,Cancer Prostata - Urologia,Cancer Prostata - Urologia,current_clean,,0.9783,0.0,Urologia,El Ultrasonido Transrectal y Biopsia en el Cancer de la Prostata | Algunas Consideraciones Sobre la Tecnica de la Prostatectomia Parcial con Trans... | Biopsia Transrectal de Prostata Guiada por Ultrasonido
micro,Area 2,Area2_M06,Area2_M06.json,C159,133,Cancer Cavidad Oral - Cirujano Dentista,Cancer Cavidad Oral - Cirujano de...,Cancer Cavidad Oral - Cirujano Dentista,Cancer Cavidad Oral - Cirujano De...,current_clean,short_long,0.9248,0.0,Cirujano Dentista,Tumores Benignos y Malignos de la Cavidad Oral | Carcinomas Orales | Cancer en Cavidad Oral
micro,Area 2,Area2_M06,Area2_M06.json,C195,40,Ameloblastoma Uniquistico - Cirujano Dentista,Ameloblastoma Uniquistico - Ciruj...,Ameloblastoma Uniquistico - Cirujano Dentista,Ameloblastoma Uniquistico - Ciruj...,current_clean,short_long,0.925,0.0,Cirujano Dentista,Ameloblastoma | Ameloblastoma Uniquistico : Presentacion de UN Caso Clinico | Ameloblastoma y SU Tratamiento
micro,Area 2,Area2_M06,Area2_M06.json,C243,25,C243 - Cirujano Dentista,C243 - Cirujano Dentista,C243 - Cirujano Dentista,C243 - Cirujano Dentista,current_clean,,1.0,0.0,Cirujano Dentista,Apicectomia
micro,Area 2,Area2_M06,Area2_M06.json,C287,20,Tumores Odontogenicos - Cirujano Dentista,Tumores Odontogenicos - Cirujano...,Tumores Odontogenicos - Cirujano Dentista,Tumores Odontogenicos - Cirujano...,current_clean,short_long,0.75,0.0,Cirujano Dentista,Tumores Odontogenicos | Tumores Odontogenicos
micro,Area 2,Area2_M06,Area2_M06.json,C294,19,Mesotelioma Pleural - Neumologia,Mesotelioma Pleural - Neumologia,Mesotelioma Pleural - Neumologia,Mesotelioma Pleural - Neumologia,current_clean,,1.0,0.0,Neumologia,Mesoteliomas Pleurales | Resultado de Pleuroneumonectomía para Mesotelioma Maligno en el Instituto Nacio... | Identificar los Micrornas en Tejido Pleural de Pacientes con Mesotelioma Pleura...
micro,Area 2,Area2_M06,Area2_M06.json,C438,11,Hiperplasia Epitelial - Cirujano Dentista,Hiperplasia Epitelial - Cirujano...,Hiperplasia Epitelial - Cirujano Dentista,Hiperplasia Epitelial - Cirujano...,current_clean,short_long,1.0,0.0,Cirujano Dentista,"Hiperplasia Epitelial Multifocal | Hiperplasia Epitelial Multifocal, Actualidades del Diagnóstico y Tratamiento :... | Hiperplasia Epitelial Multifocal Reporte de 2 Casos Manejados en la Clínica Est..."
micro,Area 2,Area2_M06,Area2_M06.json,C442,10,Coordinación Cobre - Química Farmacéutico Biológ...,Coordinación Cobre - Química Farm...,Coordinación Cobre - Química Farmacéutico Biológ...,Coordinación Cobre - Química Farm...,current_clean,short_long,0.9,0.0,Química Farmacéutico Biológica,Influencia del Metabolismo en la Actividad Antiproliferativa y Adoptotica del Q... | Evaluación Antineoplasica de Compuestos de Coordinación de Cobre (Casiopeinas)... | Determinacin de la Concentracin Intracelular de Cobre en Clulas Tumorales Hela...
micro,Area 2,Area2_M06,Area2_M06.json,C474,9,Nitrilotriacetato Hierro - Ciencias Bioquimicas,Nitrilotriacetato Hierro - Cienci...,Nitrilotriacetato Hierro - Ciencias Bioquimicas,Nitrilotriacetato Hierro - Cienci...,current_clean,short_long,1.0,0.0,Ciencias Bioquimicas,Efecto del Tratamiento con UN Concentrado de Arandano Sobre Alteraciones Induci... | Efecto del Pretratamiento con UN Extracto de Semillas de UVA Sobre el Daño Oxid... | Evolución del Comportamiento de C-jun y Moléculas Relacionadas en Distintas Eta...
micro,Area 2,Area2_M06,Area2_M06.json,C540,7,Celulas Escamosas - Cirujano Dentista,Celulas Escamosas - Cirujano Dent...,Celulas Escamosas - Cirujano Dentista,Celulas Escamosas - Cirujano Dent...,current_clean,short_long,1.0,0.0,Cirujano Dentista,Influencia de la Periodontitis en el Carcinoma Oral de Células Escamosas | Cáncer Como Factor de Riesgo de Enfermedad Periodontal | Prevalencia de Enfermedad Periodontal Post Tratamiento Citostático en Pacientes...
micro,Area 2,Area2_M06,Area2_M06.json,C564,7,Bioquímica Diagnostica,Bioquímica Diagnostica,Bioquímica Diagnostica,Bioquímica Diagnostica,current_clean,,1.0,0.0,Bioquímica Diagnostica,Expresión de los Genes Hsp90aa1 y Hsp90ab1 en Pacientes con Carcinoma Renal de... | Potencial Tumorigénico de Hsp90α y Hsp90β en UN Modelo de Cáncer Renal | Análisis de Expresión de los Genes Hsp90aa1 y Hsp90ab1 en Pacientes con Cáncer...
micro,Area 2,Area2_M06,Area2_M06.json,C679,6,Adenomas Pituitarios - Neurocirugia,Adenomas Pituitarios - Neurocirug...,Adenomas Pituitarios - Neurocirugia,Adenomas Pituitarios - Neurocirug...,current_clean,short_long,1.0,0.0,Neurocirugia,Resultados de Reseciones Quirurgicas de Adenomas Pituitarios por VIA Transeptal... | Tratamiento Quirurgico de la Apoplejia Pituitaria | Resultados del Manejo Quirurgico de 121 Adenomas Pituitarios Clinicamente NO Fu...
micro,Area 2,Area2_M06,Area2_M06.json,C680,6,Mitomicina Pacientes - Urologia,Mitomicina Pacientes - Urologia,Mitomicina Pacientes - Urologia,Mitomicina Pacientes - Urologia,current_clean,,1.0,0.0,Urologia,Actualizacion del USO de la Mitomicina C en Pacientes con Carcinoma Superficial... | Respuesta del Cancer de Vejiga Superficial Ante Tratamiento Intravesical con Mi... | Tratamiento Adyuvante con Mitomicina C en el Cancer Vesical Superficial
micro,Area 2,Area2_M06,Area2_M06.json,C699,5,Caracteristicas Clinicas Radiolog... - Anatomía Patol...,Caracteristicas Clinicas Radiolog...,Caracteristicas Clinicas Radiolog... - Anatomía Patol...,Caracteristicas Clinicas Radiolog...,current_clean,short_long,1.0,0.0,Anatomía Patologica,Condroblastoma | Caracteristicas Clinicas y Radiologicas del Condrosarcoma | Diagnostico Diferencial de Condrosarcoma y Condroblastoma : Estudios Anatomocli...
micro,Area 2,Area2_M06,Area2_M06.json,C785,5,Carcinoma Mucoepidermoide - Cirujano Dentista,Carcinoma Mucoepidermoide - Ciruj...,Carcinoma Mucoepidermoide - Cirujano Dentista,Carcinoma Mucoepidermoide - Ciruj...,current_clean,short_long,1.0,0.0,Cirujano Dentista,Conceptos Actuales del Carcinoma Mucoepidermoide | Paciente Pediátrico con Carcinoma Mucoepidermoide : Diagnóstico y Tratamiento | Carcinoma Mucoepidermoide de Alto Grado de Malignidad : (Caso Clínico)
micro,Area 2,Area2_M06,Area2_M06.json,C865,5,Odontologico Pmma - Cirujano Dentista,Odontologico Pmma - Cirujano Dent...,Odontologico Pmma - Cirujano Dentista,Odontologico Pmma - Cirujano Dent...,current_clean,short_long,0.8,0.0,Cirujano Dentista,Análisis del USO Odontológico del Pmma Combinado con Grafeno para la Elaboració... | Síntesis y Pruebas Físicas de Pmma para Reparación de Prótesis | Manufactura Aditiva Como UNA Herramienta para el Desarrollo de Moldes para Pmma
micro,Area 2,Area2_M06,Area2_M06.json,C874,5,Antigeno Nuclear Proliferacion - Química Farmacéutico...,Antigeno Nuclear Proliferacion -...,Antigeno Nuclear Proliferacion - Química Farmacéutico...,Antigeno Nuclear Proliferacion -...,current_clean,short_long,0.8,0.0,Química Farmacéutico Biológica,"Sobreexpresion y Purificacion del Antigeno Nuclear de Proliferacion Celular : P... | Evaluación de Variantes de Mrna del Antígeno Nuclear de Proliferación Celular (... | Revision Bibliografica Sobre Oncogenes, Metastasis en Neoplasias y Rearreglos M..."
micro,Area 2,Area2_M07,Area2_M07.json,C34,4506,Diabetes Mellitus - Medicina Familiar,Diabetes Mellitus - Medicina Fami...,Diabetes Mellitus - Medicina Familiar,Diabetes Mellitus - Medicina Fami...,current_clean,short_long,0.9245,0.0,Medicina Familiar,La Insulina en la Cicatrizacion de Algunas Ulceras Venereas | Tratamiento de la Diabetes | Factores de Riesgo en Pacientes con Diabetes Mellitus Tipo 2
micro,Area 2,Area2_M07,Area2_M07.json,C119,716,Pancreatitis Aguda - Cirugía General,Pancreatitis Aguda - Cirugía Gene...,Pancreatitis Aguda - Cirugía General,Pancreatitis Aguda - Cirugía Gene...,current_clean,short_long,0.9874,0.0,Cirugía General,Pancreatitis Aguda | Tratamiento Medico Quirurgico de la Pancreatitis Aguda Grave | Asociación Entre las Variables Utilizadas en Escalas de Severidad con la Presen...
micro,Area 2,Area2_M07,Area2_M07.json,C177,57,Pacientes Diabetes Mellitus - Cirujano Dentista,Pacientes Diabetes Mellitus - CIR...,Pacientes Diabetes Mellitus - Cirujano Dentista,Pacientes Diabetes Mellitus - Cir...,current_clean,short_long,0.9298,0.0,Cirujano Dentista,Enfermedades Periodontales en Pacientes con Diabetes Mellitus | Enfermedad Periodontal y Diabetes Mellitus | Influencia de la Diabetes Tipo II en la Enfermedad Periodontal
micro,Area 2,Area2_M07,Area2_M07.json,C216,30,Manifestaciones Orales - Cirujano Dentista,Manifestaciones Orales - Cirujano...,Manifestaciones Orales - Cirujano Dentista,Manifestaciones Orales - Cirujano...,current_clean,short_long,0.8333,0.0,Cirujano Dentista,Diabetes y SUS Manifestaciones Orales | Manifestaciones Orales de la Diabetes Mellitus | Manifestaciones Orales de la Diabetes Mellitus
micro,Area 2,Area2_M07,Area2_M07.json,C224,29,Diabetes Odontología - Cirujano Dentista,Diabetes Odontología - Cirujano D...,Diabetes Odontología - Cirujano Dentista,Diabetes Odontología - Cirujano D...,current_clean,short_long,0.7931,0.0,Cirujano Dentista,Diabetes en Odontología | La Diabetes en Odontología | Importancia de la Diabetes en Odontología
micro,Area 2,Area2_M07,Area2_M07.json,C490,8,Cavidad Bucal - Cirujano Dentista,Cavidad Bucal - Cirujano Dentista,Cavidad Bucal - Cirujano Dentista,Cavidad Bucal - Cirujano Dentista,current_clean,,0.875,0.0,Cirujano Dentista,Manifestaciones de la Diabetes Mellitus en la Cavidad Bucal | Diabetes Como Enfermedad Sistemica y Efectos Concomitantes en la Cavidad Bucal | Diabetes Mellitus y Principales Manifestaciones en Cavidad Bucal
micro,Area 2,Area2_M07,Area2_M07.json,C496,8,Diabetes Tipo - Medicina Familiar,Diabetes Tipo - Medicina Familiar,Diabetes Tipo - Medicina Familiar,Diabetes Tipo - Medicina Familiar,current_clean,,0.625,0.0,Medicina Familiar,"""Duelo por Enfermedad y SU Relación con la Adherencia AL Tratamiento en Pacient... | Clínica de Diabetes, Iztapalapa Cdmx | Eficacia de la Auriculopuntura Como Terapia Complementaria en Pacientes Diabéti..."
micro,Area 2,Area2_M07,Area2_M07.json,C503,8,Construccion Diabetes Mellitus - Psicología,Construccion Diabetes Mellitus -...,Construccion Diabetes Mellitus - Psicología,Construccion Diabetes Mellitus -...,current_clean,short_long,0.625,0.0,Psicología,El Proceso de Construccion de la Diabetes Mellitus | UNA Aproximacion A la Construccion de la Diabetes Mellitus | Algunos Conceptos Actuales Sobre Diabetes Mellitus
micro,Area 2,Area2_M07,Area2_M07.json,C694,5,Diabetes Mellitus Tipo - Endocrinologia Pediatrica,Diabetes Mellitus Tipo - Endocrin...,Diabetes Mellitus Tipo - Endocrinologia Pediatrica,Diabetes Mellitus Tipo - Endocrin...,current_clean,short_long,1.0,0.0,Endocrinologia Pediatrica,Evaluación del Nivel de Fuerza Muscular con Dinamómetro de Mano en Pacientes Pe... | Relación de Masa Muscular y Reserva Pancreática en Pacientes Pediátricos con Di... | Correlación Entre la Actividad Física Evaluado por el Cuestionario Paq-c y el C...
micro,Area 2,Area2_M07,Area2_M07.json,C770,5,Diabetico Cirugía Boca - Cirujano Dentista,Diabetico Cirugía Boca - Cirujano...,Diabetico Cirugía Boca - Cirujano Dentista,Diabetico Cirugía Boca - Cirujano...,current_clean,short_long,1.0,0.0,Cirujano Dentista,El Diabetico y la Cirugía de la Boca | Diabetes Mellitus y SUS Repercuciones en la Boca | Importancia de la Saliva para el Diagnóstico de Diabetes : Proyecto Papime Pe21...
micro,Area 2,Area2_M07,Area2_M07.json,C824,5,Isquemia Fria - Cirugía General,Isquemia Fria - Cirugía General,Isquemia Fria - Cirugía General,Isquemia Fria - Cirugía General,current_clean,,1.0,0.0,Cirugía General,Prevalencia de la Disfunción del Injerto Renal de Donador Fallecido Asociado A... | El Tiempo de Isquemia Fria Prolongada Como Factor de Riesgo para Rechazo Agudo... | Tiempo de Isquemia Caliente Como Factor de Riesgo en el Retardo de la Función I...
micro,Area 2,Area2_M07,Area2_M07.json,C829,5,Nanotecnologia Futuro Tratamiento - Química Farmacéut...,Nanotecnologia Futuro Tratamiento...,Nanotecnologia Futuro Tratamiento - Química Farmacéut...,Nanotecnologia Futuro Tratamiento...,current_clean,short_long,1.0,0.0,Química Farmacéutico Biológica,"La Nanotecnología Como el Futuro para el Tratamiento de la Diabetes Mellitus | Parches Poliméricos Bicapa Cargados con Nanopartículas de Propóleo para el Trat... | Nanomateriales Inorgánicos para el Tratamiento, Diagnóstico y Prevención de la..."
micro,Area 2,Area2_M07,Area2_M07.json,C835,5,Pacientes Pancreatitis Aguda - Medicina del Enfermo e...,Pacientes Pancreatitis Aguda - ME...,Pacientes Pancreatitis Aguda - Medicina del Enfermo e...,Pacientes Pancreatitis Aguda - Me...,current_clean,short_long,1.0,0.0,Medicina del Enfermo en Estado Critico,Estudio de Caso Aplicado A UNA Persona con Deterioro en la Necesidad de Oxigena... | Medicion del Gasto Energetico en Reposo y el Cociente Respiratorio en Pacientes... | Correlacion de las Variables de Monitoreo del Transporte Difusivo de Oxigeno en...
micro,Area 2,Area2_M07,Area2_M07.json,C840,5,Metabolismo Carbohidratos - Endocrinologia Pediatrica,Metabolismo Carbohidratos - Endoc...,Metabolismo Carbohidratos - Endocrinologia Pediatrica,Metabolismo Carbohidratos - Endoc...,current_clean,short_long,1.0,0.0,Endocrinologia Pediatrica,Frecuencia de las Alteraciones en el Metabolismo de los Carbohidratos en Pacien... | Frecuencia de las Alteraciones en el Metabolismo de los Carbohidratos en Pacien... | Alteracion en el Metabolismo de los Carbohidratos en Pacientes con Fibrosis Quí...
micro,Area 2,Area2_M07,Area2_M07.json,C859,5,Efecto Administración Oral - Química Farmacéutico BIO...,Efecto Administración Oral - Quím...,Efecto Administración Oral - Química Farmacéutico BIO...,Efecto Administración Oral - Quím...,current_clean,short_long,1.0,0.0,Química Farmacéutico Biológica,Efecto de la Administración Oral del Resveratrol Sobre el Control Metabólico y... | Efecto de la Administración Oral de Resveratrol Sobre Marcadores de Estrés Oxid... | Efecto de la Administración Oral de Resveratrol en Pacientes con Diabetes Melli...
micro,Area 2,Area2_M07,Area2_M07.json,C880,5,Diabetes Leucemia Hemofilia - Cirujano Dentista,Diabetes Leucemia Hemofilia - CIR...,Diabetes Leucemia Hemofilia - Cirujano Dentista,Diabetes Leucemia Hemofilia - Cir...,current_clean,short_long,1.0,0.0,Cirujano Dentista,Diabetes Leucemia y Hemofilia y SUS Importancia de la Odontología | Leucemia y Diabetes en Odontología | Evolucion de la Diabetes Mellitus Secundaria A Quimioterapia en Pacientes con L...
micro,Area 2,Area2_M08,Area2_M08.json,C13,7212,Parto Pretermino - Ginecologia y Obstetricia,Parto Pretermino - Ginecologia y...,Parto Pretermino - Ginecologia y Obstetricia,Parto Pretermino - Ginecologia y...,current_clean,short_long,0.9117,0.0,Ginecologia y Obstetricia,Neuroinfeccion en Neonatos Criticamente Enfermos con Sospecha Fundada de Sepsis | Neurodistonias Gravidicas | Embarazo Gemelar
micro,Area 2,Area2_M08,Area2_M08.json,C124,528,Diabetes Gestacional - Ginecologia y Obstetricia,Diabetes Gestacional - Ginecologi...,Diabetes Gestacional - Ginecologia y Obstetricia,Diabetes Gestacional - Ginecologi...,current_clean,short_long,0.9811,0.0,Ginecologia y Obstetricia,Diabetes Gestacional | Diabetes y Embarazo | Estudio de Valor Diagnostico Entre la Prueba de Tamiz de Glucosa y la Curva de...
micro,Area 2,Area2_M08,Area2_M08.json,C149,204,Ruptura Prematura Membranas - Ginecologia y Obstetric...,Ruptura Prematura Membranas - GIN...,Ruptura Prematura Membranas - Ginecologia y Obstetric...,Ruptura Prematura Membranas - Gin...,current_clean,short_long,0.9755,0.0,Ginecologia y Obstetricia,Ruptura Prematura de Membranas | Actualizacion del Estudio de la Flora Bacteriana Implicada en la Ruptura Premat... | Ruptura Prematura de Membranas
micro,Area 2,Area2_M08,Area2_M08.json,C218,30,Bacteriuria Asintomatica - Medicina Familiar,Bacteriuria Asintomatica - Medici...,Bacteriuria Asintomatica - Medicina Familiar,Bacteriuria Asintomatica - Medici...,current_clean,short_long,1.0,0.0,Medicina Familiar,Bacteriuria Asintomatica Durante el Embarazo | Incidencia de la Bacteriuria Asintomatica en el Embarazo | Bacteruria Asistomatica Durante el Embarazo
micro,Area 2,Area2_M08,Area2_M08.json,C236,26,Fibronectina Fetal - Ginecologia y Obstetricia,Fibronectina Fetal - Ginecologia...,Fibronectina Fetal - Ginecologia y Obstetricia,Fibronectina Fetal - Ginecologia...,current_clean,short_long,1.0,0.0,Ginecologia y Obstetricia,Fibronectina Fetal Predictor de Parto Pretermino | Determinación de Fibronectina Fetal Como Predictor de Parto Pretermino | Determinación de Fibronectina Fetal Como Predictor de Parto Pretermino Reporte...
micro,Area 2,Area2_M08,Area2_M08.json,C523,7,Efectos Colaterales - Química Farmacéutico Biológ...,Efectos Colaterales - Química FAR...,Efectos Colaterales - Química Farmacéutico Biológ...,Efectos Colaterales - Química Far...,current_clean,short_long,1.0,0.0,Química Farmacéutico Biológica,Efectos Colaterales de los Esteroides Anovulatorios | Efecto Anovulatorio del 11 | Bromocriptina y Anovulacion
micro,Area 2,Area2_M08,Area2_M08.json,C642,6,Parto Respetado Hospital - Enfermeria y Obstetricia,Parto Respetado Hospital - Enferm...,Parto Respetado Hospital - Enfermeria y Obstetricia,Parto Respetado Hospital - Enferm...,current_clean,short_long,1.0,0.0,Enfermeria y Obstetricia,"Tesina de Procedimientos de Parto Respetado en el Hospital General León | El Control Prenatal en el Hospital General de la S.s.a. los Mochis, SIN | Evaluación del Control Prenatal en la Clínica DR. Ignacio Chavez, del I.s.s.s.t..."
micro,Area 2,Area2_M08,Area2_M08.json,C717,5,Sistema Vigilancia - Epidemiologia,Sistema Vigilancia - Epidemiologia,Sistema Vigilancia - Epidemiologia,Sistema Vigilancia - Epidemiologia,current_clean,,0.8,0.0,Epidemiologia,Evaluación de Sistema de Vigilancia de Defunciones Maternas en el Distrito Fede... | Evaluación de las Acciones de la Búsqueda Intencionada y Reclasificación de Mue... | Análisis Victimológico de la Maternidad en el Distrito Federal
micro,Area 2,Area2_M08,Area2_M08.json,C746,5,Medicina Materno Fetal,Medicina Materno Fetal,Medicina Materno Fetal,Medicina Materno Fetal,current_clean,,1.0,0.0,Medicina Materno Fetal,Valores de Referencia de la Longitud del Hueso Nasal en Población Mexicana Dura... | Utilidad del Hueso Nasal Hipoplásico A las 11-14 Semanas de Gestación para la D... | Curvas de Normalidad de Hueso Nasal y Distancia Prenasal en Fetos Sanos 18-23.6...
micro,Area 2,Area2_M08,Area2_M08.json,C806,5,Unidad Cuidados Intensivos - Pediatría,Unidad Cuidados Intensivos - Pedi...,Unidad Cuidados Intensivos - Pediatría,Unidad Cuidados Intensivos - Pedi...,current_clean,short_long,1.0,0.0,Pediatría,Comparacion de DOS Escalas de Gravedad Neonatal 8crib VS Snappe-ii) para Evalua... | Escala de Gravedad Snap-pe II Como Factor Predictivo de Mortalidad Neonatal | Pronóstico del Recién Nacido Mediante la Escala de Snap en UNA Unidad de Cuidad...
micro,Area 2,Area2_M08,Area2_M08.json,C807,5,Cupula Vaginal - Ginecologia y Obstetricia,Cupula Vaginal - Ginecologia y OB...,Cupula Vaginal - Ginecologia y Obstetricia,Cupula Vaginal - Ginecologia y Ob...,current_clean,short_long,1.0,0.0,Ginecologia y Obstetricia,Factores de Riesgo para Prolapso de Cupula Vaginal y Complicaciones Asociadas A... | Colposacropexia y Tecnica de Moschcowitz en Pacientes con Prolapso de Cupula Va... | Tratamiento del Prolapso de Cúpula Vaginal Colposacropexia con Malla y Grapa
micro,Area 2,Area2_M08,Area2_M08.json,C821,5,Recien Nacido - Neonatologia,Recien Nacido - Neonatologia,Recien Nacido - Neonatologia,Recien Nacido - Neonatologia,current_clean,,1.0,0.0,Neonatologia,"Correlación Entre el CO2 Alveolar, Arterial y Capilarenel Recién Nacido Ventila... | Estudio Comparativo de Gasometria Arterial y Arterializada en Recien Nacido con... | Correlacion del CO2 Alveolar y el CO2 Arterial en el Recien Nacido"
micro,Area 2,Area2_M08,Area2_M08.json,C830,5,Escala Nosep - Neonatologia,Escala Nosep - Neonatologia,Escala Nosep - Neonatologia,Escala Nosep - Neonatologia,current_clean,,1.0,0.0,Neonatologia,Utilidad y Aplicacion de la Escala Nosep-1 para Determinar el Riesgo de Sepsis... | Evaluación de la Escala Neosep-1 para Deteccion Temprana de Sepsis Nosocomial e... | Validacion de Escala Diagnostica por Consenso para el Diagnostico de Sepsis Nos...
micro,Area 2,Area2_M09,Area2_M09.json,C125,503,Virus Papiloma Humano - Ginecologia y Obstetricia,Virus Papiloma Humano - Ginecolog...,Virus Papiloma Humano - Ginecologia y Obstetricia,Virus Papiloma Humano - Ginecolog...,current_clean,short_long,0.9085,0.0,Ginecologia y Obstetricia,Prevalencia del Virus del Papiloma Humano en Mujeres Infectadas con el Virus de... | Actitudes de la Pareja Ante el Reporte de Infección por Virus del Papiloma Huma... | Enmienda AL Estudio Validación de Biomarcadores Asociados AL Desarrollo y Pronó...
micro,Area 2,Area2_M09,Area2_M09.json,C138,286,Sida Odontología - Derecho,Sida Odontología - Derecho,Sida Odontología - Derecho,Sida Odontología - Derecho,current_clean,,0.4301,0.0,Derecho,El Sida y la Odontología | Cartel Folleto y Encuesta Contra el Sida | El Sida Como Riesgo de Trabajo
micro,Area 2,Area2_M09,Area2_M09.json,C150,180,Manifestaciones Bucales - Medico Cirujano,Manifestaciones Bucales - Medico...,Manifestaciones Bucales - Medico Cirujano,Manifestaciones Bucales - Medico...,current_clean,short_long,0.9611,0.0,Medico Cirujano,Sifilis Bucal | Sifilis | Breves Consideraciones Sobre la Sifilis Hereditaria
micro,Area 2,Area2_M09,Area2_M09.json,C515,8,Prevalencia Virus Epstein - Cirujano Dentista,Prevalencia Virus Epstein - Ciruj...,Prevalencia Virus Epstein - Cirujano Dentista,Prevalencia Virus Epstein - Ciruj...,current_clean,short_long,1.0,0.0,Cirujano Dentista,Prevalencia de Virus Epstein Barr en Estudiantes de Primer AÑO de la Carrera de... | Prevalencia del Virus Epstein-barr en Estudiantes de Primero y Segundo AÑO de l... | Prevalencia de Virus Epstein Barr en Estudiantes de Primer A Cuarto AÑO de la C...
micro,Area 2,Area2_M10,Area2_M10.json,C97,1429,Cancer Tiroides - Cirugía General,Cancer Tiroides - Cirugía General,Cancer Tiroides - Cirugía General,Cancer Tiroides - Cirugía General,current_clean,,0.9811,0.0,Cirugía General,Resultados del Tratamiento con 131 I en Pacientes Hipertiroideos | Tratamiento Quirurgico de las Hemorroides | Respuesta Clínica y de Laboratorio AL Manejo con Calcitriol en Pacientes con Ra...
micro,Area 2,Area2_M10,Area2_M10.json,C661,6,Enfermedad Graves - Endocrinologia y Nutriologia,Enfermedad Graves - Endocrinologi...,Enfermedad Graves - Endocrinologia y Nutriologia,Enfermedad Graves - Endocrinologi...,current_clean,short_long,1.0,0.0,Endocrinologia y Nutriologia,Efecto de la Reiniciacion del Metimazol Despues de DOS Dosis Diferentes de Radi... | Respuesta A Dosis de Radioyodo en Pacientes con Enfermedad de Graves y SU Relac... | Resultados Perinatales de las Pacientes Hipertiroideas Tratadas con Metimazol
micro,Area 2,Area2_M11,Area2_M11.json,C61,3156,Germinacion Maiz - Biología,Germinacion Maiz - Biología,Germinacion Maiz - Biología,Germinacion Maiz - Biología,current_clean,,0.5057,0.0,Biología,"El Albaceazgo y SU Naturaleza Jurídica | Centro Regulador de Produccion y Venta de Maiz Lerma, EDO. de México | Perspectivas de la Instrumentacion de UN Modelo para Actividades Productivas en..."
micro,Area 2,Area2_M11,Area2_M11.json,C129,423,Trypanosoma Cruzi - Biología,Trypanosoma Cruzi - Biología,Trypanosoma Cruzi - Biología,Trypanosoma Cruzi - Biología,current_clean,,0.7305,0.0,Biología,Caracterizacion Molecular de Aislados Mexicanos de Trypanosoma Cruzi | Perfil Proteico de la Hemolinfa de Triatoma Pallidipennis Infectado con Trypano... | Participacion de las Cisteinas en la Estabilidad y Estructura de la Triosafosfa...
micro,Area 2,Area2_M11,Area2_M11.json,C133,328,Phaseolus Vulgaris - Biología,Phaseolus Vulgaris - Biología,Phaseolus Vulgaris - Biología,Phaseolus Vulgaris - Biología,current_clean,,0.7348,0.0,Biología,Caracterizacion Molecular de las Adenil Ciclasas de Rhizobium Etli | Construccion de Mutaciones en las Regiones NIF de Rhizobium Phaseoli | Estudio del Papel de las Proteínas Avin34710 y Avin34720 en el Metabolismo de P...
micro,Area 2,Area2_M11,Area2_M11.json,C140,253,Arabidopsis Thaliana - Ciencias Bioquimicas,Arabidopsis Thaliana - Ciencias B...,Arabidopsis Thaliana - Ciencias Bioquimicas,Arabidopsis Thaliana - Ciencias B...,current_clean,short_long,0.7154,0.0,Ciencias Bioquimicas,Análisis Bioinformático de las Calmodulinas de Plantas en Arabidopsis Thaliana | UN Modelo de RED de Regulación Genica para la Determinación de Organos Florales... | Caracterización de UNA Mutante de Arabidopsis Thaliana Afectada en el Desarroll...
micro,Area 2,Area2_M11,Area2_M11.json,C147,207,Drosophila Melanogaster - Biología,Drosophila Melanogaster - Biología,Drosophila Melanogaster - Biología,Drosophila Melanogaster - Biología,current_clean,,0.5266,0.0,Biología,Evaluación del Efecto del Resveratrol Sobre la Genotoxicidad de la Nicotina en... | Evaluación del Posible Efecto Modulador del Resveratrol en Cotratamiento con Ni... | Estudio de UN Elemento Regulatorio Interno del Locus de Notch en Drosophila Mel...
micro,Area 2,Area2_M11,Area2_M11.json,C181,53,Caenorhabditis Elegans - Biología,Caenorhabditis Elegans - Biología,Caenorhabditis Elegans - Biología,Caenorhabditis Elegans - Biología,current_clean,,0.717,0.0,Biología,"La Proteína de Unión A RNA Tiar-1 Regula la Repuesta AL Estrés de las Células G... | El Efecto del Medio Ambiente Sobre la Apoptosis en la Linea Germinal del Nemato... | Estudio de la Relación Entre el Estrés, la Fusión Celular y la Apoptosis en la..."
micro,Area 2,Area2_M11,Area2_M11.json,C207,35,Rhodobacter Sphaeroides - Biología,Rhodobacter Sphaeroides - Biología,Rhodobacter Sphaeroides - Biología,Rhodobacter Sphaeroides - Biología,current_clean,,0.6,0.0,Biología,"Caracterización Genética de la Proteína Flgk, Componente Estructural del Flagel... | Estudio Sobre la Estructura de la Flagelina de Rhodobacter Sphaeroides | Estudio de las Segundas Copias de los Genes Flagelares de Rhodobacter Sphaeroid..."
micro,Area 2,Area2_M11,Area2_M11.json,C303,19,C303 - Cirujano Dentista,C303 - Cirujano Dentista,C303 - Cirujano Dentista,C303 - Cirujano Dentista,current_clean,,0.8421,0.0,Cirujano Dentista,Gingivitis | Gingivitis
micro,Area 2,Area2_M11,Area2_M11.json,C342,17,Biotecnologia,Biotecnologia,Biotecnologia,Biotecnologia,current_clean,,0.8824,0.0,Biotecnologia,Estudios de Expresion de la Dextransacarasa Producida por Leuconostoc Mesentero... | Inmovilizacion de Dextransacarasa de Leuconostoc Mesenteroides Nrrl-b-512 F | Origen y Propiedades de las Diversas Formas Observadas de la Dextransacarasa de...
micro,Area 2,Area2_M11,Area2_M11.json,C397,15,Solanum Tuberosum - Biología,Solanum Tuberosum - Biología,Solanum Tuberosum - Biología,Solanum Tuberosum - Biología,current_clean,,0.5333,0.0,Biología,"Efecto del Acido Acetil Salicilico en el Crecimiento de Yemas Axilares de Solan... | Análisis de la Capacidad de Germinacion, Establecimiento y Propagacion Vegetati... | Tuberizacion IN Vitro de Papa (Solanum SP) CV. Tollocan Como Respuesta A Difere..."
micro,Area 2,Area2_M11,Area2_M11.json,C399,14,Alergia e Inmunologia Clínica,Alergia e Inmunologia Clínica,Alergia e Inmunologia Clínica,Alergia e Inmunologia Clínica,current_clean,,1.0,0.0,Alergia e Inmunologia Clínica,Influencia de los Niveles de Linfocitos T CD4 | Relación CD4+ | Cifras de CD4+
micro,Area 2,Area2_M11,Area2_M11.json,C423,12,Sinorhizobium Meliloti - Ciencias Biomedicas,Sinorhizobium Meliloti - Ciencias...,Sinorhizobium Meliloti - Ciencias Biomedicas,Sinorhizobium Meliloti - Ciencias...,current_clean,short_long,0.9167,0.0,Ciencias Biomedicas,Caracterización Fisiológica de Mutantes en Sinorhizobium Meliloti Incapaces de... | Caracterización Génetica y Bioquímica de la Regulación de la Biosíntesis de la... | Smb20651 ES UNA Proteína Acarreadora de Acilos de Sinorhizobium Meliloti
micro,Area 2,Area2_M11,Area2_M11.json,C451,10,Euglena Gracilis - Química de Alimentos,Euglena Gracilis - Química de ALI...,Euglena Gracilis - Química de Alimentos,Euglena Gracilis - Química de Ali...,current_clean,short_long,0.7,0.0,Química de Alimentos,Mecanismos de Resistencia A Cadmio en Euglena Gracilis Heterofa | Mecanismos de Resistencia y Acumulación de Cromo en el Protista Euglena Gracilis | Expresion Genetica de Euglena Gracilis en Respuesta A Cadmio : Análisis Diferen...
micro,Area 2,Area2_M11,Area2_M11.json,C462,10,Citrobacter Rodentium - Ciencias Bioquimicas,Citrobacter Rodentium - Ciencias...,Citrobacter Rodentium - Ciencias Bioquimicas,Citrobacter Rodentium - Ciencias...,current_clean,short_long,0.6,0.0,Ciencias Bioquimicas,Estudio Sobre la Regulación del Operón Fimbrial ECP de Citrobacter Rodentium | Estudio del Papel de Rcsb en la Regulación del Operón Fimbrial ECP de Citrobact... | Análisis de la Expresión de los Operones Fimbriales de la Familia Chaperona-ush...
micro,Area 2,Area2_M11,Area2_M11.json,C486,9,Seleccion Natural - Biología,Seleccion Natural - Biología,Seleccion Natural - Biología,Seleccion Natural - Biología,current_clean,,0.5556,0.0,Biología,Estrategias de Enseñanza-aprendizaje para Lograr UN Aprendizaje Significativo e... | La Historia en la Enseñanza de la Teoría de la Selección Natural | Fenomenografía del Concepto de Selección Natural en Estudiantes Universitarios
micro,Area 2,Area2_M11,Area2_M11.json,C527,7,Brongniartia Intermedia Leguminos... - Química Farmac...,Brongniartia Intermedia Leguminos...,Brongniartia Intermedia Leguminos... - Química Farmac...,Brongniartia Intermedia Leguminos...,current_clean,short_long,0.8571,0.0,Química Farmacéutico Biológica,Aislamiento y Determinación Estructural de Metabolitos Secundarios Presentes en... | Actividad Anticoagulante de la 4`hidroxide-hidrocavaina Aislada de Brongniartia... | Evaluación del Efecto Broncodilatador de Extractos de Gnaphalium SP. en Anillos...
micro,Area 2,Area2_M11,Area2_M11.json,C543,7,Disgenesia Gonadal - Pediatría Médica,Disgenesia Gonadal - Pediatría MÉ...,Disgenesia Gonadal - Pediatría Médica,Disgenesia Gonadal - Pediatría Mé...,current_clean,short_long,1.0,0.0,Pediatría Médica,Disgenesia Gonadal | Disgenesia Gonodal | Disgenesia Gonadal Mixta
micro,Area 2,Area2_M11,Area2_M11.json,C578,7,Region Promotora GEN - Ciencias Biomedicas,Region Promotora GEN - Ciencias B...,Region Promotora GEN - Ciencias Biomedicas,Region Promotora GEN - Ciencias B...,current_clean,short_long,0.8571,0.0,Ciencias Biomedicas,Caracterizacion de la Region Promotora del GEN del Sarcoglicano [Alfa] | Aislamiento y Caracterizacion de la Region Promotora del GEN del Sarcoglicano E... | Efecto del Factor Transcripcional Sox9 Sobre la Actividad del Promotor del Sarc...
micro,Area 2,Area2_M11,Area2_M11.json,C586,7,Celulas Suspension - Biología,Celulas Suspension - Biología,Celulas Suspension - Biología,Celulas Suspension - Biología,current_clean,,0.7143,0.0,Biología,Efecto de Intermediarios Metabolicos de Capsacinoides por Celulas en Suspension... | Inmovilizacion de Celusas de Capsicum Chinense para la Produccion de Capsaicino... | Establecimiento del Cultivo de Callos y Celulas en Suspension de Tres Variedade...
micro,Area 2,Area2_M11,Area2_M11.json,C598,6,Alfa Amilasa - Química Farmacéutico Biológ...,Alfa Amilasa - Química Farmacéuti...,Alfa Amilasa - Química Farmacéutico Biológ...,Alfa Amilasa - Química Farmacéuti...,current_clean,short_long,0.6667,0.0,Química Farmacéutico Biológica,Estudio de Inhibidores de Amilasa en Granos de Maiz | Purificación y Caracterización de UN Inhibidor de Alfa Amilasa en el Maíz 4-28 | Implementación de UN Método para Determinar Inhibidores de Alfa-amilasa y SU Ap...
micro,Area 2,Area2_M11,Area2_M11.json,C620,6,Metodo Modificado Duplicacion - Química,Metodo Modificado Duplicacion - Q...,Metodo Modificado Duplicacion - Química,Metodo Modificado Duplicacion - Q...,current_clean,short_long,1.0,0.0,Química,Estudio del Metodo de Duplicacion de J en el Dominio de las Frecuencias para la... | Automatizacion del Metodo Modificado de Duplicacion de J en el Dominio de las F... | Nuevo Algoritmo para el Análisis Automático del Método Modificado de la Duplica...
micro,Area 2,Area2_M11,Area2_M11.json,C628,6,Optimizacion Condiciones Extracci... - Química de ALI...,Optimizacion Condiciones Extracci...,Optimizacion Condiciones Extracci... - Química de ALI...,Optimizacion Condiciones Extracci...,current_clean,short_long,1.0,0.0,Química de Alimentos,Optimización de Condiciones de Extracción y Elaboración de Películas A Partir d... | Desarrollo de Películas Activas A Partir de Proteínas de Piel de Tiburón | Optimización de las Condiciones de Extracción de Proteína de la Piel de Cazón (...
micro,Area 2,Area2_M11,Area2_M11.json,C660,6,Opuntia Ficus Indica - Química de Alimentos,Opuntia Ficus Indica - Química de...,Opuntia Ficus Indica - Química de Alimentos,Opuntia Ficus Indica - Química de...,current_clean,short_long,0.6667,0.0,Química de Alimentos,Estudio de Extraccion del Mucilago (Opuntia Ficus-indica) y SU Comportamiento R... | Encapsulación de Mucílago Proveniente de Opuntia Ficus Indica | Propiedades Reológicas en Disolución Acuosa del Mucílago Extraído de la Semilla...
micro,Area 2,Area2_M11,Area2_M11.json,C665,6,Efecto Fuente Carbono - Biología,Efecto Fuente Carbono - Biología,Efecto Fuente Carbono - Biología,Efecto Fuente Carbono - Biología,current_clean,,0.6667,0.0,Biología,Efectos de la Eritromicina Sobre el Crecimiento de Streptomyces Erytheus y Sobr... | Mecanismos de Regulación en la Produccion Eritromicina por Streptumyces Erithre... | Efecto de la Fuente de Carbono Sobre el Crecimiento y Produccion de Actividad X...
micro,Area 2,Area2_M11,Area2_M11.json,C671,6,Fagopyrum Esculentum - Biología,Fagopyrum Esculentum - Biología,Fagopyrum Esculentum - Biología,Fagopyrum Esculentum - Biología,current_clean,,0.8333,0.0,Biología,Mecanismos de Tolerancia AL Aluminio en la Planta Acumuladora Fagopyrum Esculen... | Efectos de Diferentes Concentraciones de Aluminio en la Fisiología de Plántulas... | Respuesta Fisiológica de Fagopyrum Esculentum Moench. AL Estrés por Aluminio
micro,Area 2,Area2_M11,Area2_M11.json,C676,6,Hptp1b1 400 - Química Farmacéutico Biológ...,Hptp1b1 400 - Química Farmacéutic...,Hptp1b1 400 - Química Farmacéutico Biológ...,Hptp1b1 400 - Química Farmacéutic...,current_clean,short_long,1.0,0.0,Química Farmacéutico Biológica,"Aislamiento, Elucidación Estructural y Caracterización del Efecto Inhibitorio S... | Aislamiento y Síntesis Parcial de Análogos de Duclauxina : Evidencias Teórico-e... | Isobenzofuranonas de Origen Fúngico Como Inhibidores de la Enzima Hptp1b1-400"
micro,Area 2,Area2_M11,Area2_M11.json,C698,5,Higado Hueso - Química Farmacéutico Biológ...,Higado Hueso - Química Farmacéuti...,Higado Hueso - Química Farmacéutico Biológ...,Higado Hueso - Química Farmacéuti...,current_clean,short_long,0.8,0.0,Química Farmacéutico Biológica,"Estudio Cinético de las Isozimas de la Fosfatasa Alcalina de Hígado y Hueso Hum... | Estudio Citoquimico de Algunas Enzimas del Higado Humano Normal y Patologico | Estudios Cineticos en las Iso-zimas de la Fosfatasa Alcalina, Presentes en Higa..."
micro,Area 2,Area2_M11,Area2_M11.json,C704,5,Macrobrachium Acanthurus - Biología,Macrobrachium Acanthurus - Biolog...,Macrobrachium Acanthurus - Biología,Macrobrachium Acanthurus - Biolog...,current_clean,short_long,0.6,0.0,Biología,"Evaluación de Dietas Sobre Respuestas Metabólicas en Postalarvas de Macrobrachi... | Evaluación de Tratamientos con Diferentes Porciones de Proteína, Lípidos y Carb... | Efecto de la Concentración de Lípidos y Carbohidratos Sobre el Crecimiento y la..."
micro,Area 2,Area2_M11,Area2_M11.json,C722,5,Mannheimia Haemolytica - Ciencias de la Produccion y....,Mannheimia Haemolytica - Ciencias...,Mannheimia Haemolytica - Ciencias de la Produccion y....,Mannheimia Haemolytica - Ciencias...,current_clean,short_long,0.8,0.0,Ciencias de la Produccion y de la Salud Animal,Estudio IN Vitro del Efecto de Lactoferrina en la Producción y Secreción de Pro... | Determinación y Caracterización de Proteasas de Secreción Acarreadas en Microve... | Interacción IN Vitro de Apo-lactoferrina Bovina con UNA Proteasa Producida por...
micro,Area 2,Area2_M11,Area2_M11.json,C750,5,Promotor Crecimiento Tilapia - Medicina Veterinaria y...,Promotor Crecimiento Tilapia - ME...,Promotor Crecimiento Tilapia - Medicina Veterinaria y...,Promotor Crecimiento Tilapia - Me...,current_clean,short_long,1.0,0.0,Medicina Veterinaria y Zootecnia,"Evaluación de la Bacitracina Como Promotor de Crecimiento en Tilapia Hibrida (O... | Evaluación de Bacitracina Zinc, Como Promotor de Crecimiento en Tilapia Hibrida... | Evuacion del Clenbuterol Como Promotor del Crecimiento en Tilapia Hibrida (Oreo..."
micro,Area 2,Area2_M12,Area2_M12.json,C99,1340,Lupus Eritematoso Sistemico - Reumatologia,Lupus Eritematoso Sistemico - REU...,Lupus Eritematoso Sistemico - Reumatologia,Lupus Eritematoso Sistemico - Reu...,current_clean,short_long,0.9701,0.0,Reumatologia,Calidad de Vida en Pacientes Pediátricos con Lupus Eritematoso Sistémico | Características Clínicas y de Laboratorio de Pacientes Pediátricos Mexicanos co... | Lupus Eritematoso
micro,Area 2,Area2_M12,Area2_M12.json,C192,42,Lupus Eritematoso - Ginecologia y Obstetricia,Lupus Eritematoso - Ginecologia y...,Lupus Eritematoso - Ginecologia y Obstetricia,Lupus Eritematoso - Ginecologia y...,current_clean,short_long,1.0,0.0,Ginecologia y Obstetricia,Lupus Eritematoso Sistemico y Embarazo | Lupus Eritematoso Sistemico y Embarazo : Revision Monografica | Resultado Perinatal de Lupus Eritematoso Sistemico y Embarazo
micro,Area 2,Area2_M12,Area2_M12.json,C464,10,Fiebre Reumatica - Cirujano Dentista,Fiebre Reumatica - Cirujano Denti...,Fiebre Reumatica - Cirujano Dentista,Fiebre Reumatica - Cirujano Denti...,current_clean,short_long,1.0,0.0,Cirujano Dentista,La Fiebre Reumatica y SU Prevencion Enfocada por el Cirujano Dentista | Tratamiento Farmacologico Profilactico del Paciente con Fiebre Reumatica en el... | La Atencion Dental del Paciente con Fiebre Reumatica y del Paciente en Tratamie...
micro,Area 2,Area2_M12,Area2_M12.json,C814,5,Artritis Reumatoide - Medico Cirujano,Artritis Reumatoide - Medico Ciru...,Artritis Reumatoide - Medico Cirujano,Artritis Reumatoide - Medico Ciru...,current_clean,short_long,0.8,0.0,Medico Cirujano,Valoracion de Nefropatia en Ninos con Artritis Reumatoide y Terapia Prolongada... | Las Dosis Elevadas de Salicilato de Sodio en el Reumatismo Articular Agudo | Efecto del Acido Acetil Salisilico Sore la Fibrinolisis en Pacientes con Artrit...
micro,Area 2,Area2_M12,Area2_M12.json,C826,5,Laser Radiacion Blanda - Reumatologia,Laser Radiacion Blanda - Reumatol...,Laser Radiacion Blanda - Reumatologia,Laser Radiacion Blanda - Reumatol...,current_clean,short_long,1.0,0.0,Reumatologia,"Laser : Radiacion ""Blanda"" en Artritis Reumatoide | Laserterapia en Pacientes con Artritis Reumatoide | Laser Radiacion ""Blanda"" en Artritis Reumatoide"
micro,Area 2,Area2_M13,Area2_M13.json,C2,11849,Parametros Reproductivos - Medicina Veterinaria y ZOO...,Parametros Reproductivos - Medici...,Parametros Reproductivos - Medicina Veterinaria y ZOO...,Parametros Reproductivos - Medici...,current_clean,short_long,0.8411,0.0,Medicina Veterinaria y Zootecnia,Índice Lactato | Correlacion Histopatologica Entre Biopsia de Endometrio por Canula y Legrado | Organización Administrativa de UNA Empresa Avicola Productora de Pollo de Engor...
micro,Area 2,Area2_M13,Area2_M13.json,C26,5303,Exploracion Sanitaria - Medicina Veterinaria y Zoot...,Exploracion Sanitaria - Medicina...,Exploracion Sanitaria - Medicina Veterinaria y Zoot...,Exploracion Sanitaria - Medicina...,current_clean,short_long,0.7809,0.0,Medicina Veterinaria y Zootecnia,Determinación de las Diferencias QUE Existen Entre los Principales Musculos del... | Aplicación de Periostio para Fracturas : Estudio Experimental en Ratas | Caninos Superiores Retenidos
micro,Area 2,Area2_M13,Area2_M13.json,C188,46,Contribucion Movimientos Economic... - Medicina Veter...,Contribucion Movimientos Economic...,Contribucion Movimientos Economic... - Medicina Veter...,Contribucion Movimientos Economic...,current_clean,short_long,1.0,0.0,Medicina Veterinaria y Zootecnia,Contribucion AL Estudio de los Movimientos Economicos de la Ganaderia en la Rep... | Contribucion AL Estudio de los Movimientos Economicos de la Ganaderia en la Rep... | Contribucion AL Estudio de los Movimientos Economicos de la Ganaderia en la Rep...
micro,Area 2,Area2_M13,Area2_M13.json,C194,41,Leche Vaca - Pediatría,Leche Vaca - Pediatría,Leche Vaca - Pediatría,Leche Vaca - Pediatría,current_clean,,1.0,0.0,Pediatría,Utilidad de las Diferentes Pruebas en el Diagnóstico de Alergia A las Proteínas... | Factores Perinatales Asociados AL Desarrollo de Alergia A las Proteinas de la L... | Métodos Diagnósticos de Alergia A la Proteína de la Leche de Vaca : Revisión Cu...
micro,Area 2,Area2_M13,Area2_M13.json,C235,27,Bovinos Productores Leche - Medicina Veterinaria y ZO...,Bovinos Productores Leche - Medic...,Bovinos Productores Leche - Medicina Veterinaria y ZO...,Bovinos Productores Leche - Medic...,current_clean,short_long,1.0,0.0,Medicina Veterinaria y Zootecnia,Panorama Actual de Algunos Aspectos Zootecnicos en Explotaciones de Bovinos Pro... | Evaluación Zootecnica de UNA Explotacion de Bovinos Productores de Leche | Evaluación Zootecnica de UNA Explotacion Intensiva de Bovinos Productores de Le...
micro,Area 2,Area2_M13,Area2_M13.json,C257,23,Laryngeus Bovinos Sacrificados - Medicina Veterinaria...,Laryngeus Bovinos Sacrificados -...,Laryngeus Bovinos Sacrificados - Medicina Veterinaria...,Laryngeus Bovinos Sacrificados -...,current_clean,short_long,1.0,0.0,Medicina Veterinaria y Zootecnia,Contribucion AL Estudio de la Incidencia y Distribucion de Mammomonogamus Laryn... | Contribucion AL Estudio de la Incidencia de Mammomonogamus Laryngeus en Bovinos... | Contribucion AL Estudio de la Incidencia de Mammononogamus Laryngeus en Bovinos...
micro,Area 2,Area2_M13,Area2_M13.json,C268,22,Ganaderia Nacional - Medicina Veterinaria y Zoot...,Ganaderia Nacional - Medicina VET...,Ganaderia Nacional - Medicina Veterinaria y Zoot...,Ganaderia Nacional - Medicina Vet...,current_clean,short_long,1.0,0.0,Medicina Veterinaria y Zootecnia,Comparacion Entre las Probables Velocidades de Incremento de la Ganaderia Nacio... | Comparacion Entre el Posible Incremento de la Ganaderia Nacional con las Ganade... | Comparacion Entre las Probables Velocidades de Incremento de la Ganaderia Nacio...
micro,Area 2,Area2_M13,Area2_M13.json,C282,20,Catedra Reproduccion Genetica - Medicina Veterinaria...,Catedra Reproduccion Genetica - M...,Catedra Reproduccion Genetica - Medicina Veterinaria....,Catedra Reproduccion Genetica - M...,current_clean,short_long,1.0,0.0,Medicina Veterinaria y Zootecnia,Catedra de Reproduccion y Genetica en Ovinos y Caprinos | Cátedra de Reproducción y Genética en Ovinos y Caprinos | Cátedra de Reproducción y Genética en Ovinos y Caprinos : Bloques de Melaza
micro,Area 2,Area2_M13,Area2_M13.json,C291,20,Caninos Incluidos - Cirujano Dentista,Caninos Incluidos - Cirujano Dent...,Caninos Incluidos - Cirujano Dentista,Caninos Incluidos - Cirujano Dent...,current_clean,short_long,0.95,0.0,Cirujano Dentista,Caninos Incluidos | Caninos Incluidos
micro,Area 2,Area2_M13,Area2_M13.json,C345,17,Quistes Maxilares - Cirujano Dentista,Quistes Maxilares - Cirujano Dent...,Quistes Maxilares - Cirujano Dentista,Quistes Maxilares - Cirujano Dent...,current_clean,short_long,0.5882,0.0,Cirujano Dentista,Quistes de los Maxilares | Quistes de los Maxilares | Quistes en los Maxilares
micro,Area 2,Area2_M13,Area2_M13.json,C450,10,Interactivo Multimedia - Medicina Veterinaria y Zoot....,Interactivo Multimedia - Medicina...,Interactivo Multimedia - Medicina Veterinaria y Zoot....,Interactivo Multimedia - Medicina...,current_clean,short_long,1.0,0.0,Medicina Veterinaria y Zootecnia,Cd-rom Interactivo Multimedia Como Apoyo AL Aprendizaje y Enseñanza de las Técn... | Disco Compacto (C.D.) Interactivo Multimedia Sobre Enfermedades Hemolíticas del... | Cd-rom Interactivo Multimedia Como Apoyo AL Aprendizaje y Enseñanza de las Prin...
micro,Area 2,Area2_M13,Area2_M13.json,C512,8,OSO Negro - Biología,OSO Negro - Biología,OSO Negro - Biología,OSO Negro - Biología,current_clean,,0.75,0.0,Biología,"Habitos Alimenticios del OSO Negro (Ursus Americanus) en la Sierra de SAN Luis... | Habitos Alimentarios del OSO Negro (Ursus Americanus) en la Sierra Picachos, Nu... | USO de Habitat del OSO Negro (Ursus Americanus) en la Sierra de SAN Luis Sonora..."
micro,Area 2,Area2_M13,Area2_M13.json,C562,7,Gusano Barrenador - Medicina Veterinaria y Zoot...,Gusano Barrenador - Medicina Vete...,Gusano Barrenador - Medicina Veterinaria y Zoot...,Gusano Barrenador - Medicina Vete...,current_clean,short_long,0.7143,0.0,Medicina Veterinaria y Zootecnia,Análisis Estadistico de la Eficacia de Dispersion de Moscas Esteriles del Gusan... | Descripción de la Situación Actual y Estrategias de Control para el Gusano Barr... | Incidencia de Gusano Barrenador (Cochliomyia Hominivorax) del Ganado en la Zona...
micro,Area 2,Area2_M13,Area2_M13.json,C606,6,FDG PET - Medicina Nuclear,FDG PET - Medicina Nuclear,FDG PET - Medicina Nuclear,FDG PET - Medicina Nuclear,current_clean,,1.0,0.0,Medicina Nuclear,Utilidad del 18f-fdg PET | Evaluación con 18f-fdg PET | El 18f-fdg-pet
micro,Area 2,Area2_M13,Area2_M13.json,C658,6,Thysanosoma Actinioides - Medicina Veterinaria y Zoot...,Thysanosoma Actinioides - Medicin...,Thysanosoma Actinioides - Medicina Veterinaria y Zoot...,Thysanosoma Actinioides - Medicin...,current_clean,short_long,1.0,0.0,Medicina Veterinaria y Zootecnia,Efectos Patologicos de Thysanosoma Actinioides y SU Incidencia Durante Invierno... | Accion Tenicida del Yomesan Sobre Thysanosoma Actinioides en Ovinos | Evaluación de las Tecnicas Coproparasitoscopicas para el Diagnostico de Thysano...
micro,Area 2,Area2_M13,Area2_M13.json,C685,6,Mamiferos Domesticos - Cirujano Dentista,Mamiferos Domesticos - Cirujano D...,Mamiferos Domesticos - Cirujano Dentista,Mamiferos Domesticos - Cirujano D...,current_clean,short_long,0.8333,0.0,Cirujano Dentista,"Comparacion Morfologica Entre Dientes Humanos y de Animales Vertebrados | Estudio Comparativo en la Embiologia, Histologia, Anatomía Morfologia y Fisiolo... | Reduccion de Dientes Caninos en Monos Rihesus (Macaca Mulatta)"
micro,Area 2,Area2_M13,Area2_M13.json,C703,5,Taquipnea Transitoria Recien - Pediatría Médica,Taquipnea Transitoria Recien - PE...,Taquipnea Transitoria Recien - Pediatría Médica,Taquipnea Transitoria Recien - Pe...,current_clean,short_long,1.0,0.0,Pediatría Médica,Efectos de la Furosemida en la Taquipnea Transitoria de el Recien Nacido | Taquipnea Transitoria del Recien Nacido | Efecto del Furosemide Sobre el Tiempo de Resolucion en la Taquipnea Transitoria...
micro,Area 2,Area2_M13,Area2_M13.json,C742,5,Articulacion Temporomandibular - Cirujano Dentista,Articulacion Temporomandibular -...,Articulacion Temporomandibular - Cirujano Dentista,Articulacion Temporomandibular -...,current_clean,short_long,1.0,0.0,Cirujano Dentista,"Influencia de la Musculatura Craneofacial en el Crecimiento Oseo | Cambios en el Tejido Muscular y Graso en Recien Nacidos de Pretermino, Termino... | Desarrollo Embriológico y Funcional de la Articulación Temporomandibular con En..."
micro,Area 2,Area2_M13,Area2_M13.json,C757,5,Imagen Nucleolar - Medico Cirujano,Imagen Nucleolar - Medico Cirujano,Imagen Nucleolar - Medico Cirujano,Imagen Nucleolar - Medico Cirujano,current_clean,,0.6,0.0,Medico Cirujano,Citologia e Imagen Nucleolar en los Derrames de las Serosas | Variaciones de la Disposicion Cromatica de los Nucleos de Varios Tejidos en Alg... | Imagen Nucleolar Linfocitaria y Otros Estudios Leucocitarios en la Helmintiasis
micro,Area 2,Area2_M13,Area2_M13.json,C898,5,Molar Seis Anos - Cirujano Dentista,Molar Seis Anos - Cirujano Dentis...,Molar Seis Anos - Cirujano Dentista,Molar Seis Anos - Cirujano Dentis...,current_clean,short_long,1.0,0.0,Cirujano Dentista,La Importancia del Molar de los Seis Anos | El Molar de los Seis Anos Como Pilar de la Oclusion | El Molar de los Seis Anos y SU Importancia en Odontología
micro,Area 2,Area2_M13,Area2_M13.json,C902,5,Sarcocystis SPP - Medicina Veterinaria y Zoot...,Sarcocystis SPP - Medicina Veteri...,Sarcocystis SPP - Medicina Veterinaria y Zoot...,Sarcocystis SPP - Medicina Veteri...,current_clean,short_long,1.0,0.0,Medicina Veterinaria y Zootecnia,"Frecuencia de Sarcocystis SPP. en Corazones de Bovinos | Frecuencia de Sarcocystis SPP. en Musculo Estriado de Corazon, Esofago y Diafra... | Frecuencia de Sarcocystis SPP. en Corazon Diafragma y Esofago de Cerdos Sacrifi..."
micro,Area 2,Area2_M14,Area2_M14.json,C72,2724,Consumo Alcohol - Psicología,Consumo Alcohol - Psicología,Consumo Alcohol - Psicología,Consumo Alcohol - Psicología,current_clean,,0.547,0.0,Psicología,Análisis de UNA Política del Desarrollo Regional Tabasqueno : Centros Integrado... | Reporte de UN Caso Atendido Bajo el Programa de Tratamiento Auto-cambio Dirigid... | La Familia del Farmacodependiente
micro,Area 2,Area2_M14,Area2_M14.json,C591,6,Hacia Condon - Psicología,Hacia Condon - Psicología,Hacia Condon - Psicología,Hacia Condon - Psicología,current_clean,,0.5,0.0,Psicología,Evaluación y Cambio de Actitud Hacia el USO del Condón en Jóvenes de Educación... | Análisis del Desarrollo de Transacciones Estresantes y Estrategias de Afrontami... | Actitudes y Creencias Sobre el USO del Condón Masculino en Jovenes Universitari...
micro,Area 2,Area2_M14,Area2_M14.json,C654,6,Diario Oficial - Química Farmacéutico Biológ...,Diario Oficial - Química Farmacéu...,Diario Oficial - Química Farmacéutico Biológ...,Diario Oficial - Química Farmacéu...,current_clean,short_long,1.0,0.0,Química Farmacéutico Biológica,Contribucion A la Identificacion de los Principios Activos de los Productos Far... | Contribucion A la Identificacion de los Principios Activos en los Productos Far... | Identificacion de los Principios Activos de Algunos de los Productos Farmaceuti...
micro,Area 2,Area2_M14,Area2_M14.json,C713,5,Prueba Frases Incompletas - Psicología,Prueba Frases Incompletas - Psico...,Prueba Frases Incompletas - Psicología,Prueba Frases Incompletas - Psico...,current_clean,short_long,1.0,0.0,Psicología,"Obtencion de la Confiabilidad de la Prueba de Frases Incompletas con Aplicacion... | Obtencion del Indice de Confiabilidad de la Prueba de Frases Incompletas con Ap... | Obtencion de las Normas de la Prueba de Frases Incompletas de Grados, Aplicada..."
micro,Area 2,Area2_M14,Area2_M14.json,C766,5,Cuantificacion Nitritos Nitratos - Química Farmacéuti...,Cuantificacion Nitritos Nitratos...,Cuantificacion Nitritos Nitratos - Química Farmacéuti...,Cuantificacion Nitritos Nitratos...,current_clean,short_long,0.6,0.0,Química Farmacéutico Biológica,Cuantificacion de Nitritos y Nitratos en Algunos de los Embutidos QUE SE Consum... | Estudio de la Fijación de Nitrógeno en Bebidas y Alimentos Mexicanos | Balance Nitrogenado en Dietas Mexicanas Tipo en Individuos Sanos y Enfermos
micro,Area 2,Area2_M14,Area2_M14.json,C816,5,Municipio Candela - Medico Cirujano,Municipio Candela - Medico Ciruja...,Municipio Candela - Medico Cirujano,Municipio Candela - Medico Ciruja...,current_clean,short_long,1.0,0.0,Medico Cirujano,"Exploracion Sanitaria del Municipio de Candela, Estado de Coahuila | Informe General Sobre la Exploracion Sanitaria del Municipio de Candela, EDO. d... | Estudio Medico y Social Sobre el Municipio de Candela, Coah"
micro,Area 2,Area2_M14,Area2_M14.json,C903,5,Promocion Competencias Socioemoci... - Psicología,Promocion Competencias Socioemoci...,Promocion Competencias Socioemoci... - Psicología,Promocion Competencias Socioemoci...,current_clean,short_long,0.8,0.0,Psicología,Estudio Sobre el TE | Promoción de Competencias Socioemocionales en UN Alumno QUE Enfrenta Barreras p... | El TE Desde el Punto de Vista Bromatologico
